query_id	true_label	pred_label	predicted_family	judge_score
5004	194	194	cluster_194	0.9978393800646452
5021	203	203	cluster_203	0.9971159377963901
5061	193	193	cluster_193	0.9981305036690065
5277	191	191	cluster_191	0.9981534160315485
A0A022FQ66	2	2	cluster_2	0.9999898687367784
A0A022PJQ7	2	2	cluster_2	0.9999786100465752
A0A023UEJ4	165	165	cluster_165	0.9996627937950019
A0A024L1D8	2	2	cluster_2	0.9999901320682643
A0A024QGA6	131	131	cluster_131	0.9999782707076886
A0A031LKV0	181	181	cluster_181	0.9999988160631642
A0A037Y2Z6	101	101	cluster_101	0.9999891766902415
A0A059FD34	74	74	cluster_74	0.9999980640607913
A0A060QSC4	12	12	cluster_12	0.9999944148715961
A0A060UYH7	74	74	cluster_74	0.9999980778509171
A0A060V0H9	74	74	cluster_74	0.9999983586777653
A0A061FDP0	0	0	cluster_0	0.9999988543537495
A0A061JKK5	128	128	cluster_128	0.9995544330768479
A0A061JKM6	72	72	cluster_72	0.9999286783900546
A0A061K8L9	181	181	cluster_181	0.9999992563476704
A0A061NAH7	10	10	cluster_10	0.9999413649618668
A0A066TD26	3	3	cluster_3	0.9999825295749306
A0A068XU97	5	5	cluster_5	0.999998990360395
A0A071M9Y6	3	3	cluster_3	0.9999843446148416
A0A072NT49	4	4	cluster_4	0.9999994088968228
A0A074V975	6	6	cluster_6	0.9999990068936836
A0A075G9T6	4	4	cluster_4	0.9999987064967477
A0A075HDM8	0	0	cluster_0	0.9999991286841456
A0A075KJR3	0	0	cluster_0	0.9999985972400609
A0A075MD29	2	2	cluster_2	0.9999534851546291
A0A075UZM1	197	197	cluster_197	0.9999987057419661
A0A076H4T2	0	0	cluster_0	0.9999990125588183
A0A076HTW2	0	0	cluster_0	0.9999991478851475
A0A076LMU3	35	35	cluster_35	0.9999758581309371
A0A077LMF9	66	66	cluster_66	0.9996894291993897
A0A077M123	0	0	cluster_0	0.9999990797597615
A0A077P3P9	8	8	cluster_8	0.9999950906997639
A0A077PJ20	182	182	cluster_182	0.999997255691267
A0A077PJP8	6	6	cluster_6	0.99999925650455
A0A077XSF1	6	6	cluster_6	0.9999990607593643
A0A080M5T3	10	10	cluster_10	0.9999490871745311
A0A081L7U3	181	181	cluster_181	0.9999992874231924
A0A081R364	32	32	cluster_32	0.9999687502469182
A0A084XW58	10	10	cluster_10	0.9999515042566737
A0A085A7R8	2	2	cluster_2	0.9999905382341888
A0A085FYV1	123	123	cluster_123	0.9999938041708937
A0A085WQN3	0	0	cluster_0	0.9999989797853436
A0A085ZJZ9	181	181	cluster_181	0.9999993579494878
A0A086AAF2	0	0	cluster_0	0.9999991459995766
A0A086AUP6	181	181	cluster_181	0.999999313830242
A0A086TMN3	2	2	cluster_2	0.9999900912514171
A0A087DU63	192	192	cluster_192	0.9999720201755035
A0A088F1Q9	8	8	cluster_8	0.9999820063176917
A0A088FMV2	2	2	cluster_2	0.9999888057566594
A0A089JW37	0	0	cluster_0	0.9999992197607003
A0A089K5E1	0	0	cluster_0	0.999999114020002
A0A089PL63	4	4	cluster_4	0.9999983534922392
A0A090EBH1	6	6	cluster_6	0.9999989581979964
A0A090FIW3	181	181	cluster_181	0.99999923359585
A0A090R008	101	101	cluster_101	0.9999825924649617
A0A090Z3E4	175	175	cluster_175	0.9999987627019026
A0A091CB71	131	131	cluster_131	0.9999774820979808
A0A091UP68	4	4	cluster_4	0.9999993379495908
A0A093RSA7	192	192	cluster_192	0.9999739625034717
A0A094L0U5	192	192	cluster_192	0.9999761251874133
A0A094WH89	6	6	cluster_6	0.9999987677730755
A0A096AXJ0	69	69	cluster_69	0.9999824364643926
A0A096C4V4	4	4	cluster_4	0.9999994690995336
A0A097AQP5	0	0	cluster_0	0.9999991618730727
A0A098AYR1	0	0	cluster_0	0.9999991045275584
A0A099KKJ8	74	74	cluster_74	0.9999981378702104
A0A099P9D6	181	181	cluster_181	0.9999990588349162
A0A099WDU6	10	10	cluster_10	0.9999573304153412
A0A099WPG8	88	88	cluster_88	0.9999735857325628
A0A099ZF20	181	181	cluster_181	0.9999990016204856
A0A0A0AR11	181	181	cluster_181	0.9999990993546759
A0A0A0DCP1	35	35	cluster_35	0.9999776167175318
A0A0A0QVC5	123	123	cluster_123	0.999992536444028
A0A0A0UU49	88	88	cluster_88	0.9995373151424882
A0A0A2EC71	0	0	cluster_0	0.9999990815975942
A0A0A2GC59	6	6	cluster_6	0.9999991967728744
A0A0A2UY57	0	0	cluster_0	0.9999991434830042
A0A0A2WXT2	0	0	cluster_0	0.9999991242287776
A0A0A5GA11	8	8	cluster_8	0.9999950670905627
A0A0A8E5Z3	7	7	cluster_7	0.9999979716242635
A0A0A8ECR9	197	197	cluster_197	0.9999988152835644
A0A0A8ERN0	5	5	cluster_5	0.9999985308790613
A0A0A8VG70	2	2	cluster_2	0.9999907550520579
A0A0B1BAN6	126	126	cluster_126	0.9997624619787089
A0A0B3AHQ9	0	0	cluster_0	0.9999991080769296
A0A0B3W1I8	17	17	cluster_17	0.9999928305925999
A0A0B5EMS7	0	0	cluster_0	0.999999126053619
A0A0B5I6N9	181	181	cluster_181	0.9999993277827457
A0A0B5KHN4	0	0	cluster_0	0.9999989389069733
A0A0B7H6B7	0	0	cluster_0	0.9999991123974341
A0A0C1D7Z4	181	181	cluster_181	0.9999993319234945
A0A0C1H6K8	0	0	cluster_0	0.9999992451350181
A0A0C1LZT9	131	131	cluster_131	0.9999741569743618
A0A0C1U6Y8	175	175	cluster_175	0.9999984419335428
A0A0C2XB47	181	181	cluster_181	0.9999991776833433
A0A0C3E4H7	192	192	cluster_192	0.9999758931560759
A0A0C3HTZ0	89	89	cluster_89	0.9999992089315414
A0A0C3MC11	6	6	cluster_6	0.999998997394064
A0A0C5H2W7	2	2	cluster_2	0.999986201560123
A0A0C5XPN5	2	2	cluster_2	0.9999815752774732
A0A0C6EG58	131	131	cluster_131	0.999979458699222
A0A0C7MUR0	181	181	cluster_181	0.9999986742179654
A0A0C7P103	0	0	cluster_0	0.9999990853282623
A0A0D0ETF2	6	6	cluster_6	0.9999990506846567
A0A0D0FXU7	6	6	cluster_6	0.999998752084622
A0A0D0IW64	196	196	cluster_196	0.9999959704677766
A0A0D0WRH1	181	181	cluster_181	0.9999993645608182
A0A0D3K3H9	4	4	cluster_4	0.9999992203588431
A0A0D3LA01	0	0	cluster_0	0.9999991097851226
A0A0D5CKF3	181	181	cluster_181	0.9999992254482151
A0A0D5XR64	89	89	cluster_89	0.9999992045673901
A0A0D6DWU9	131	131	cluster_131	0.9999780151561106
A0A0D6XRM7	5	5	cluster_5	0.9999988801879024
A0A0D7W0Y3	0	0	cluster_0	0.9999990566350274
A0A0D8LBA6	2	2	cluster_2	0.9999908281059112
A0A0D8ZSQ7	12	12	cluster_12	0.9999941956227271
A0A0E0UT28	97	97	cluster_97	0.9999063625134846
A0A0E0UVH5	15	15	cluster_15	0.9994360630324927
A0A0E0UW46	177	177	cluster_177	0.9995283005509874
A0A0E0UY76	181	181	cluster_181	0.9999993307490411
A0A0E0UYK7	181	181	cluster_181	0.999999359996418
A0A0E0XWM1	6	6	cluster_6	0.9999991124090026
A0A0E1NKP5	12	12	cluster_12	0.9999940477049188
A0A0E2AWD3	6	6	cluster_6	0.9999981719869958
A0A0E2HUQ3	12	12	cluster_12	0.9999934683415906
A0A0E2Q264	187	187	cluster_187	0.999988455274601
A0A0E2Z4Q9	6	6	cluster_6	0.9999990483909819
A0A0E3K7D2	183	183	cluster_183	0.9999986962394665
A0A0E3KIA9	12	12	cluster_12	0.9999939118260615
A0A0E3PW44	0	0	cluster_0	0.9999992319728402
A0A0E3QX18	0	0	cluster_0	0.9999992277649367
A0A0E3S4J9	0	0	cluster_0	0.9999992345216886
A0A0F0DN23	5	5	cluster_5	0.9999980623715697
A0A0F1AW96	89	89	cluster_89	0.9999991936111045
A0A0F2JC73	0	0	cluster_0	0.9999991283427689
A0A0F2L6M4	10	10	cluster_10	0.9999399173808886
A0A0F2NHV6	74	74	cluster_74	0.9999951361582613
A0A0F3IMY4	101	101	cluster_101	0.9999867379054608
A0A0F3QCL8	0	0	cluster_0	0.999999286087934
A0A0F4LRR3	0	0	cluster_0	0.9999990582315536
A0A0F5EY39	6	6	cluster_6	0.9999990039693123
A0A0F5FQJ7	0	0	cluster_0	0.9999991176042228
A0A0F5YLB7	181	181	cluster_181	0.9999991776484275
A0A0F6AJ29	0	0	cluster_0	0.9999989339439361
A0A0F6B0V6	3	3	cluster_3	0.9999836626015528
A0A0F6MNM7	131	131	cluster_131	0.9999772661603483
A0A0F6MV49	4	4	cluster_4	0.9999994828089979
A0A0F6W0P6	5	5	cluster_5	0.9999988988495674
A0A0F7CQ77	181	181	cluster_181	0.9999993633848092
A0A0F7HJY6	0	0	cluster_0	0.9999990315371599
A0A0F7JE63	101	101	cluster_101	0.9999885408605556
A0A0F8DCR5	0	0	cluster_0	0.9999992653329459
A0A0F8UDL9	0	0	cluster_0	0.9999992604849424
A0A0F8W1N2	127	127	cluster_127	0.9999981946167196
A0A0F8WC35	197	197	cluster_197	0.9999986438260888
A0A0F8YC37	17	17	cluster_17	0.9999651516614856
A0A0F9AHB9	17	17	cluster_17	0.9999920399780811
A0A0F9AQS0	7	7	cluster_7	0.9999977791475202
A0A0F9C2J6	197	197	cluster_197	0.999998660503529
A0A0F9CIJ6	6	6	cluster_6	0.9999987286805603
A0A0F9DWZ7	17	17	cluster_17	0.999991342453621
A0A0F9EMJ1	197	197	cluster_197	0.9999987122956155
A0A0F9ETL9	14	14	cluster_14	0.9999983950958884
A0A0F9F1U2	197	197	cluster_197	0.9999985247404107
A0A0F9LXL1	197	197	cluster_197	0.999998398374205
A0A0F9NFV1	197	197	cluster_197	0.9999984945196029
A0A0F9NKV7	197	197	cluster_197	0.9999985436403538
A0A0F9Q6A3	4	4	cluster_4	0.9999994429636171
A0A0F9RAN6	17	17	cluster_17	0.9998724464421399
A0A0F9RAV8	6	6	cluster_6	0.9999991972619287
A0A0F9RWS4	17	17	cluster_17	0.9999925769307478
A0A0F9RZA9	196	196	cluster_196	0.999997622216999
A0A0F9SBM5	196	196	cluster_196	0.9999976670838475
A0A0F9T152	197	197	cluster_197	0.9999984836539544
A0A0F9T9R9	197	197	cluster_197	0.9999979201350484
A0A0F9UEM3	181	181	cluster_181	0.9999993274981109
A0A0F9UZD9	181	181	cluster_181	0.9999934760086381
A0A0F9XR49	192	192	cluster_192	0.9999644267271475
A0A0G0AQP7	4	4	cluster_4	0.999999266621094
A0A0G0HCE9	4	4	cluster_4	0.9999992425999221
A0A0G0MI32	181	181	cluster_181	0.9999992860473564
A0A0G0PSR2	0	0	cluster_0	0.999999080343746
A0A0G0PTH8	196	196	cluster_196	0.9999954523017289
A0A0G0TNE4	4	4	cluster_4	0.9999992284063847
A0A0G0WAD7	0	0	cluster_0	0.9999989170680271
A0A0G1VAR5	202	202	cluster_202	0.99998800361597
A0A0G2K831	181	181	cluster_181	0.999999175073598
A0A0G3GW64	4	4	cluster_4	0.9999994392037276
A0A0G3M711	6	6	cluster_6	0.9999990338081748
A0A0G3WH58	10	10	cluster_10	0.9999272786265512
A0A0G4LZI3	4	4	cluster_4	0.9999988439928041
A0A0G4P7U7	181	181	cluster_181	0.9999988813256075
A0A0H1R0N1	0	0	cluster_0	0.9999991954302375
A0A0H1WCG7	145	145	cluster_145	0.999994700292115
A0A0H2SMB7	0	0	cluster_0	0.9999989808125385
A0A0H2UV12	168	168	cluster_168	0.9997115455574045
A0A0H2XJF5	123	123	cluster_123	0.9999926028486248
A0A0H2Z5B8	0	0	cluster_0	0.9999992284259147
A0A0H3CCB1	74	74	cluster_74	0.9999978287586083
A0A0H3CVI7	0	0	cluster_0	0.9999990653843673
A0A0H3FJB2	2	2	cluster_2	0.9999889282856251
A0A0H3JFM6	3	3	cluster_3	0.999984721929432
A0A0H3NHP7	182	182	cluster_182	0.9999973430814844
A0A0H3ZUM5	101	101	cluster_101	0.9999878965254255
A0A0J0YTE9	8	8	cluster_8	0.9999957811552443
A0A0J1BZR6	0	0	cluster_0	0.9999990680464149
A0A0J4IIG3	77	77	cluster_77	0.9999912524688673
A0A0J5FWW0	101	101	cluster_101	0.999987996914364
A0A0J5IU09	6	6	cluster_6	0.9999991511531376
A0A0J5IU53	36	36	cluster_36	0.9984896628078012
A0A0J5P1Y4	6	6	cluster_6	0.9999987526251864
A0A0J6E3P8	8	8	cluster_8	0.9999951870812772
A0A0J6ESB5	10	10	cluster_10	0.9999500161893978
A0A0J8GT29	6	6	cluster_6	0.9999991002581015
A0A0J8VKV5	123	123	cluster_123	0.9999926479543781
A0A0J9FJ14	181	181	cluster_181	0.9999993449602657
A0A0K1FK66	4	4	cluster_4	0.999999364857471
A0A0K1SKI8	181	181	cluster_181	0.999998758754295
A0A0K1UGF5	89	89	cluster_89	0.9999992408941334
A0A0K2CSF0	123	123	cluster_123	0.9999937869040864
A0A0K2JCM2	0	0	cluster_0	0.9999984853365103
A0A0K4SA34	2	2	cluster_2	0.9999896319852831
A0A0K9YU99	181	181	cluster_181	0.9999992838116338
A0A0L0AWP9	192	192	cluster_192	0.9999775235018606
A0A0L6JM76	181	181	cluster_181	0.9999993542484118
A0A0L6JTM2	0	0	cluster_0	0.9999986613775695
A0A0L7Z181	192	192	cluster_192	0.9999763155155422
A0A0L8VVC2	181	181	cluster_181	0.9999990338109939
A0A0M1JI45	10	10	cluster_10	0.9999421957747127
A0A0M2KB22	123	123	cluster_123	0.9999915284230619
A0A0M2LTT0	4	4	cluster_4	0.9999994222338938
A0A0M2SI15	0	0	cluster_0	0.9999990772824187
A0A0M2VJJ9	6	6	cluster_6	0.9999990769358237
A0A0M3AV27	4	4	cluster_4	0.9999994298657953
A0A0M4LGY3	0	0	cluster_0	0.9999992642514779
A0A0M8PX65	0	0	cluster_0	0.999998477709236
A0A0M8SU46	0	0	cluster_0	0.9999991397521395
A0A0N0E893	5	5	cluster_5	0.9999989632673011
A0A0N0GE38	0	0	cluster_0	0.9999992043890011
A0A0N1BJ23	0	0	cluster_0	0.999999252426018
A0A0N1MT78	74	74	cluster_74	0.9999977069964151
A0A0N5CK15	5	5	cluster_5	0.9999989724692027
A0A0N7MNF7	181	181	cluster_181	0.9999989335629025
A0A0N9WNT5	74	74	cluster_74	0.9999980403145906
A0A0P0NW10	4	4	cluster_4	0.9999994257291376
A0A0P0SIP2	0	0	cluster_0	0.9999990309857609
A0A0P1F7Z2	0	0	cluster_0	0.9999991225467003
A0A0P7DUX0	5	5	cluster_5	0.9999979613998423
A0A0P7Y0W5	74	74	cluster_74	0.9999980853854105
A0A0P8KB23	0	0	cluster_0	0.9999992404152379
A0A0P9CBZ5	0	0	cluster_0	0.9999990957732071
A0A0P9FRG7	0	0	cluster_0	0.999999143635061
A0A0P9LNQ5	0	0	cluster_0	0.9999992102576325
A0A0Q0VTU5	4	4	cluster_4	0.9999986385468599
A0A0Q1HTA6	4	4	cluster_4	0.9999994435230363
A0A0Q2Y1H1	6	6	cluster_6	0.9999991590734079
A0A0Q4G265	74	74	cluster_74	0.9999975593387205
A0A0Q4IKH9	2	2	cluster_2	0.9999857440060927
A0A0Q4IMH8	74	74	cluster_74	0.9999976896694832
A0A0Q4QPZ9	0	0	cluster_0	0.9999990848105562
A0A0Q4RLX9	181	181	cluster_181	0.9999991706044393
A0A0Q4U8Z6	0	0	cluster_0	0.999999072193096
A0A0Q5TPT2	0	0	cluster_0	0.9999991477141229
A0A0Q6T6X2	5	5	cluster_5	0.9999989490998481
A0A0Q7GIB9	0	0	cluster_0	0.999999309164434
A0A0Q7IKP4	182	182	cluster_182	0.9999963142067443
A0A0Q7UW68	0	0	cluster_0	0.9999991313329794
A0A0Q8CTT3	5	5	cluster_5	0.9999990394927527
A0A0Q8J9F8	181	181	cluster_181	0.9999993382377422
A0A0Q8PK38	17	17	cluster_17	0.999992257739215
A0A0Q8ZQU0	197	197	cluster_197	0.9999987138592726
A0A0Q9K4U4	0	0	cluster_0	0.9999988997757937
A0A0Q9L7H0	4	4	cluster_4	0.9999994359442246
A0A0Q9S1R8	0	0	cluster_0	0.9999989022559712
A0A0R0AZ31	7	7	cluster_7	0.9999982002399654
A0A0R1ERC2	131	131	cluster_131	0.9999742337386954
A0A0R1MAP6	0	0	cluster_0	0.9999990604069438
A0A0R1QRV3	181	181	cluster_181	0.9999991303428639
A0A0R1SCG7	0	0	cluster_0	0.9999991804953013
A0A0R1WBN8	131	131	cluster_131	0.9999765242621305
A0A0R2B0H2	181	181	cluster_181	0.999999162954624
A0A0R2B3V3	0	0	cluster_0	0.999999154234538
A0A0R2BIA5	175	175	cluster_175	0.9999983415099655
A0A0R2BT53	88	88	cluster_88	0.9999661697298196
A0A0R2CF16	12	12	cluster_12	0.9999941039705044
A0A0R2FL22	175	175	cluster_175	0.9999982387506006
A0A0R2FV42	88	88	cluster_88	0.9999628404400686
A0A0R2I6L3	187	187	cluster_187	0.9999867877353598
A0A0R2LRF1	4	4	cluster_4	0.9999994487856222
A0A0R2NNE2	0	0	cluster_0	0.9999990905911577
A0A0R2ZXH4	0	0	cluster_0	0.9999990894343249
A0A0R3LMC4	0	0	cluster_0	0.999998783698952
A0A0R3WBI4	0	0	cluster_0	0.9999988988462005
A0A0S6TY66	5	5	cluster_5	0.9999988087848831
A0A0S7ZER4	196	196	cluster_196	0.9999977869838421
A0A0S8HPU2	0	0	cluster_0	0.999999101369113
A0A0S8IH39	0	0	cluster_0	0.9999992270135103
A0A0T6BWL9	10	10	cluster_10	0.9999409995796321
A0A0T6TWZ1	4	4	cluster_4	0.9999994554081607
A0A0T8U657	145	145	cluster_145	0.9999938376663015
A0A0U0XGR3	0	0	cluster_0	0.9999991003637132
A0A0U3FPI9	183	183	cluster_183	0.9999985437453721
A0A0U3FU83	10	10	cluster_10	0.9999607252830235
A0A0U3P3P4	187	187	cluster_187	0.9999868763881036
A0A0U3PWS2	4	4	cluster_4	0.999999452144921
A0A0U4CTS4	0	0	cluster_0	0.9999991296113604
A0A0U5E0X7	2	2	cluster_2	0.9999880949845583
A0A0U5JCJ5	4	4	cluster_4	0.9999991309255764
A0A0U5JS89	5	5	cluster_5	0.9999989514914807
A0A0V0JC76	0	0	cluster_0	0.9999989892963114
A0A0W0SUP1	6	6	cluster_6	0.9999991712282067
A0A0W0U2S0	0	0	cluster_0	0.9999988517641021
A0A0W0UL45	0	0	cluster_0	0.9999989227501468
A0A0W0Y7B1	6	6	cluster_6	0.9999991299416644
A0A0W0YLA8	192	192	cluster_192	0.9999764584627843
A0A0W1A5A1	0	0	cluster_0	0.999998825462048
A0A0W1DGP0	103	103	cluster_103	0.9999956094729894
A0A0W1FAV9	0	0	cluster_0	0.9999974914566808
A0A0X3W124	5	5	cluster_5	0.9999984693083139
A0A0X4EW64	182	182	cluster_182	0.9999971307992908
A0A0X8VB38	21	21	cluster_21	0.999945242633496
A0A0X8VCV4	21	21	cluster_21	0.9999493670820204
A0A0Z8H928	145	145	cluster_145	0.9999938585754854
A0A0Z8V8E1	4	4	cluster_4	0.9999994464696487
A0A101FKK0	4	4	cluster_4	0.999999404498018
A0A101VWW1	0	0	cluster_0	0.9999990593907758
A0A101XGX5	0	0	cluster_0	0.9999989039288147
A0A101XLL2	0	0	cluster_0	0.9999990039192038
A0A103Y532	5	5	cluster_5	0.9999988456876134
A0A109QJ75	175	175	cluster_175	0.999998769265729
A0A117M7I7	0	0	cluster_0	0.999998857792879
A0A120BE14	0	0	cluster_0	0.9999992098007953
A0A120DAC5	74	74	cluster_74	0.999998004354183
A0A120M0K1	181	181	cluster_181	0.9999992490374876
A0A124IG39	131	131	cluster_131	0.9999783568685117
A0A125DME0	196	196	cluster_196	0.9999973900262923
A0A126R9X6	103	103	cluster_103	0.9999950423823947
A0A126ZAY1	7	7	cluster_7	0.9999981222852175
A0A127VIK4	0	0	cluster_0	0.9999991360099001
A0A132EEN6	74	74	cluster_74	0.9999978433640423
A0A133L5A5	4	4	cluster_4	0.9999993796845532
A0A133NFH4	4	4	cluster_4	0.9999994484652883
A0A133VFN5	4	4	cluster_4	0.9999990887447655
A0A134A2N4	4	4	cluster_4	0.9999994234727696
A0A134AEI2	131	131	cluster_131	0.9999769462281562
A0A136M114	181	181	cluster_181	0.9999992784877435
A0A136Q4J0	181	181	cluster_181	0.9999992456253866
A0A136WG86	21	21	cluster_21	0.9999107560686661
A0A137SQ48	6	6	cluster_6	0.999999215396603
A0A139CIC0	4	4	cluster_4	0.9999989608794346
A0A139N676	145	145	cluster_145	0.9999940424534727
A0A139N961	0	0	cluster_0	0.9999991786026811
A0A139P1M4	58	58	cluster_58	0.9993939737989592
A0A139QDZ9	187	187	cluster_187	0.9999875237583009
A0A139R393	145	145	cluster_145	0.9999942912852068
A0A142Y7P6	0	0	cluster_0	0.9999990339210004
A0A142Y9S1	0	0	cluster_0	0.9999990719833708
A0A143CBR9	127	127	cluster_127	0.9999983375347055
A0A143HAB6	131	131	cluster_131	0.999973905979661
A0A143X725	192	192	cluster_192	0.9999657547734802
A0A143YQ43	187	187	cluster_187	0.9999881160633056
A0A143YVB8	187	187	cluster_187	0.9999884803133858
A0A147JWS3	181	181	cluster_181	0.9999990166239854
A0A149V1L2	0	0	cluster_0	0.999999303507947
A0A149ZRP9	4	4	cluster_4	0.9999994323279596
A0A150J123	0	0	cluster_0	0.9999990894933438
A0A150LZM1	0	0	cluster_0	0.9999991275455431
A0A150M5G9	175	175	cluster_175	0.9999987543004786
A0A150PQ86	181	181	cluster_181	0.9999994129753214
A0A150W206	181	181	cluster_181	0.9999993232152495
A0A150XQF2	5	5	cluster_5	0.999998940338743
A0A151A5X9	74	74	cluster_74	0.9999977351820153
A0A151EQV0	0	0	cluster_0	0.999998940232945
A0A151F9T7	181	181	cluster_181	0.999999057822001
A0A154W8E2	0	0	cluster_0	0.9999993169295333
A0A157ZM07	2	2	cluster_2	0.9999889062500571
A0A158E846	2	2	cluster_2	0.9999897376834741
A0A158K434	2	2	cluster_2	0.9999882692659634
A0A158KKV3	181	181	cluster_181	0.9999992664420835
A0A160IIY0	0	0	cluster_0	0.9999991499137727
A0A160LKL7	188	188	cluster_188	0.9999680813021464
A0A160P8M8	181	181	cluster_181	0.9999993489643744
A0A162A316	181	181	cluster_181	0.9999992853673549
A0A162J7X2	10	10	cluster_10	0.9999273418799802
A0A162KRJ4	4	4	cluster_4	0.999999420553769
A0A163G4C6	0	0	cluster_0	0.999999251463198
A0A164HW10	197	197	cluster_197	0.9999987392940957
A0A164LDK9	0	0	cluster_0	0.9999986557531455
A0A164P6K4	0	0	cluster_0	0.9999986503303109
A0A165YJ41	0	0	cluster_0	0.999999117986632
A0A166S7D1	0	0	cluster_0	0.9999989538469691
A0A168NV23	0	0	cluster_0	0.9999992608153255
A0A172YI12	0	0	cluster_0	0.9999989686258769
A0A173LR23	181	181	cluster_181	0.999999226221821
A0A173V1H0	131	131	cluster_131	0.9999800517458706
A0A174G083	12	12	cluster_12	0.9999893618056428
A0A174GF35	5	5	cluster_5	0.9999989680637047
A0A174PEE4	131	131	cluster_131	0.9999775631105556
A0A174U9J5	131	131	cluster_131	0.9999786928265078
A0A174YSQ4	131	131	cluster_131	0.9999775159083432
A0A176RW35	74	74	cluster_74	0.9999980870775955
A0A176YTA3	0	0	cluster_0	0.9999987724120796
A0A177MZK8	0	0	cluster_0	0.9999991039731475
A0A177Q209	0	0	cluster_0	0.9999990560609304
A0A178M4R4	5	5	cluster_5	0.9999989451770752
A0A179C6T0	131	131	cluster_131	0.9999772555385414
A0A182FT06	181	181	cluster_181	0.9999993813968878
A0A192THX4	74	74	cluster_74	0.9999980429785725
A0A193LJL4	0	0	cluster_0	0.9999984614872368
A0A194QCK1	4	4	cluster_4	0.9999988075493254
A0A194XUH0	181	181	cluster_181	0.9999989690459096
A0A197ZZQ4	0	0	cluster_0	0.9999991396806888
A0A1A0QYA8	74	74	cluster_74	0.9999979840360191
A0A1A2L641	0	0	cluster_0	0.9999986463822206
A0A1A3GW59	197	197	cluster_197	0.9999985578133137
A0A1A6AXE0	5	5	cluster_5	0.999998929538339
A0A1A6TMK4	3	3	cluster_3	0.9999468703928288
A0A1A7P9K2	6	6	cluster_6	0.9999989109103113
A0A1A8ZFP0	181	181	cluster_181	0.9999993742028302
A0A1A9A7J9	181	181	cluster_181	0.9999992533561003
A0A1A9RHS4	6	6	cluster_6	0.9999989392550658
A0A1B1LR26	77	77	cluster_77	0.9999907269267817
A0A1B1Y7K9	6	6	cluster_6	0.9999990585879571
A0A1B2HGV0	181	181	cluster_181	0.9999993723530389
A0A1B2J064	4	4	cluster_4	0.9999993993029122
A0A1B2LYZ6	22	22	cluster_22	0.9999943806528768
A0A1B3JH68	6	6	cluster_6	0.9999991126273998
A0A1B3MUQ6	182	182	cluster_182	0.9999971421191916
A0A1B4XJ35	74	74	cluster_74	0.9999980468428603
A0A1B4XR51	0	0	cluster_0	0.9999990613089017
A0A1B7JBR3	181	181	cluster_181	0.9999992109499274
A0A1B7VHR6	6	6	cluster_6	0.999999188280413
A0A1B8QDX4	7	7	cluster_7	0.9999979531779521
A0A1B8UY59	0	0	cluster_0	0.9999988044909661
A0A1B8X306	0	0	cluster_0	0.9999993156856808
A0A1B9C076	10	10	cluster_10	0.9999286367822909
A0A1B9DSX8	0	0	cluster_0	0.9999991304235071
A0A1B9E2E2	0	0	cluster_0	0.9999993018142107
A0A1B9EPD5	0	0	cluster_0	0.9999991268896622
A0A1B9ESM3	0	0	cluster_0	0.9999991889324084
A0A1B9JSK2	3	3	cluster_3	0.9999828830505686
A0A1B9K1D4	3	3	cluster_3	0.9999838725959146
A0A1B9K570	3	3	cluster_3	0.9999827108013879
A0A1B9KS85	3	3	cluster_3	0.9999837363611458
A0A1B9L1J3	3	3	cluster_3	0.9999831441977721
A0A1B9L2V1	3	3	cluster_3	0.9999832038891219
A0A1B9LHQ7	3	3	cluster_3	0.9999830608831511
A0A1B9MY75	6	6	cluster_6	0.9999989172036312
A0A1C0YMM9	181	181	cluster_181	0.9999991232568861
A0A1C3JCC1	0	0	cluster_0	0.9999983673457796
A0A1C3NJG3	0	0	cluster_0	0.9999990204783933
A0A1C3RF79	181	181	cluster_181	0.9999991308491465
A0A1C3TKG8	181	181	cluster_181	0.9999992877958143
A0A1C4F3C2	0	0	cluster_0	0.9999991366911961
A0A1C4F401	0	0	cluster_0	0.9999992801545331
A0A1C4MX46	197	197	cluster_197	0.9999980696073701
A0A1C5I9Z1	181	181	cluster_181	0.9999993837914622
A0A1C5JD09	5	5	cluster_5	0.9999986613461552
A0A1C5KZ25	127	127	cluster_127	0.9999974623208078
A0A1C5SB18	6	6	cluster_6	0.9999989032486338
A0A1C5XFJ6	5	5	cluster_5	0.9999988797553341
A0A1C6C7J0	4	4	cluster_4	0.9999994254824155
A0A1C6CZP6	5	5	cluster_5	0.9999989733268502
A0A1C6DZ79	6	6	cluster_6	0.9999990878667497
A0A1C6EFW4	131	131	cluster_131	0.9999783454408561
A0A1C6I0S4	17	17	cluster_17	0.9999920046805234
A0A1C6ITB5	4	4	cluster_4	0.9999994131514811
A0A1C6RTL5	181	181	cluster_181	0.9999992243526753
A0A1C7DGU8	74	74	cluster_74	0.9999975312133165
A0A1C7FHV4	101	101	cluster_101	0.9999819153357015
A0A1C8ZSL6	183	183	cluster_183	0.9999986606054506
A0A1C8ZU78	181	181	cluster_181	0.9999987562934889
A0A1D2RB07	0	0	cluster_0	0.9999991239569314
A0A1D8D1Q4	4	4	cluster_4	0.9999994777379243
A0A1D8ISJ5	0	0	cluster_0	0.9999988356276679
A0A1D8JJT9	0	0	cluster_0	0.999999037602218
A0A1E1V916	0	0	cluster_0	0.9999992617218317
A0A1E3VIA2	0	0	cluster_0	0.9999991501877198
A0A1E4EFE9	6	6	cluster_6	0.9999990512847418
A0A1E4JDK2	181	181	cluster_181	0.9999992461934559
A0A1E4T9D4	4	4	cluster_4	0.9999993769609692
A0A1E5KWS5	177	177	cluster_177	0.9993751589701586
A0A1E5L422	175	175	cluster_175	0.9999988727595995
A0A1E5LEX7	4	4	cluster_4	0.9999994031005329
A0A1E5LG21	175	175	cluster_175	0.9999988543574341
A0A1E5TB99	0	0	cluster_0	0.99999910274731
A0A1E5W4D4	5	5	cluster_5	0.9999987458613019
A0A1E7I4V9	35	35	cluster_35	0.9999723375333103
A0A1E7J2E8	4	4	cluster_4	0.9999994241335802
A0A1E7TTQ6	7	7	cluster_7	0.9999982065546499
A0A1E7WG41	192	192	cluster_192	0.9999746987441009
A0A1E7YKH6	10	10	cluster_10	0.9999088382273472
A0A1E7YNM8	10	10	cluster_10	0.9999377908686957
A0A1E7Z003	2	2	cluster_2	0.9999893082585227
A0A1E9AC89	0	0	cluster_0	0.9999991068254019
A0A1E9M799	4	4	cluster_4	0.9999994355086708
A0A1F0BGK7	164	164	cluster_164	0.9997616736139519
A0A1F2HAF5	32	32	cluster_32	0.9999743490899355
A0A1F2P9K0	4	4	cluster_4	0.9999989547386444
A0A1F2PG48	17	17	cluster_17	0.9999904916978976
A0A1F2VT02	0	0	cluster_0	0.999999053756181
A0A1F3W1X1	4	4	cluster_4	0.99999944794749
A0A1F4ARS0	181	181	cluster_181	0.9999991540501565
A0A1F4AZG2	208	208	cluster_208	0.9998859099637356
A0A1F4F7V3	181	181	cluster_181	0.99999919798784
A0A1F4LP69	7	7	cluster_7	0.9999978182134368
A0A1F4USJ5	6	6	cluster_6	0.9999987375153105
A0A1F5BJ97	0	0	cluster_0	0.9999988994989674
A0A1F5DF56	0	0	cluster_0	0.9999991103109134
A0A1F5GG10	6	6	cluster_6	0.9999992345430448
A0A1F5GUK5	0	0	cluster_0	0.9999991287720699
A0A1F5VFX1	196	196	cluster_196	0.9999976119418287
A0A1F6AQR9	4	4	cluster_4	0.9999994243247886
A0A1F6EFM2	196	196	cluster_196	0.9999976776111876
A0A1F6HPL9	0	0	cluster_0	0.9999992586039793
A0A1F6I7N2	4	4	cluster_4	0.9999986479982168
A0A1F6NQT2	196	196	cluster_196	0.99999732533087
A0A1F6X1A8	196	196	cluster_196	0.9999965126469706
A0A1F7L8I2	0	0	cluster_0	0.999999036019591
A0A1F7N3F6	181	181	cluster_181	0.999999095248482
A0A1F7NFX9	4	4	cluster_4	0.9999994049587898
A0A1F8PPZ4	4	4	cluster_4	0.9999993821774296
A0A1F8R8K3	0	0	cluster_0	0.9999990915120036
A0A1F8RU46	181	181	cluster_181	0.9999993127519182
A0A1F8SAD0	0	0	cluster_0	0.9999990434092114
A0A1F8XSD0	0	0	cluster_0	0.9999991739986617
A0A1F8ZV63	4	4	cluster_4	0.9999994287528792
A0A1F9DBZ5	0	0	cluster_0	0.9999991316492125
A0A1F9HA29	0	0	cluster_0	0.9999993363035411
A0A1F9KVV0	4	4	cluster_4	0.9999994264325683
A0A1F9NCF4	181	181	cluster_181	0.9999991055297077
A0A1F9QIW1	4	4	cluster_4	0.9999994370270692
A0A1F9Z010	0	0	cluster_0	0.9999991228992685
A0A1G0BKX2	182	182	cluster_182	0.9999973695789404
A0A1G0CSV7	143	143	cluster_143	0.9980322042367041
A0A1G0I640	17	17	cluster_17	0.9999917140026934
A0A1G0J8E4	192	192	cluster_192	0.999975621283912
A0A1G0KYC2	10	10	cluster_10	0.999952160583239
A0A1G1C9R6	202	202	cluster_202	0.9999895183943479
A0A1G1JSD3	0	0	cluster_0	0.9999991883439319
A0A1G1WCG5	4	4	cluster_4	0.9999994128856643
A0A1G2BKX2	196	196	cluster_196	0.9999974217013895
A0A1G2DAK2	196	196	cluster_196	0.9999971110134458
A0A1G2DLD5	196	196	cluster_196	0.9999972868018667
A0A1G2PV46	196	196	cluster_196	0.9999968754873374
A0A1G2YJ25	0	0	cluster_0	0.9999989965400158
A0A1G2ZG32	181	181	cluster_181	0.9999990661855611
A0A1G2ZLC2	0	0	cluster_0	0.9999991590979452
A0A1G3BNI5	0	0	cluster_0	0.9999991191499752
A0A1G3CF43	0	0	cluster_0	0.9999990746532686
A0A1G3FW94	0	0	cluster_0	0.9999992878250927
A0A1G3R824	0	0	cluster_0	0.9999990410194285
A0A1G3X0Z7	69	69	cluster_69	0.9999863996029268
A0A1G3XAY0	69	69	cluster_69	0.9999894977098441
A0A1G4INP2	181	181	cluster_181	0.9999988853212718
A0A1G4INU5	181	181	cluster_181	0.9999988646079122
A0A1G4IPS1	181	181	cluster_181	0.9999989009901858
A0A1G4IVI2	181	181	cluster_181	0.9999989419475411
A0A1G4K391	181	181	cluster_181	0.9999988386846994
A0A1G4ML12	181	181	cluster_181	0.999998873707661
A0A1G4XIF4	8	8	cluster_8	0.999995640124745
A0A1G5A2M3	7	7	cluster_7	0.9999982140086913
A0A1G5JRB5	10	10	cluster_10	0.9999351373876556
A0A1G5R6P7	182	182	cluster_182	0.9999974361779087
A0A1G5RRT3	4	4	cluster_4	0.9999994238165648
A0A1G5UZ44	0	0	cluster_0	0.9999989231533034
A0A1G6AV57	192	192	cluster_192	0.9999753735595874
A0A1G6HJ04	131	131	cluster_131	0.9999776307734016
A0A1G6LWF8	10	10	cluster_10	0.9999479814370035
A0A1G6MQW5	0	0	cluster_0	0.9999990407876901
A0A1G6Q9J4	4	4	cluster_4	0.9999994254973116
A0A1G6RQT7	10	10	cluster_10	0.9999591967282656
A0A1G7MHN5	3	3	cluster_3	0.9999482100221463
A0A1G7MHU2	95	95	cluster_95	0.9999757335919689
A0A1G7PJ31	4	4	cluster_4	0.9999994977470301
A0A1G7QPP8	5	5	cluster_5	0.9999985537614879
A0A1G7QRG2	0	0	cluster_0	0.9999991235379421
A0A1G7V5D0	4	4	cluster_4	0.9999994012934607
A0A1G8SKN3	7	7	cluster_7	0.9999976611812282
A0A1G8WXR9	0	0	cluster_0	0.9999991600301014
A0A1G8YLB1	182	182	cluster_182	0.9999970775520317
A0A1G8ZRR5	0	0	cluster_0	0.9999990481356823
A0A1G9FY32	10	10	cluster_10	0.9999431185780157
A0A1G9Q3H8	0	0	cluster_0	0.9999991190780275
A0A1G9QLE4	0	0	cluster_0	0.9999992915215264
A0A1G9TUK6	5	5	cluster_5	0.9999989381535919
A0A1H0C537	0	0	cluster_0	0.9999988830756011
A0A1H0MR88	10	10	cluster_10	0.9999449322090015
A0A1H0YLH4	187	187	cluster_187	0.9999879209837721
A0A1H2DS63	181	181	cluster_181	0.9999991588629992
A0A1H2SHE7	17	17	cluster_17	0.9999933337711342
A0A1H2SSX1	0	0	cluster_0	0.9999988387516934
A0A1H2ZJX7	181	181	cluster_181	0.9999991386595034
A0A1H3EXL3	5	5	cluster_5	0.9999988538665618
A0A1H3GMI2	0	0	cluster_0	0.999999041329307
A0A1H3K265	2	2	cluster_2	0.9999892425308295
A0A1H3MTU6	4	4	cluster_4	0.9999994142363914
A0A1H3YQJ5	4	4	cluster_4	0.9999994829875696
A0A1H4CIZ1	0	0	cluster_0	0.9999990796843755
A0A1H4DRL7	131	131	cluster_131	0.9999784768393801
A0A1H4DSX5	0	0	cluster_0	0.9999988109166743
A0A1H4IPG7	4	4	cluster_4	0.9999994140154537
A0A1H4NVS0	0	0	cluster_0	0.9999991363314379
A0A1H4VPV8	5	5	cluster_5	0.9999989028953927
A0A1H5FI15	181	181	cluster_181	0.9999993596051289
A0A1H5IR94	181	181	cluster_181	0.9999992622790956
A0A1H5VDI7	0	0	cluster_0	0.9999992885617842
A0A1H7CVY6	5	5	cluster_5	0.9999989483437806
A0A1H7LTN4	182	182	cluster_182	0.9999967112780278
A0A1H7MRG8	17	17	cluster_17	0.99999099894175
A0A1H7TH46	4	4	cluster_4	0.9999982833533986
A0A1H7THN1	181	181	cluster_181	0.999999370248772
A0A1H7WPN9	0	0	cluster_0	0.9999989804189856
A0A1H8GL17	162	162	cluster_162	0.9996669873823018
A0A1H8PNK7	5	5	cluster_5	0.9999980346753172
A0A1H9C708	181	181	cluster_181	0.9999991733907108
A0A1H9L8I5	91	91	cluster_91	0.999505147320869
A0A1H9L9M4	130	130	cluster_130	0.9982574588279768
A0A1H9TP36	4	4	cluster_4	0.9999994541373447
A0A1I0BRD2	10	10	cluster_10	0.9999433676276326
A0A1I0FXI9	10	10	cluster_10	0.9999540427409316
A0A1I0MB11	0	0	cluster_0	0.9999991119429109
A0A1I0Q234	181	181	cluster_181	0.9999993708604625
A0A1I0WG66	175	175	cluster_175	0.9999988430840909
A0A1I1INV1	192	192	cluster_192	0.9999732560933505
A0A1I1KIS0	181	181	cluster_181	0.9999992723500174
A0A1I1P4I8	192	192	cluster_192	0.9999652069483722
A0A1I1RE35	5	5	cluster_5	0.9999988998439022
A0A1I1VK68	181	181	cluster_181	0.9999989544215094
A0A1I2CS77	5	5	cluster_5	0.9999989076980303
A0A1I2JWM9	6	6	cluster_6	0.9999992015653449
A0A1I2KQJ7	17	17	cluster_17	0.9999932279967897
A0A1I2MEI7	175	175	cluster_175	0.9999985096899028
A0A1I2NX48	10	10	cluster_10	0.9999451056081708
A0A1I2UAD6	175	175	cluster_175	0.9999987885630574
A0A1I3C4G8	187	187	cluster_187	0.9999867417570738
A0A1I3JBG6	0	0	cluster_0	0.9999989861717968
A0A1I3JLQ6	7	7	cluster_7	0.9999976125522776
A0A1I3L5G2	197	197	cluster_197	0.9999981846712199
A0A1I3Q8W3	0	0	cluster_0	0.9999990601097725
A0A1I3SB37	101	101	cluster_101	0.9999866478834549
A0A1I3T8U4	202	202	cluster_202	0.9999859200995774
A0A1I3UWZ8	0	0	cluster_0	0.9999990474399959
A0A1I3WS07	0	0	cluster_0	0.9999991064560687
A0A1I4GXB2	95	95	cluster_95	0.9999741015260966
A0A1I4RI07	2	2	cluster_2	0.9999873576972315
A0A1I4TND6	2	2	cluster_2	0.999990595238329
A0A1I4XG85	0	0	cluster_0	0.9999992854234313
A0A1I5E017	5	5	cluster_5	0.9999985684726005
A0A1I5E0D2	0	0	cluster_0	0.9999990259104989
A0A1I5I607	74	74	cluster_74	0.9999979697784276
A0A1I5Q1T5	4	4	cluster_4	0.9999994240630883
A0A1I5V5H5	187	187	cluster_187	0.9999879298088812
A0A1I5X599	0	0	cluster_0	0.9999990359698293
A0A1I5XTZ7	181	181	cluster_181	0.9999992116802665
A0A1I5YPP8	0	0	cluster_0	0.9999990801697803
A0A1I6B824	0	0	cluster_0	0.9999986383583852
A0A1I6GMV4	181	181	cluster_181	0.999999095631387
A0A1I6GVL3	0	0	cluster_0	0.9999993013376306
A0A1I6QK36	0	0	cluster_0	0.9999985970976183
A0A1I6SRP3	0	0	cluster_0	0.9999989186485925
A0A1I6X577	127	127	cluster_127	0.9999980947845363
A0A1I7JFP2	130	130	cluster_130	0.9982776445380279
A0A1I9YHY1	181	181	cluster_181	0.9999991315967612
A0A1I9YL63	181	181	cluster_181	0.999999340793785
A0A1J4TT91	4	4	cluster_4	0.9999994557059484
A0A1J4ZNF8	4	4	cluster_4	0.9999994351667398
A0A1J5ARL7	4	4	cluster_4	0.9999994453288957
A0A1J5IAB4	74	74	cluster_74	0.9999958749731068
A0A1J5L4E8	0	0	cluster_0	0.9999992881234226
A0A1J5M198	4	4	cluster_4	0.9999994734235427
A0A1J5W0G8	5	5	cluster_5	0.9999984976958703
A0A1K1QM14	4	4	cluster_4	0.9999994691215482
A0A1L0D6L2	181	181	cluster_181	0.9999993291237281
A0A1L3F3L4	0	0	cluster_0	0.9999991062541483
A0A1L3J6Y5	5	5	cluster_5	0.9999989348633039
A0A1L6JHZ0	4	4	cluster_4	0.9999989346814409
A0A1L6ZGS2	0	0	cluster_0	0.9999990717774859
A0A1L7BDP5	181	181	cluster_181	0.9999990675455621
A0A1L8SNE3	60	60	cluster_60	0.9992862569558454
A0A1L8ZBJ2	0	0	cluster_0	0.9999992300025504
A0A1M3D7Y6	181	181	cluster_181	0.999999255098776
A0A1M3G903	181	181	cluster_181	0.9999990873633318
A0A1M3HC70	0	0	cluster_0	0.9999991285822762
A0A1M3PTM8	74	74	cluster_74	0.9999976701209061
A0A1M4MMS6	0	0	cluster_0	0.999998983038518
A0A1M4U465	5	5	cluster_5	0.9999989541042983
A0A1M4XM49	0	0	cluster_0	0.9999989524613346
A0A1M4Z3W3	175	175	cluster_175	0.9999986810235388
A0A1M5F5N8	0	0	cluster_0	0.9999990965863775
A0A1M5FS56	0	0	cluster_0	0.9999991355030027
A0A1M5PI21	5	5	cluster_5	0.9999985823248202
A0A1M5R1U5	0	0	cluster_0	0.9999988729145861
A0A1M5U4W7	175	175	cluster_175	0.9999983904298312
A0A1M5VSQ7	4	4	cluster_4	0.9999994604061818
A0A1M5WDI8	5	5	cluster_5	0.9999977549638344
A0A1M5Y5B8	4	4	cluster_4	0.9999994152289837
A0A1M6AKE2	6	6	cluster_6	0.9999988136187581
A0A1M6AQW1	181	181	cluster_181	0.9999992377785268
A0A1M6I4B2	0	0	cluster_0	0.9999991389369329
A0A1M6JXG0	5	5	cluster_5	0.999998975459642
A0A1M6ML92	182	182	cluster_182	0.9999964285263728
A0A1M6SW16	0	0	cluster_0	0.9999993028256244
A0A1M6SY72	0	0	cluster_0	0.9999990711927815
A0A1M6UCK5	0	0	cluster_0	0.9999992854673009
A0A1M6UKT5	131	131	cluster_131	0.9999747014690094
A0A1M6ZJ53	181	181	cluster_181	0.999999323379227
A0A1M7BB17	66	66	cluster_66	0.9996786955723648
A0A1M7GJ37	103	103	cluster_103	0.9999946016007233
A0A1M7H633	4	4	cluster_4	0.9999993684519669
A0A1M7SWZ4	0	0	cluster_0	0.999998861244338
A0A1N7MA92	181	181	cluster_181	0.9999993395009775
A0A1N7PY11	0	0	cluster_0	0.9999989603702101
A0A1N7Q497	175	175	cluster_175	0.9999987347367614
A0A1P8WH29	181	181	cluster_181	0.9999993616713443
A0A1Q2D7N3	187	187	cluster_187	0.9999880551091023
A0A1Q2M990	181	181	cluster_181	0.9999992210773375
A0A1Q3A7L9	181	181	cluster_181	0.9999989098225343
A0A1Q3EZI5	181	181	cluster_181	0.9999993377250548
A0A1Q4BS88	2	2	cluster_2	0.9999903444458361
A0A1Q4FXP4	4	4	cluster_4	0.99999863998763
A0A1Q4GHQ2	0	0	cluster_0	0.9999993063185248
A0A1Q5DXY2	5	5	cluster_5	0.9999985509212308
A0A1Q5EC26	181	181	cluster_181	0.9999993647783216
A0A1Q5FPK3	5	5	cluster_5	0.9999983928887457
A0A1Q5TMZ9	101	101	cluster_101	0.9999885680822415
A0A1Q5TTT4	192	192	cluster_192	0.9999778806108863
A0A1Q6Q0I4	0	0	cluster_0	0.9999991806276732
A0A1Q6TNA4	0	0	cluster_0	0.9999990892436027
A0A1Q7B2D7	0	0	cluster_0	0.9999990695054076
A0A1Q7CTU1	0	0	cluster_0	0.9999990404254162
A0A1Q7FUE9	0	0	cluster_0	0.9999991166771718
A0A1Q8BP49	0	0	cluster_0	0.9999990930603117
A0A1Q8EDD3	145	145	cluster_145	0.9999941760149947
A0A1Q8G327	192	192	cluster_192	0.9999760601605988
A0A1Q8IKU1	2	2	cluster_2	0.9999902458203516
A0A1Q8KZT9	0	0	cluster_0	0.9999986562033495
A0A1Q8TW92	0	0	cluster_0	0.9999991200649803
A0A1Q9NAB9	0	0	cluster_0	0.9999989277105935
A0A1Q9P1L7	0	0	cluster_0	0.9999990749747983
A0A1R1C5B7	8	8	cluster_8	0.9999958356647601
A0A1R1DGS1	8	8	cluster_8	0.9999959789286459
A0A1R2IZ24	4	4	cluster_4	0.9999994592045551
A0A1R3U154	0	0	cluster_0	0.9999992015034133
A0A1R4EC97	7	7	cluster_7	0.999997961800819
A0A1R4H0Z7	10	10	cluster_10	0.999944062823551
A0A1R4I4T4	192	192	cluster_192	0.9999741999202527
A0A1R4I521	208	208	cluster_208	0.9995488128308097
A0A1R4KMQ4	6	6	cluster_6	0.9999990778135226
A0A1S1LTB0	127	127	cluster_127	0.9999982228453458
A0A1S1MVM1	5	5	cluster_5	0.9999984933549415
A0A1S1NYL7	0	0	cluster_0	0.9999990069460764
A0A1S2F044	0	0	cluster_0	0.9999992559915496
A0A1S2GX66	4	4	cluster_4	0.9999979289940851
A0A1S2LP72	131	131	cluster_131	0.999976863102225
A0A1S2NXE9	181	181	cluster_181	0.9999993315296102
A0A1S3LQQ9	4	4	cluster_4	0.9999994738661534
A0A1S3VNX4	0	0	cluster_0	0.9999988134566128
A0A1S6ILQ2	187	187	cluster_187	0.999989306972952
A0A1S8MDU3	17	17	cluster_17	0.9999918731382961
A0A1S8RGI6	17	17	cluster_17	0.9999944831467413
A0A1S8RT55	10	10	cluster_10	0.9999832012692937
A0A1S8TUK6	10	10	cluster_10	0.999914352493128
A0A1S8TVS1	10	10	cluster_10	0.999932231531881
A0A1S8TXJ1	17	17	cluster_17	0.9999912608664145
A0A1S8Y7Q7	3	3	cluster_3	0.9999693622358663
A0A1T1BHT4	0	0	cluster_0	0.9999990809065463
A0A1T2X8Y5	4	4	cluster_4	0.9999994589677611
A0A1T4LBJ0	0	0	cluster_0	0.9999991625837896
A0A1T4M1X5	4	4	cluster_4	0.9999994549357836
A0A1T4MHW6	127	127	cluster_127	0.9999982640460774
A0A1T4UJR3	101	101	cluster_101	0.9999869316905008
A0A1T5MNG6	10	10	cluster_10	0.9999826815641224
A0A1U0TF54	127	127	cluster_127	0.9999974545665733
A0A1U7FPN9	0	0	cluster_0	0.9999979069713499
A0A1U7S3Y4	181	181	cluster_181	0.9999991789557281
A0A1U7Z6H3	0	0	cluster_0	0.9999988169589809
A0A1U8B2F9	5	5	cluster_5	0.9999987221948375
A0A1U9MCA1	0	0	cluster_0	0.9999989880846195
A0A1U9MGS0	181	181	cluster_181	0.9999992417637769
A0A1U9NBV7	192	192	cluster_192	0.9999772891431831
A0A1V0B6A5	72	72	cluster_72	0.9999253737939824
A0A1V0B6D0	107	107	cluster_107	0.9998630562536841
A0A1V0B8Y1	0	0	cluster_0	0.9999989836653906
A0A1V0RMF0	0	0	cluster_0	0.9999988954227936
A0A1V2DQJ6	72	72	cluster_72	0.9999139530933343
A0A1V3J7M0	6	6	cluster_6	0.9999990045479267
A0A1V3L0J1	6	6	cluster_6	0.9999989229311289
A0A1V4A9M4	197	197	cluster_197	0.999998139974525
A0A1V4B133	5	5	cluster_5	0.999998875602232
A0A1V4EV71	4	4	cluster_4	0.999999406234604
A0A1V4ZJ08	0	0	cluster_0	0.9999992419822886
A0A1V4ZP38	6	6	cluster_6	0.9999988249268345
A0A1V5CZ70	6	6	cluster_6	0.9999989555887373
A0A1V5HPT2	8	8	cluster_8	0.9999956727125972
A0A1V5KB67	17	17	cluster_17	0.9999930438242476
A0A1V5N5Q3	0	0	cluster_0	0.9999990703718715
A0A1V5PPR0	181	181	cluster_181	0.9999991857663935
A0A1V5U6S6	10	10	cluster_10	0.9999444138885294
A0A1V5UQ03	0	0	cluster_0	0.9999989099433372
A0A1V6I629	6	6	cluster_6	0.9999991462007349
A0A1V6M2U5	181	181	cluster_181	0.9999994018242607
A0A1V6S7A5	4	4	cluster_4	0.9999994369381155
A0A1V8NS37	126	126	cluster_126	0.9998072965633098
A0A1V8X676	187	187	cluster_187	0.9999873123363968
A0A1W1VH94	5	5	cluster_5	0.9999989182661131
A0A1W1WEU1	6	6	cluster_6	0.9999991843759315
A0A1W1WNP6	10	10	cluster_10	0.9999568904545598
A0A1W1YNX3	0	0	cluster_0	0.9999991005292875
A0A1W2BRI2	5	5	cluster_5	0.999998960961269
A0A1W2D969	74	74	cluster_74	0.9999980512388964
A0A1W6AHY6	8	8	cluster_8	0.9999957037349777
A0A1W6CLP6	5	5	cluster_5	0.9999989517557829
A0A1W6CTW9	74	74	cluster_74	0.9999980077381537
A0A1W6K186	183	183	cluster_183	0.9999986391581834
A0A1W6K1S7	10	10	cluster_10	0.9999517162288029
A0A1W6MHU4	5	5	cluster_5	0.9999988827128072
A0A1W6MPH5	0	0	cluster_0	0.9999992632923308
A0A1W6N218	196	196	cluster_196	0.999997371790417
A0A1W6WHP2	8	8	cluster_8	0.9999947777838815
A0A1W6ZQ17	181	181	cluster_181	0.9999992047642223
A0A1W9HZY9	0	0	cluster_0	0.9999993056807446
A0A1W9KPZ5	2	2	cluster_2	0.9999902456409376
A0A1W9MC48	0	0	cluster_0	0.9999989725613234
A0A1W9PEH3	181	181	cluster_181	0.9999987927939208
A0A1X0IUT7	127	127	cluster_127	0.9999982561006967
A0A1X1B873	4	4	cluster_4	0.999999336070186
A0A1X1H6B1	0	0	cluster_0	0.9999991599472629
A0A1X1HY39	32	32	cluster_32	0.9999579081963199
A0A1X1J1V9	4	4	cluster_4	0.9999994733472621
A0A1X1XLM2	74	74	cluster_74	0.9999980331283697
A0A1X2L9R5	0	0	cluster_0	0.9999990899606785
A0A1X3DHA7	11	11	cluster_11	0.9987607242969964
A0A1X6WLV6	187	187	cluster_187	0.9999872080974044
A0A1X7HJW3	0	0	cluster_0	0.9999988796349308
A0A1X7K6W3	175	175	cluster_175	0.999998847005781
A0A1X7M7A3	2	2	cluster_2	0.9999888277651693
A0A1X7M8H1	123	123	cluster_123	0.9999935339901299
A0A1X7R423	181	181	cluster_181	0.9999991918573133
A0A1X9M5R3	17	17	cluster_17	0.9999885639608488
A0A1Y0BX23	74	74	cluster_74	0.999997715416103
A0A1Y2FME0	181	181	cluster_181	0.9999991202045053
A0A1Y3CMF3	182	182	cluster_182	0.9999971204818777
A0A1Y3PMH4	175	175	cluster_175	0.999998671499135
A0A1Y3VTL1	182	182	cluster_182	0.9999953595106118
A0A1Y3YDN6	131	131	cluster_131	0.9999793181784394
A0A1Y4AQM8	6	6	cluster_6	0.9999991505079646
A0A1Y4CGH8	0	0	cluster_0	0.9999991829583376
A0A1Y4CHA4	181	181	cluster_181	0.9999991315795115
A0A1Y4EL13	181	181	cluster_181	0.999999112930454
A0A1Y4QHK9	5	5	cluster_5	0.9999989021397067
A0A1Y4QT93	12	12	cluster_12	0.9999914144058775
A0A1Y4REQ5	5	5	cluster_5	0.9999988441846236
A0A1Y4UIP6	21	21	cluster_21	0.9999648109584093
A0A1Y5TLU8	0	0	cluster_0	0.9999992269291712
A0A1Y6CX56	10	10	cluster_10	0.9999537893423245
A0A1Y6JR09	0	0	cluster_0	0.9999992416353654
A0A1Z1SSS3	192	192	cluster_192	0.9999747113769519
A0A1Z1WNE8	197	197	cluster_197	0.9999978703987269
A0A1Z3MM24	208	208	cluster_208	0.9999006906110816
A0A1Z3N374	77	77	cluster_77	0.9999790069607738
A0A1Z4KT24	6	6	cluster_6	0.999999161697678
A0A1Z4UY07	6	6	cluster_6	0.999999216288648
A0A1Z4V321	6	6	cluster_6	0.9999988298293001
A0A1Z5J072	181	181	cluster_181	0.9999992073199373
A0A1Z8KS14	74	74	cluster_74	0.9999974302560233
A0A1Z8NHF7	0	0	cluster_0	0.9999989533011744
A0A1Z8Q4M4	4	4	cluster_4	0.9999990053574311
A0A1Z8WVY5	4	4	cluster_4	0.9999994414082072
A0A1Z9DSL2	74	74	cluster_74	0.9999976898979523
A0A1Z9PQT9	197	197	cluster_197	0.9999979865142605
A0A200IH09	0	0	cluster_0	0.999998988099824
A0A202FD55	0	0	cluster_0	0.999999121205956
A0A202FDH6	4	4	cluster_4	0.9999994261795
A0A202FFP0	0	0	cluster_0	0.9999990888010367
A0A212ISN0	2	2	cluster_2	0.9999909331590459
A0A212K2G6	4	4	cluster_4	0.9999994660615676
A0A212QKM8	0	0	cluster_0	0.9999989343998443
A0A212QQE2	0	0	cluster_0	0.9999991507612114
A0A218MAT1	150	150	cluster_150	0.9997499084918102
A0A223KWZ6	4	4	cluster_4	0.9999994120947199
A0A226QL20	175	175	cluster_175	0.9999988609851078
A0A228JAQ3	2	2	cluster_2	0.9999903580203707
A0A229UPI0	181	181	cluster_181	0.9999993687046711
A0A231IL21	18	18	cluster_18	0.9994224813044617
A0A231VCK6	181	181	cluster_181	0.999999124113297
A0A235B546	175	175	cluster_175	0.999998726868555
A0A235HT16	6	6	cluster_6	0.9999991796217582
A0A238JNU6	0	0	cluster_0	0.99999899449406
A0A239C0B9	74	74	cluster_74	0.9999979217671625
A0A239HH27	5	5	cluster_5	0.9999986895910707
A0A239LYW3	181	181	cluster_181	0.9999991993382547
A0A239N0J7	48	48	cluster_48	0.9994962756240848
A0A239RAF9	164	164	cluster_164	0.9997051970863724
A0A242A951	0	0	cluster_0	0.9999991104484559
A0A242DAN4	187	187	cluster_187	0.9999871936257317
A0A242NU13	3	3	cluster_3	0.9999845314355098
A0A242PCX4	3	3	cluster_3	0.9999836022609752
A0A246IS24	7	7	cluster_7	0.9999979866205965
A0A246J547	4	4	cluster_4	0.9999987839165647
A0A250B1N9	6	6	cluster_6	0.9999991536315795
A0A251X6R3	10	10	cluster_10	0.9999511962843641
A0A252B2Y5	0	0	cluster_0	0.9999987401404576
A0A252E6L3	6	6	cluster_6	0.9999992541425359
A0A254N980	5	5	cluster_5	0.9999988350979211
A0A254SQP9	131	131	cluster_131	0.9999787645459638
A0A254STI5	131	131	cluster_131	0.9999782249924597
A0A255XNW7	0	0	cluster_0	0.9999992457129071
A0A256CBL9	6	6	cluster_6	0.9999991436848082
A0A256CUD3	6	6	cluster_6	0.9999989477650596
A0A256XGS3	183	183	cluster_183	0.999998328902553
A0A256Z414	183	183	cluster_183	0.9999987019314142
A0A256ZHR2	181	181	cluster_181	0.9999986667519659
A0A256ZSR7	0	0	cluster_0	0.9999982708886166
A0A257NHQ1	4	4	cluster_4	0.9999993451010748
A0A258HTF9	0	0	cluster_0	0.9999993022210969
A0A258K8D2	0	0	cluster_0	0.9999991088209383
A0A259KT61	74	74	cluster_74	0.9999980358285672
A0A259KUG4	89	89	cluster_89	0.999999238339187
A0A259S0K0	10	10	cluster_10	0.9999544633954995
A0A260BLQ3	5	5	cluster_5	0.9999984012416988
A0A260S5G1	127	127	cluster_127	0.9999980351876769
A0A261GGX9	0	0	cluster_0	0.9999987088502118
A0A261UKS7	2	2	cluster_2	0.9999914435034155
A0A261VBK0	2	2	cluster_2	0.9999909395672583
A0A265B851	78	78	cluster_78	0.9998774381401497
A0A265Q3I6	181	181	cluster_181	0.9999990695844715
A0A267MHJ1	10	10	cluster_10	0.9999708948820152
A0A267T4X9	8	8	cluster_8	0.999992661314397
A0A268EWY5	0	0	cluster_0	0.9999991940338181
A0A269PHS7	208	208	cluster_208	0.9998778512085957
A0A271M736	175	175	cluster_175	0.9999988661009888
A0A285B057	208	208	cluster_208	0.9999118844083192
A0A285BWU2	3	3	cluster_3	0.9999585995281666
A0A285HZ86	181	181	cluster_181	0.99999928776587
A0A285KPX0	0	0	cluster_0	0.9999992551913693
A0A285MW28	4	4	cluster_4	0.9999989863033836
A0A285NXY6	0	0	cluster_0	0.9999990961498213
A0A285UZM7	2	2	cluster_2	0.9999908220714128
A0A285Z185	0	0	cluster_0	0.999999307751017
A0A286C305	4	4	cluster_4	0.9999994363833323
A0A286NCJ3	123	123	cluster_123	0.9999927184621002
A0A286REB3	5	5	cluster_5	0.9999987843103058
A0A290S6E1	182	182	cluster_182	0.9999972176341976
A0A290WR51	4	4	cluster_4	0.999999449158883
A0A2A2CGD2	12	12	cluster_12	0.9999937961762493
A0A2A2F509	192	192	cluster_192	0.9999775440602202
A0A2A2IGD2	17	17	cluster_17	0.9999913739244346
A0A2A2RAP4	0	0	cluster_0	0.9999985622251109
A0A2A2SIC8	103	103	cluster_103	0.9999953814347943
A0A2A2TLY5	12	12	cluster_12	0.9999947232596464
A0A2A3HEN0	131	131	cluster_131	0.9999792322483084
A0A2A4IS08	175	175	cluster_175	0.9999985262791193
A0A2A4SGW7	4	4	cluster_4	0.999998867035957
A0A2A4V845	12	12	cluster_12	0.9999944029198863
A0A2A4VJI7	0	0	cluster_0	0.9999992738376489
A0A2A4Y1J4	0	0	cluster_0	0.9999990999801247
A0A2A5F7P9	74	74	cluster_74	0.9999972532363014
A0A2A5GME0	4	4	cluster_4	0.9999994660343612
A0A2A5HWB0	192	192	cluster_192	0.9999662220314345
A0A2A5IL80	181	181	cluster_181	0.9999992899637972
A0A2A5MBJ2	77	77	cluster_77	0.9999910827544671
A0A2A5SJY8	5	5	cluster_5	0.9999988945884466
A0A2A8PQG1	0	0	cluster_0	0.9999990926230515
A0A2A9KER2	192	192	cluster_192	0.9999739298011752
A0A2B7YIP4	5	5	cluster_5	0.9999985022325655
A0A2C1YS31	74	74	cluster_74	0.9999967902148897
A0A2C6MEB7	202	202	cluster_202	0.9999885382310202
A0A2C9XRN6	187	187	cluster_187	0.999987119071802
A0A2D0JYJ6	8	8	cluster_8	0.999994764004529
A0A2D0KQ84	192	192	cluster_192	0.9999769217544137
A0A2D0TCG3	143	143	cluster_143	0.9969579929522927
A0A2D3NA01	0	0	cluster_0	0.9999993347698273
A0A2D4IHF8	181	181	cluster_181	0.9999991979648986
A0A2D4YEQ9	5	5	cluster_5	0.9999989259301997
A0A2D5GV95	197	197	cluster_197	0.9999983225923879
A0A2D5PDF3	101	101	cluster_101	0.9999865470307685
A0A2D5UF79	0	0	cluster_0	0.9999987342536848
A0A2D6A0H5	0	0	cluster_0	0.9999990444135259
A0A2D6L7C9	196	196	cluster_196	0.9999976465219513
A0A2D6RPE3	2	2	cluster_2	0.9999895030900607
A0A2D6XED8	197	197	cluster_197	0.9999971906878659
A0A2D7FMW5	0	0	cluster_0	0.9999992736195709
A0A2D7LA31	0	0	cluster_0	0.9999987454403566
A0A2D7VY46	197	197	cluster_197	0.999997598193884
A0A2D8X1J3	181	181	cluster_181	0.9999991345386418
A0A2D8YCW9	2	2	cluster_2	0.9999906643348576
A0A2D9CD79	197	197	cluster_197	0.9999983245293277
A0A2D9FYK5	0	0	cluster_0	0.9999993127811921
A0A2D9NEE6	4	4	cluster_4	0.9999988596598538
A0A2D9NLD2	4	4	cluster_4	0.9999994550034371
A0A2E0EJH7	4	4	cluster_4	0.9999994475971908
A0A2E0QV49	181	181	cluster_181	0.9999992996927319
A0A2E0S6S3	197	197	cluster_197	0.9999979371375433
A0A2E0UTH9	0	0	cluster_0	0.9999990594257679
A0A2E0WPV3	181	181	cluster_181	0.9999992760009885
A0A2E1MFC3	0	0	cluster_0	0.9999987104434535
A0A2E2ARG5	0	0	cluster_0	0.9999992426313661
A0A2E2TH90	6	6	cluster_6	0.9999990864367304
A0A2E3ATU2	0	0	cluster_0	0.999999255126256
A0A2E3FA80	103	103	cluster_103	0.9999951449003398
A0A2E3QAV7	74	74	cluster_74	0.9999979075724867
A0A2E3RHC0	4	4	cluster_4	0.9999994510107876
A0A2E4ECJ4	196	196	cluster_196	0.9999971584448029
A0A2E4HC86	0	0	cluster_0	0.9999992165863816
A0A2E4R5B3	2	2	cluster_2	0.9999914012237613
A0A2E4W6S8	196	196	cluster_196	0.9999973919763206
A0A2E5G198	101	101	cluster_101	0.9999877437668979
A0A2E6NIA8	6	6	cluster_6	0.9999992056747137
A0A2E6RCL9	4	4	cluster_4	0.9999985790344877
A0A2E6RJG0	4	4	cluster_4	0.9999994559938441
A0A2E6V9J1	4	4	cluster_4	0.9999994864487642
A0A2E7C120	6	6	cluster_6	0.9999991541266579
A0A2E7NHH5	107	107	cluster_107	0.9998408826650822
A0A2E8DPZ3	0	0	cluster_0	0.9999992948185427
A0A2E8FJA5	4	4	cluster_4	0.9999993445791985
A0A2E8I6S1	181	181	cluster_181	0.9999993291022156
A0A2E8SQE9	0	0	cluster_0	0.9999993401071308
A0A2E9GUL1	0	0	cluster_0	0.9999991141938889
A0A2E9PM81	208	208	cluster_208	0.9998117999333193
A0A2E9VNP9	0	0	cluster_0	0.9999992174430901
A0A2F0PKE0	2	2	cluster_2	0.999991193044025
A0A2G1YCB1	0	0	cluster_0	0.9999992747329534
A0A2G2PYR1	0	0	cluster_0	0.999999125548584
A0A2G3NNQ6	164	164	cluster_164	0.9997151514731569
A0A2G4G253	4	4	cluster_4	0.9999993415887959
A0A2G6B5U0	0	0	cluster_0	0.9999990987811858
A0A2G6HXB9	0	0	cluster_0	0.99999816416674
A0A2G6KSS3	10	10	cluster_10	0.999924566253064
A0A2G6PAZ4	0	0	cluster_0	0.9999991185349757
A0A2G6R9Y4	0	0	cluster_0	0.9999992713546229
A0A2G7LY47	162	162	cluster_162	0.999863030195409
A0A2G8ED98	0	0	cluster_0	0.9999991053964984
A0A2G8IWB5	0	0	cluster_0	0.9999990966925343
A0A2G8TKU2	192	192	cluster_192	0.9999744622707714
A0A2H0MH21	0	0	cluster_0	0.999999310235936
A0A2H1A4K1	181	181	cluster_181	0.9999992738643023
A0A2H3NJW0	0	0	cluster_0	0.9999990787852604
A0A2H4SUW1	4	4	cluster_4	0.9999994373255647
A0A2H6JVR1	74	74	cluster_74	0.9999980037804758
A0A2H9LHW0	4	4	cluster_4	0.9999993157891486
A0A2H9R844	6	6	cluster_6	0.9999987538061414
A0A2I0CTK9	72	72	cluster_72	0.9999283540502687
A0A2I0N238	0	0	cluster_0	0.9999990759245222
A0A2I0P6N6	0	0	cluster_0	0.9999989828107674
A0A2I0PFE9	0	0	cluster_0	0.9999991596216836
A0A2I1YIM9	145	145	cluster_145	0.9999943906154197
A0A2J2H904	0	0	cluster_0	0.9999991271052385
A0A2J4YC37	77	77	cluster_77	0.999990810282453
A0A2J6XI66	10	10	cluster_10	0.9999393648914258
A0A2J6XUB7	175	175	cluster_175	0.9999983856412591
A0A2J9EBG2	2	2	cluster_2	0.9999895079609878
A0A2K0XN27	6	6	cluster_6	0.9999990387739877
A0A2K1NA12	0	0	cluster_0	0.999999063634622
A0A2K1NXU4	0	0	cluster_0	0.9999990385165675
A0A2K4FBN1	4	4	cluster_4	0.9999994129158944
A0A2K4X7W8	4	4	cluster_4	0.9999994411062993
A0A2K8KP06	4	4	cluster_4	0.9999994530107778
A0A2K8U9A4	10	10	cluster_10	0.9999331890294554
A0A2K8XG76	0	0	cluster_0	0.9999992578067656
A0A2K9A9G9	69	69	cluster_69	0.9999892008521724
A0A2K9AKL0	69	69	cluster_69	0.999988984446006
A0A2L1KKU0	12	12	cluster_12	0.999988799130917
A0A2L2L8H5	17	17	cluster_17	0.9999916724256114
A0A2M7I920	192	192	cluster_192	0.9999732177205257
A0A2M7L7G7	74	74	cluster_74	0.9999982550209868
A0A2M7MXE9	10	10	cluster_10	0.9999608366469482
A0A2M7QWV1	4	4	cluster_4	0.9999993486460897
A0A2M7W8F3	10	10	cluster_10	0.9999576291837889
A0A2M7XU08	4	4	cluster_4	0.9999994574589771
A0A2M8DQ32	196	196	cluster_196	0.9999978196177096
A0A2M8IUC2	0	0	cluster_0	0.9999991214337727
A0A2M8NDD4	6	6	cluster_6	0.9999992826277239
A0A2M8P0C8	181	181	cluster_181	0.9999992320094272
A0A2M9CHV0	4	4	cluster_4	0.9999993945224168
A0A2M9G8P7	0	0	cluster_0	0.999999261725253
A0A2M9W5Q6	181	181	cluster_181	0.9999991932385563
A0A2M9WD73	2	2	cluster_2	0.9999902273149057
A0A2N0MIG9	0	0	cluster_0	0.9999989411104063
A0A2N0TIU2	192	192	cluster_192	0.9999686974771491
A0A2N0ZUH1	7	7	cluster_7	0.9999981823817313
A0A2N1ANJ5	3	3	cluster_3	0.9999741642767914
A0A2N1D2K8	0	0	cluster_0	0.999999191827816
A0A2N1F7E7	6	6	cluster_6	0.9999990515785213
A0A2N1QA23	69	69	cluster_69	0.9999892227970164
A0A2N1QC67	69	69	cluster_69	0.9999873106177152
A0A2N2FHN1	35	35	cluster_35	0.9999737694877282
A0A2N2GHZ1	4	4	cluster_4	0.9999994375772933
A0A2N2KA53	4	4	cluster_4	0.9999994319920011
A0A2N3A0D8	4	4	cluster_4	0.9999994722899361
A0A2N3C204	6	6	cluster_6	0.9999989680696881
A0A2N3C5G9	4	4	cluster_4	0.9999989182966847
A0A2N3IHP0	6	6	cluster_6	0.9999992349848376
A0A2N3KYR1	0	0	cluster_0	0.9999987153001557
A0A2N3L043	5	5	cluster_5	0.9999989763518822
A0A2N3T8R6	2	2	cluster_2	0.9999900195245491
A0A2N3W4F9	181	181	cluster_181	0.9999992862893263
A0A2N4UJB0	74	74	cluster_74	0.9999980769586684
A0A2N5DTW1	101	101	cluster_101	0.9999888565964113
A0A2N5DUJ8	0	0	cluster_0	0.9999990365629551
A0A2N5IBP4	196	196	cluster_196	0.999997752593939
A0A2N5KH08	0	0	cluster_0	0.9999990237016679
A0A2N5MHH9	0	0	cluster_0	0.9999991126074305
A0A2N5N3I1	0	0	cluster_0	0.9999990659572553
A0A2N5PGS8	12	12	cluster_12	0.9999928874753578
A0A2N5WBP8	131	131	cluster_131	0.9999777861304612
A0A2N5X4W8	181	181	cluster_181	0.9999993745262947
A0A2N6AXN8	4	4	cluster_4	0.9999994433110028
A0A2N6C7S4	4	4	cluster_4	0.9999994433792826
A0A2N6CBB2	4	4	cluster_4	0.9999994386789046
A0A2N6KAY5	6	6	cluster_6	0.9999992693999822
A0A2N6MG60	6	6	cluster_6	0.9999992777058301
A0A2N6SND1	187	187	cluster_187	0.9999847726382791
A0A2N8LXQ4	4	4	cluster_4	0.9999989024623164
A0A2N8NLZ3	197	197	cluster_197	0.9999975998670229
A0A2N9NKX9	0	0	cluster_0	0.9999990914913299
A0A2N9XW27	6	6	cluster_6	0.9999989640813316
A0A2P1BNS7	208	208	cluster_208	0.9999019341124445
A0A2P1PTR8	10	10	cluster_10	0.9999296949978395
A0A2P2FXC5	0	0	cluster_0	0.9999990002728147
A0A2P5K0D7	4	4	cluster_4	0.9999990089673092
A0A2P5Z4K2	4	4	cluster_4	0.9999994178341208
A0A2P6WK10	181	181	cluster_181	0.9999990629190493
A0A2P8G7D0	181	181	cluster_181	0.9999992505527925
A0A2P8H2F2	0	0	cluster_0	0.9999989581957787
A0A2P8L6H3	2	2	cluster_2	0.9999882629404472
A0A2P9EHU6	6	6	cluster_6	0.9999991956088354
A0A2P9EXT2	181	181	cluster_181	0.9999992839367848
A0A2R3Z6A3	0	0	cluster_0	0.9999991216765308
A0A2R4WXQ9	4	4	cluster_4	0.9999989572834921
A0A2R5FIA8	6	6	cluster_6	0.9999991939951326
A0A2R5HFY5	0	0	cluster_0	0.9999991626541277
A0A2R6ANL1	0	0	cluster_0	0.9999992218645195
A0A2R6B8C5	0	0	cluster_0	0.9999991089296534
A0A2R6BEL5	0	0	cluster_0	0.99999920855029
A0A2R6Y0Z1	0	0	cluster_0	0.9999990360674332
A0A2R7T697	181	181	cluster_181	0.9999993651388632
A0A2R7Y0F0	10	10	cluster_10	0.9999499842514947
A0A2R7Y8A2	183	183	cluster_183	0.9999981579919223
A0A2S0K655	8	8	cluster_8	0.9999949701251813
A0A2S0LJ63	0	0	cluster_0	0.9999991120762907
A0A2S1KQG5	4	4	cluster_4	0.9999993971384424
A0A2S1XUA3	0	0	cluster_0	0.9999988789047632
A0A2S4HC21	89	89	cluster_89	0.9999990426812954
A0A2S4RR71	123	123	cluster_123	0.9999935990691494
A0A2S4RU68	0	0	cluster_0	0.9999992350917082
A0A2S5JH03	0	0	cluster_0	0.9999991937759071
A0A2S5K6A7	101	101	cluster_101	0.9999882469474936
A0A2S5L9T3	196	196	cluster_196	0.999996582666796
A0A2S5LA01	192	192	cluster_192	0.9999719376358004
A0A2S5R234	14	14	cluster_14	0.9999983400871548
A0A2S5RI11	4	4	cluster_4	0.999999255690307
A0A2S5Z507	2	2	cluster_2	0.9999853429056559
A0A2S5Z619	192	192	cluster_192	0.9999769697959432
A0A2S6AMN0	181	181	cluster_181	0.9999994002000063
A0A2S6SZB5	4	4	cluster_4	0.9999994456927714
A0A2S6TTH7	74	74	cluster_74	0.9999978462832055
A0A2S6V7Z2	12	12	cluster_12	0.9999956176075065
A0A2S6ZNM3	2	2	cluster_2	0.9998926384729417
A0A2S7EQT6	2	2	cluster_2	0.9999903876705764
A0A2S7K001	2	2	cluster_2	0.9999842043277815
A0A2S7YZN3	6	6	cluster_6	0.9999988745714907
A0A2S8F7P6	0	0	cluster_0	0.9999991762183023
A0A2S8F942	181	181	cluster_181	0.999999350628948
A0A2S8HD38	4	4	cluster_4	0.9999988529537459
A0A2S8PXG1	192	192	cluster_192	0.9999717029208931
A0A2S8RGI8	2	2	cluster_2	0.9999896293931887
A0A2S8ZPF1	181	181	cluster_181	0.9999993236460019
A0A2S9IC01	6	6	cluster_6	0.9999989783091405
A0A2S9KF84	182	182	cluster_182	0.9999955400838629
A0A2S9Q9B3	0	0	cluster_0	0.9999989131796042
A0A2S9WZ83	2	2	cluster_2	0.9999906808814001
A0A2S9YTQ5	0	0	cluster_0	0.9999990025624986
A0A2S9YVE6	181	181	cluster_181	0.9999992911820029
A0A2T0B8Y6	175	175	cluster_175	0.9999979354377243
A0A2T1BWK0	181	181	cluster_181	0.9999993186012641
A0A2T1DL56	6	6	cluster_6	0.9999988968241165
A0A2T1F931	12	12	cluster_12	0.999994784949964
A0A2T1LY07	6	6	cluster_6	0.9999992583873143
A0A2T2XCT7	0	0	cluster_0	0.999999101056949
A0A2T3NCW5	6	6	cluster_6	0.999999148209889
A0A2T3W4Z4	5	5	cluster_5	0.9999989007082669
A0A2T4TQH1	6	6	cluster_6	0.9999991056454699
A0A2T4WYH6	4	4	cluster_4	0.9999994936180263
A0A2T4X5F5	4	4	cluster_4	0.9999993073679504
A0A2T4XKB3	0	0	cluster_0	0.9999992939824651
A0A2T5D9Z6	187	187	cluster_187	0.9999868768356296
A0A2T5H7I5	4	4	cluster_4	0.9999993838622215
A0A2T5HVJ6	0	0	cluster_0	0.9999990496497929
A0A2T5I7H1	2	2	cluster_2	0.9999897987297945
A0A2T5LD34	5	5	cluster_5	0.9999989639571167
A0A2T5LIX4	181	181	cluster_181	0.9999992757469093
A0A2T5PGF0	140	140	cluster_140	0.9995614527290467
A0A2T5PGF7	72	72	cluster_72	0.9999261828971597
A0A2T5PGG2	66	66	cluster_66	0.9996954084327803
A0A2T7BA66	5	5	cluster_5	0.9999989294340591
A0A2T7BME0	4	4	cluster_4	0.9999992673070702
A0A2T7NVD6	5	5	cluster_5	0.9999990667080121
A0A2T7WJB9	4	4	cluster_4	0.999999253882506
A0A2T9Y7T6	5	5	cluster_5	0.9999989030227424
A0A2T9YKX1	5	5	cluster_5	0.9999987046912792
A0A2U0HXG2	0	0	cluster_0	0.999999105936523
A0A2U0SJ71	0	0	cluster_0	0.9999993157452988
A0A2U1CRJ0	196	196	cluster_196	0.9999973197931232
A0A2U1JJX4	6	6	cluster_6	0.9999989693649987
A0A2U1TVJ0	192	192	cluster_192	0.9999761619284129
A0A2U1W0N4	74	74	cluster_74	0.9999978604150112
A0A2U1YUR8	181	181	cluster_181	0.9999993623682883
A0A2U2DH58	4	4	cluster_4	0.9999994295831168
A0A2U3ANT6	0	0	cluster_0	0.9999991381520492
A0A2U3ETA1	2	2	cluster_2	0.9999889082999864
A0A2U3LGT4	88	88	cluster_88	0.9999708820845171
A0A2U8QQT7	0	0	cluster_0	0.9999991318370763
A0A2U8WDQ2	0	0	cluster_0	0.9999992848349007
A0A2U9IE31	183	183	cluster_183	0.9999986031897907
A0A2U9IN50	183	183	cluster_183	0.9999985598828918
A0A2V2BF52	2	2	cluster_2	0.999991047970486
A0A2V2DS63	0	0	cluster_0	0.9999990982045698
A0A2V2FET8	5	5	cluster_5	0.9999988875818024
A0A2V2YR54	0	0	cluster_0	0.9999990815185474
A0A2V4DVB8	208	208	cluster_208	0.9998951097653953
A0A2V7AKU3	0	0	cluster_0	0.9999990799976355
A0A2V7F776	0	0	cluster_0	0.9999990062938415
A0A2V7JWM6	4	4	cluster_4	0.9999994466578657
A0A2V7W8N2	0	0	cluster_0	0.9999993194254291
A0A2V7YKH4	0	0	cluster_0	0.9999993084105814
A0A2V7YZV7	181	181	cluster_181	0.9999991074573008
A0A2V9CTH9	0	0	cluster_0	0.9999992941882031
A0A2V9KRZ2	197	197	cluster_197	0.9999982545006599
A0A2V9M685	0	0	cluster_0	0.9999989628768966
A0A2V9RLI2	0	0	cluster_0	0.9999990264540056
A0A2V9V941	0	0	cluster_0	0.9999991564484642
A0A2W1BLD8	181	181	cluster_181	0.9999979764936745
A0A2W2C8V7	181	181	cluster_181	0.999999215960515
A0A2W2D088	5	5	cluster_5	0.9999986361695379
A0A2W2G2L3	0	0	cluster_0	0.9999989772357931
A0A2W2GTV2	0	0	cluster_0	0.9999990155931224
A0A2W4JXJ7	4	4	cluster_4	0.9999994397898947
A0A2W4MJC3	4	4	cluster_4	0.9999994003687672
A0A2W4VYX1	4	4	cluster_4	0.9999988163610417
A0A2W5ET01	6	6	cluster_6	0.9999991261152751
A0A2W5MYG1	103	103	cluster_103	0.9999953263794995
A0A2W5QIV7	2	2	cluster_2	0.9999901854027707
A0A2W5SDV2	0	0	cluster_0	0.9999991074768139
A0A2W6NND4	162	162	cluster_162	0.9998775732082451
A0A2W6S3T4	103	103	cluster_103	0.9999953406563663
A0A2W6XFE6	0	0	cluster_0	0.9999992596354236
A0A2W6XV23	14	14	cluster_14	0.9999984033942474
A0A2W6Z970	74	74	cluster_74	0.9999978877761839
A0A2X2E8H9	6	6	cluster_6	0.9999991273799439
A0A2X2K130	0	0	cluster_0	0.9999990724952666
A0A2X2Y8B4	131	131	cluster_131	0.9999762736613241
A0A2X3IQI3	17	17	cluster_17	0.9999943820885911
A0A2X3UEI2	187	187	cluster_187	0.9999882072056034
A0A2X3WLC2	32	32	cluster_32	0.9999628087345104
A0A2X3Y0U1	4	4	cluster_4	0.9999994837918198
A0A2Y8ZQ22	127	127	cluster_127	0.9999982505472672
A0A2Z2N0L6	0	0	cluster_0	0.99999896360709
A0A2Z2NLX2	192	192	cluster_192	0.9999761334447984
A0A2Z3GX68	0	0	cluster_0	0.9999989534358291
A0A2Z3H8I5	6	6	cluster_6	0.9999992019077427
A0A2Z3R0P0	74	74	cluster_74	0.9999983369822959
A0A2Z4J7X7	197	197	cluster_197	0.9999982697612003
A0A2Z5Y0T0	0	0	cluster_0	0.9999990248568419
A0A315H611	123	123	cluster_123	0.9999934066991414
A0A316EY55	0	0	cluster_0	0.999999043301955
A0A316L907	17	17	cluster_17	0.9999927566695277
A0A316LM77	181	181	cluster_181	0.999999400856402
A0A317CM25	192	192	cluster_192	0.9999768902289605
A0A317GJZ8	4	4	cluster_4	0.9999994252685952
A0A317GTL6	5	5	cluster_5	0.9999984037073184
A0A317HFC5	4	4	cluster_4	0.9999991280411986
A0A317U8K6	0	0	cluster_0	0.9999988671532177
A0A317YTT7	19	19	cluster_19	0.9992067952121595
A0A318HHK6	74	74	cluster_74	0.9999978295621038
A0A318MXT6	0	0	cluster_0	0.9999993167600577
A0A318MYU5	3	3	cluster_3	0.9999839435054989
A0A318NWL2	77	77	cluster_77	0.9999882768813619
A0A318PEB0	2	2	cluster_2	0.9999915243399868
A0A326GBR2	0	0	cluster_0	0.9999993236291339
A0A327UTL6	0	0	cluster_0	0.9999990401136872
A0A327W5C5	0	0	cluster_0	0.9999991039183269
A0A328PYA0	0	0	cluster_0	0.9999990520382194
A0A328S659	8	8	cluster_8	0.9999902879328821
A0A328VF58	0	0	cluster_0	0.9999988209241955
A0A328WUX0	0	0	cluster_0	0.9999991415782908
A0A329VAE1	192	192	cluster_192	0.9999760551013587
A0A330LPU8	182	182	cluster_182	0.9999973138996066
A0A343TKR7	181	181	cluster_181	0.9999990573907082
A0A345C1G1	0	0	cluster_0	0.9999987563917039
A0A345GWQ4	5	5	cluster_5	0.9999988960207806
A0A345IFU4	4	4	cluster_4	0.9999993808757407
A0A345YR51	181	181	cluster_181	0.999999270744075
A0A346MYS1	181	181	cluster_181	0.9999992398213883
A0A346Y6R3	196	196	cluster_196	0.9999979201788807
A0A347WI90	187	187	cluster_187	0.9999880155539842
A0A347WIV0	4	4	cluster_4	0.9999993831815387
A0A348S0G1	0	0	cluster_0	0.9999992618401707
A0A348TNV5	4	4	cluster_4	0.99999946320346
A0A348V165	181	181	cluster_181	0.9999992026787667
A0A348VT33	101	101	cluster_101	0.9999884977322702
A0A348YZJ2	17	17	cluster_17	0.9999920612787632
A0A349H8B5	208	208	cluster_208	0.999907035386587
A0A349J6Z2	4	4	cluster_4	0.9999994394024171
A0A349KXC0	192	192	cluster_192	0.9999736383048247
A0A349N1C8	4	4	cluster_4	0.999999405108019
A0A349VUM3	6	6	cluster_6	0.999999105395934
A0A349YL23	181	181	cluster_181	0.9999993426682319
A0A350QFJ3	6	6	cluster_6	0.999999040200761
A0A350TIN9	5	5	cluster_5	0.9999990029634247
A0A350X5V4	6	6	cluster_6	0.999998798853024
A0A350YGU3	0	0	cluster_0	0.999999099220044
A0A351WZ22	0	0	cluster_0	0.9999991662481543
A0A351ZVL1	0	0	cluster_0	0.9999992836085337
A0A352FF67	4	4	cluster_4	0.9999994519457746
A0A352JNM8	196	196	cluster_196	0.9999976201429472
A0A352JNN0	196	196	cluster_196	0.9999974977270187
A0A352M3X1	0	0	cluster_0	0.9999989176263568
A0A352QPL5	17	17	cluster_17	0.9999924255226121
A0A353MBS3	5	5	cluster_5	0.999998974410619
A0A353P6V2	0	0	cluster_0	0.9999990349378324
A0A353RY14	12	12	cluster_12	0.999994275349195
A0A354ERI3	103	103	cluster_103	0.9999954062200884
A0A354ZKZ4	181	181	cluster_181	0.9999993401733455
A0A355BDH1	6	6	cluster_6	0.9999991994001366
A0A355YBQ2	3	3	cluster_3	0.9999523720895217
A0A356BE34	6	6	cluster_6	0.9999990089104239
A0A356FZ26	0	0	cluster_0	0.9999993404579233
A0A356VWG0	6	6	cluster_6	0.9999985579236589
A0A356Z6W3	0	0	cluster_0	0.9999992441010607
A0A357B6C1	4	4	cluster_4	0.9999994730075835
A0A357IJB3	69	69	cluster_69	0.9999886486596202
A0A357IP45	69	69	cluster_69	0.9999896228674611
A0A357XX63	197	197	cluster_197	0.9999984815094557
A0A357XX87	197	197	cluster_197	0.9999981359315375
A0A358DZ57	196	196	cluster_196	0.9999978014593721
A0A358Y7S7	0	0	cluster_0	0.9999990974433385
A0A359B4E4	0	0	cluster_0	0.9999991701193759
A0A359G4K1	0	0	cluster_0	0.9999990345151824
A0A359IKD3	175	175	cluster_175	0.9999985208729578
A0A359M9W4	196	196	cluster_196	0.9999973244655092
A0A364NNL1	4	4	cluster_4	0.9999988890093874
A0A365H6E4	181	181	cluster_181	0.9999994037870792
A0A365YXU3	4	4	cluster_4	0.9999992630308265
A0A366G5N7	2	2	cluster_2	0.9999879638734437
A0A366HFN4	4	4	cluster_4	0.9999994643038671
A0A366HHD7	196	196	cluster_196	0.9999973417016672
A0A366IF28	131	131	cluster_131	0.9999780448193095
A0A366XII3	6	6	cluster_6	0.9999991396474995
A0A367F3V0	0	0	cluster_0	0.9999991352934204
A0A368AZA7	6	6	cluster_6	0.9999987652327281
A0A368LC00	4	4	cluster_4	0.9999992763527393
A0A368TYU2	192	192	cluster_192	0.9999776109559763
A0A368UDE8	6	6	cluster_6	0.9999988376196924
A0A368VQP9	17	17	cluster_17	0.9999916998910755
A0A368YFQ6	4	4	cluster_4	0.9999994157296378
A0A368ZGI2	0	0	cluster_0	0.9999993032258264
A0A369AWP5	187	187	cluster_187	0.9999886200775526
A0A369FI97	2	2	cluster_2	0.9999914627658548
A0A369VPI5	4	4	cluster_4	0.999998831060763
A0A370JWK4	181	181	cluster_181	0.999998947755009
A0A370JY44	5	5	cluster_5	0.9999989283920342
A0A370LRI5	6	6	cluster_6	0.999999326094363
A0A370V5B6	12	12	cluster_12	0.9999954194802623
A0A371WYL6	181	181	cluster_181	0.9999991323530873
A0A371XBK1	0	0	cluster_0	0.9999992428908527
A0A371Z317	0	0	cluster_0	0.9999988437961417
A0A372KNT2	131	131	cluster_131	0.9999789655347888
A0A372MI20	5	5	cluster_5	0.9999989121655403
A0A373A335	197	197	cluster_197	0.9999988087312908
A0A373FBB3	2	2	cluster_2	0.9999880471967045
A0A374USP2	0	0	cluster_0	0.9999990901614142
A0A375AB17	10	10	cluster_10	0.9999332403080257
A0A376AKJ4	0	0	cluster_0	0.9999989541584198
A0A376ERJ0	181	181	cluster_181	0.9999993374752887
A0A377BFD5	165	165	cluster_165	0.9995500265400967
A0A377J5K5	6	6	cluster_6	0.9999989504434914
A0A377VUZ1	77	77	cluster_77	0.9999922697740207
A0A378CIQ4	0	0	cluster_0	0.9999992574928285
A0A378FTM5	6	6	cluster_6	0.9999988223923469
A0A378IE06	0	0	cluster_0	0.9999988670377133
A0A378JES1	0	0	cluster_0	0.9999988788810975
A0A378MSV7	6	6	cluster_6	0.9999980173299988
A0A378TSE4	6	6	cluster_6	0.999998962878718
A0A378TTN1	182	182	cluster_182	0.999996784922795
A0A378U177	6	6	cluster_6	0.9999989038609369
A0A378UEV7	123	123	cluster_123	0.9999938366023516
A0A378VAR2	197	197	cluster_197	0.9999987310463947
A0A379DB22	5	5	cluster_5	0.9999989483085372
A0A379FYQ1	77	77	cluster_77	0.9999899667357052
A0A379QMQ9	36	36	cluster_36	0.9983934326260658
A0A380B6A4	182	182	cluster_182	0.9999973476733537
A0A380E535	0	0	cluster_0	0.9999990037404856
A0A380FIF2	0	0	cluster_0	0.9999987827381109
A0A380G7A4	19	19	cluster_19	0.9992954388089709
A0A380H381	5	5	cluster_5	0.9999988576188646
A0A380PQ98	3	3	cluster_3	0.9999798308193123
A0A380TKX4	0	0	cluster_0	0.9999990737305289
A0A381C277	6	6	cluster_6	0.9999991420612375
A0A381I656	12	12	cluster_12	0.9999900184570089
A0A381UZ76	4	4	cluster_4	0.9999994460104753
A0A382BAI4	0	0	cluster_0	0.9999992316401236
A0A385BJB6	8	8	cluster_8	0.9999936370376273
A0A385STG2	181	181	cluster_181	0.9999993931222028
A0A385YVC2	0	0	cluster_0	0.999998953761099
A0A386HQE3	0	0	cluster_0	0.9999991073967354
A0A386HUS2	0	0	cluster_0	0.9999990617463222
A0A389M0F2	192	192	cluster_192	0.9999769558281655
A0A395V1T8	69	69	cluster_69	0.9999878506372517
A0A396CLG8	4	4	cluster_4	0.9999994493560324
A0A396QHM6	12	12	cluster_12	0.9999879970553122
A0A397WQ55	0	0	cluster_0	0.9999990626818654
A0A398BBF9	0	0	cluster_0	0.999999126551679
A0A398C9K8	0	0	cluster_0	0.9999990091116986
A0A399RM31	2	2	cluster_2	0.9999906552391192
A0A3A0A916	0	0	cluster_0	0.999999098744613
A0A3A1P4V1	103	103	cluster_103	0.9999953722090765
A0A3A1Y7S0	6	6	cluster_6	0.9999986563540849
A0A3A1YA45	6	6	cluster_6	0.9999990959344609
A0A3A1YA77	6	6	cluster_6	0.9999981257101689
A0A3A1YAT1	6	6	cluster_6	0.9999986709581996
A0A3A1YEZ2	6	6	cluster_6	0.9999985478045351
A0A3A1YFP5	6	6	cluster_6	0.99999856671522
A0A3A1YJ11	6	6	cluster_6	0.9999977672499726
A0A3A1YQ38	4	4	cluster_4	0.9999994838002342
A0A3A4B787	0	0	cluster_0	0.999998999932272
A0A3A4NCT8	181	181	cluster_181	0.9999991526868698
A0A3A5L191	6	6	cluster_6	0.99999911612389
A0A3A5LC89	0	0	cluster_0	0.9999988039844716
A0A3A5Q8M2	187	187	cluster_187	0.9999870865044044
A0A3A6QIG3	89	89	cluster_89	0.9999990235573046
A0A3A6T3I8	6	6	cluster_6	0.9999990512840292
A0A3A8YEA8	131	131	cluster_131	0.9999791976424656
A0A3A8YHL5	131	131	cluster_131	0.9999805881385182
A0A3A8Z8Z4	131	131	cluster_131	0.999978678508679
A0A3A9A945	17	17	cluster_17	0.9999917235594261
A0A3A9EQ07	131	131	cluster_131	0.9999788869179291
A0A3A9F5S4	12	12	cluster_12	0.9999921998148473
A0A3A9FNS4	131	131	cluster_131	0.9999769758916905
A0A3B0AAX9	0	0	cluster_0	0.9999991091718818
A0A3B0ACS6	0	0	cluster_0	0.9999991216735543
A0A3B0UYR7	0	0	cluster_0	0.9999992112472782
A0A3B1DB49	0	0	cluster_0	0.999999298697847
A0A3B1E0M5	6	6	cluster_6	0.9999992145757384
A0A3B3WMS3	5	5	cluster_5	0.9999987534863938
A0A3B7LBY8	0	0	cluster_0	0.9999992795125716
A0A3B8IIB5	0	0	cluster_0	0.9999991192237346
A0A3B8LY80	4	4	cluster_4	0.9999994476146628
A0A3B8N9T9	0	0	cluster_0	0.9999988178235775
A0A3B8PT35	182	182	cluster_182	0.9999951194889677
A0A3B8UCU7	0	0	cluster_0	0.9999992873769816
A0A3B9AFU9	181	181	cluster_181	0.999999251229825
A0A3B9H546	0	0	cluster_0	0.9999990620926177
A0A3B9MPG4	181	181	cluster_181	0.9999993514687475
A0A3B9ZS05	181	181	cluster_181	0.9999991983949639
A0A3C0M7H9	181	181	cluster_181	0.9999992564719739
A0A3C0SWV9	5	5	cluster_5	0.9999989873248493
A0A3C0TQB3	181	181	cluster_181	0.9999967497870036
A0A3C1ACT3	0	0	cluster_0	0.9999992763774983
A0A3C1JV12	0	0	cluster_0	0.9999990591215928
A0A3C1SB15	6	6	cluster_6	0.9999991716839645
A0A3C1VBF5	0	0	cluster_0	0.9999993164987107
A0A3C1WVJ4	0	0	cluster_0	0.999999060950913
A0A3C2BA76	8	8	cluster_8	0.9999950469250412
A0A3C2EAZ5	0	0	cluster_0	0.9999992914963763
A0A3C2EBD5	181	181	cluster_181	0.9999991753581409
A0A3D0EKS3	0	0	cluster_0	0.9999991313992378
A0A3D0HNX7	131	131	cluster_131	0.9999781272945627
A0A3D0LCA9	0	0	cluster_0	0.999999141993927
A0A3D0Q8I6	0	0	cluster_0	0.9999990318503128
A0A3D0V5K7	196	196	cluster_196	0.9999972891474065
A0A3D0V7W9	5	5	cluster_5	0.9999989418827405
A0A3D0ZAI1	0	0	cluster_0	0.9999984676268405
A0A3D1D0R6	4	4	cluster_4	0.9999994553044329
A0A3D1RAG8	6	6	cluster_6	0.9999993129242939
A0A3D1WDV7	6	6	cluster_6	0.9999991177786289
A0A3D2U8W4	0	0	cluster_0	0.9999990372330375
A0A3D2UXZ3	0	0	cluster_0	0.9999993269637946
A0A3D2Z6K3	4	4	cluster_4	0.9999994819848411
A0A3D3JLA4	0	0	cluster_0	0.9999990194829844
A0A3D3KH88	5	5	cluster_5	0.9999988843252459
A0A3D3KR12	4	4	cluster_4	0.9999994492200597
A0A3D3TFI4	181	181	cluster_181	0.9999993396106968
A0A3D3V368	181	181	cluster_181	0.9999989700016498
A0A3D4HJE3	0	0	cluster_0	0.9999991554422006
A0A3D4PBQ6	0	0	cluster_0	0.999999033564159
A0A3D4QV18	131	131	cluster_131	0.9999771907740326
A0A3D4VTE9	21	21	cluster_21	0.9999185326076239
A0A3D4WVW5	0	0	cluster_0	0.9999989766459986
A0A3D5CMI5	74	74	cluster_74	0.9999964024128326
A0A3D5DBD8	74	74	cluster_74	0.9999982066014292
A0A3D5FIB2	0	0	cluster_0	0.9999992749593737
A0A3D5PPN0	4	4	cluster_4	0.9999993770742522
A0A3D5RK90	5	5	cluster_5	0.9999989956610791
A0A3D5ZMN8	4	4	cluster_4	0.9999993985257462
A0A3D6BYM4	35	35	cluster_35	0.9999680325968531
A0A3D6DC68	0	0	cluster_0	0.9999988871011125
A0A3D8HAH8	0	0	cluster_0	0.9999990970452697
A0A3D8MBG5	4	4	cluster_4	0.9999994562073888
A0A3D9DRL5	2	2	cluster_2	0.9999898477713153
A0A3D9Q1G1	0	0	cluster_0	0.9999990592757361
A0A3E0CJ99	2	2	cluster_2	0.9999899243558354
A0A3E0EPU0	6	6	cluster_6	0.9999989769134092
A0A3E0IKI8	19	19	cluster_19	0.9993213453912764
A0A3E0N2G0	17	17	cluster_17	0.999992640690623
A0A3E0UJ19	6	6	cluster_6	0.9999991290788774
A0A3E0VNQ0	4	4	cluster_4	0.9999994260277855
A0A3E0WHJ6	3	3	cluster_3	0.9999662086821683
A0A3E2WH76	10	10	cluster_10	0.9999479659620957
A0A3E3I214	10	10	cluster_10	0.9999356808701698
A0A3E4K686	131	131	cluster_131	0.9999782713448415
A0A3E4LHT4	131	131	cluster_131	0.9999781472921385
A0A3E4N492	4	4	cluster_4	0.9999994709924044
A0A3F2ZUI9	17	17	cluster_17	0.9999910143988321
A0A3F3ISQ1	2	2	cluster_2	0.9999893174292775
A0A3F3ITI1	6	6	cluster_6	0.9999991375064672
A0A3G1A599	0	0	cluster_0	0.999999113356462
A0A3G1A6D9	183	183	cluster_183	0.9999987836219205
A0A3G2HR97	192	192	cluster_192	0.9999740926089663
A0A3G2HWM1	134	134	cluster_134	0.9994192777191723
A0A3G2IGF9	5	5	cluster_5	0.9999989308307866
A0A3G4VY50	197	197	cluster_197	0.9999987417485785
A0A3G4VZP2	181	181	cluster_181	0.9999993770530012
A0A3G5FM69	4	4	cluster_4	0.9999994532148612
A0A3G5U8J6	17	17	cluster_17	0.9999766718364095
A0A3G8WTZ1	0	0	cluster_0	0.9999991402386195
A0A3K0WIK0	123	123	cluster_123	0.9999937924304924
A0A3L7UHB1	0	0	cluster_0	0.9999988399863071
A0A3L7VHT7	0	0	cluster_0	0.9999989488291458
A0A3L8BFH7	182	182	cluster_182	0.99999728185527
A0A3L8BSE7	4	4	cluster_4	0.9999988203044604
A0A3M0A3V2	4	4	cluster_4	0.9999994030985339
A0A3M0HXC3	181	181	cluster_181	0.9999993664484214
A0A3M0LPZ6	4	4	cluster_4	0.9999993965289729
A0A3M0X0T8	10	10	cluster_10	0.9999496678976348
A0A3M0XRR0	10	10	cluster_10	0.9999511587468665
A0A3M0XYH5	10	10	cluster_10	0.9999364383340278
A0A3M1DDB7	10	10	cluster_10	0.999951758774192
A0A3M1DT15	0	0	cluster_0	0.999999003379145
A0A3M1GH90	0	0	cluster_0	0.9999993634651103
A0A3M1KZB8	0	0	cluster_0	0.9999992471666787
A0A3M1PNT2	0	0	cluster_0	0.9999989439680611
A0A3M1YVL5	4	4	cluster_4	0.9999994976476415
A0A3M2BUN1	202	202	cluster_202	0.9999893103494811
A0A3M2D2P3	181	181	cluster_181	0.9999993002355688
A0A3M2E234	74	74	cluster_74	0.9999981907202958
A0A3M2GT54	181	181	cluster_181	0.9999989077480758
A0A3M2H640	182	182	cluster_182	0.9999969308280439
A0A3M5P9L2	0	0	cluster_0	0.9999992379154675
A0A3M6KQG8	181	181	cluster_181	0.9999992852570164
A0A3M9MFL2	4	4	cluster_4	0.9999994390029155
A0A3N0UAY6	0	0	cluster_0	0.9999992121131084
A0A3N0WG34	0	0	cluster_0	0.9999991174375387
A0A3N1R8Q5	2	2	cluster_2	0.9999882094494238
A0A3N1Y166	202	202	cluster_202	0.9999903175466143
A0A3N2FUH7	0	0	cluster_0	0.9999990182886859
A0A3N2H360	0	0	cluster_0	0.9999987610611218
A0A3N2HRA9	4	4	cluster_4	0.9999993970482274
A0A3N4QDC0	5	5	cluster_5	0.9999988636942698
A0A3N5I1G1	0	0	cluster_0	0.99999912510174
A0A3N5L7F8	0	0	cluster_0	0.9999992551549163
A0A3N5R410	0	0	cluster_0	0.9999990653601669
A0A3N5ULF5	4	4	cluster_4	0.9999994448482847
A0A3N6WRG8	0	0	cluster_0	0.9999990170948394
A0A3N6ZUU2	4	4	cluster_4	0.9999985074550587
A0A3N8QGS6	5	5	cluster_5	0.9999989252726265
A0A3N9TN25	131	131	cluster_131	0.9999786159836641
A0A3N9WNG4	0	0	cluster_0	0.9999991118940372
A0A3P0MYC9	4	4	cluster_4	0.9999994124805075
A0A3P1CKM3	8	8	cluster_8	0.9999957344248482
A0A3P8KN77	4	4	cluster_4	0.9999994478459713
A0A3P8XVE9	5	5	cluster_5	0.9999988215785169
A0A3Q2HVL2	4	4	cluster_4	0.9999993813896869
A0A3Q2XIQ1	5	5	cluster_5	0.9999988712430414
A0A3R0NDZ3	22	22	cluster_22	0.9999960096279209
A0A3R1CV92	2	2	cluster_2	0.9999905230589514
A0A3R6D7B9	12	12	cluster_12	0.9999927098782312
A0A3R6F478	0	0	cluster_0	0.9999990938585936
A0A3R6HIT3	6	6	cluster_6	0.9999989571272228
A0A3R6JNN0	12	12	cluster_12	0.9999919114792563
A0A3R6TRH6	0	0	cluster_0	0.9999991852506699
A0A3R7LQ10	0	0	cluster_0	0.9999989385729044
A0A3R9IEB6	58	58	cluster_58	0.9993526992378908
A0A3R9JUC2	32	32	cluster_32	0.9999654045777181
A0A3R9PEI6	58	58	cluster_58	0.9993674510250723
A0A3S0AAQ0	4	4	cluster_4	0.9999994138989854
A0A3S0J5G8	131	131	cluster_131	0.9999765079397032
A0A3S0PK49	74	74	cluster_74	0.9999978003297496
A0A3S0WV14	4	4	cluster_4	0.999998703731383
A0A3S0YE09	95	95	cluster_95	0.9999596553117857
A0A3S1D8R6	0	0	cluster_0	0.9999991421520205
A0A3S3HUX2	0	0	cluster_0	0.9999985648544512
A0A3S3K6H0	0	0	cluster_0	0.999999233145714
A0A3S3KBV0	0	0	cluster_0	0.9999991308377933
A0A3S3QNP4	5	5	cluster_5	0.9999989599616038
A0A3S3TU31	103	103	cluster_103	0.9999953248763794
A0A3S4ZAF1	6	6	cluster_6	0.9999991303573774
A0A3S6QN32	5	5	cluster_5	0.9999989795628882
A0A3T0C4N7	123	123	cluster_123	0.9999936776742753
A0A3T0D9H4	175	175	cluster_175	0.9999983217980675
A0A3T1B2R1	181	181	cluster_181	0.9999993318377419
A0A3T1RCS4	97	97	cluster_97	0.9999117821593174
A0A3T1X9X6	177	177	cluster_177	0.9995645775806135
A0A3T2AXG5	60	60	cluster_60	0.9993927714694298
A0A3T2F729	88	88	cluster_88	0.9999720881299362
A0A3T2MVY0	60	60	cluster_60	0.9993571214820209
A0A3V8I3C3	2	2	cluster_2	0.9999834216534447
A0A3Y4YM45	2	2	cluster_2	0.9999847842222089
A0A3Y7R4C8	181	181	cluster_181	0.9999992840570543
A0A3Y8HY14	126	126	cluster_126	0.9997858875905821
A0A3Y9C7R9	2	2	cluster_2	0.9999579592341367
A0A401FPL3	0	0	cluster_0	0.9999991172405293
A0A401HPW2	4	4	cluster_4	0.9999987768558889
A0A401YZ32	197	197	cluster_197	0.9999985807118872
A0A402A7T4	181	181	cluster_181	0.9999993499482815
A0A402BPV8	10	10	cluster_10	0.9998915726481169
A0A402WM19	123	123	cluster_123	0.9999923101793458
A0A410G0G1	74	74	cluster_74	0.9999979945531333
A0A410Q6T0	4	4	cluster_4	0.9999994121973759
A0A410WW78	74	74	cluster_74	0.9999968187238237
A0A410WWV0	162	162	cluster_162	0.9998232883845298
A0A410WWZ6	181	181	cluster_181	0.999999260411751
A0A411A2U9	10	10	cluster_10	0.9994409558600782
A0A412CE59	4	4	cluster_4	0.9999993996668781
A0A412PKW5	131	131	cluster_131	0.9999772024892933
A0A412PMP7	145	145	cluster_145	0.999994744041866
A0A413UYB9	6	6	cluster_6	0.999999021142904
A0A413YZN1	0	0	cluster_0	0.9999986094830822
A0A414KCC6	69	69	cluster_69	0.9999865776682162
A0A414PQA1	0	0	cluster_0	0.999998750474986
A0A414ZR15	181	181	cluster_181	0.9999992885255605
A0A415G998	69	69	cluster_69	0.9999832878610603
A0A415RZ02	0	0	cluster_0	0.9999993294237886
A0A416KAH0	0	0	cluster_0	0.9999985897490362
A0A417WLZ7	0	0	cluster_0	0.9999986665345053
A0A417XYG7	196	196	cluster_196	0.9999978651442757
A0A418QG41	5	5	cluster_5	0.9999989307202828
A0A418RRP5	10	10	cluster_10	0.9999536896956523
A0A418UR93	4	4	cluster_4	0.9999994416683471
A0A418VUK1	0	0	cluster_0	0.9999988238658646
A0A418ZRC5	0	0	cluster_0	0.9999990953734424
A0A419F0H9	181	181	cluster_181	0.9999991013278156
A0A419HTD4	197	197	cluster_197	0.9999983615817701
A0A419I4X8	0	0	cluster_0	0.9999990918888022
A0A419N368	2	2	cluster_2	0.9999861703876924
A0A420YSP6	131	131	cluster_131	0.999979241531319
A0A421BGW8	187	187	cluster_187	0.9999883409280613
A0A423KD17	0	0	cluster_0	0.9999990374121226
A0A423Y426	0	0	cluster_0	0.9999990395460122
A0A424WKD2	4	4	cluster_4	0.9999987706708373
A0A426JXT2	0	0	cluster_0	0.9999990334157712
A0A426UUZ1	127	127	cluster_127	0.9999982442822518
A0A427G398	182	182	cluster_182	0.9999967080658936
A0A427L2N6	182	182	cluster_182	0.9999971003707285
A0A428G6C4	145	145	cluster_145	0.9999943146937612
A0A428I9S0	145	145	cluster_145	0.9999932483693148
A0A428K3Z0	181	181	cluster_181	0.9999992861237159
A0A429BEP7	181	181	cluster_181	0.9999993484520429
A0A429EHP0	4	4	cluster_4	0.9999994051214834
A0A429GQQ8	183	183	cluster_183	0.9999983345980223
A0A429S0X5	181	181	cluster_181	0.9999993800089546
A0A429ZXU3	187	187	cluster_187	0.9999884720895643
A0A430A7U1	187	187	cluster_187	0.9999880368675887
A0A430AKP9	175	175	cluster_175	0.9999985399050819
A0A430ANI8	187	187	cluster_187	0.9999892635617723
A0A430AR30	12	12	cluster_12	0.9999946782210744
A0A430AWU8	187	187	cluster_187	0.9999870221785573
A0A430ED63	0	0	cluster_0	0.9999993017271356
A0A430HL11	192	192	cluster_192	0.999975530920232
A0A431HEB2	181	181	cluster_181	0.9999991426868295
A0A432EPJ8	74	74	cluster_74	0.999998209427166
A0A432M5V3	5	5	cluster_5	0.9999990233972326
A0A432RAJ0	0	0	cluster_0	0.999998622550565
A0A432XBR7	4	4	cluster_4	0.9999994485316365
A0A433ECE3	4	4	cluster_4	0.999999447488934
A0A433JR76	4	4	cluster_4	0.9999994105437968
A0A433PXY1	5	5	cluster_5	0.9999985512720759
A0A433SCZ2	143	143	cluster_143	0.997717062807374
A0A439RWR8	0	0	cluster_0	0.9999988059438856
A0A442RUK6	6	6	cluster_6	0.9999990205579371
A0A443IKX7	0	0	cluster_0	0.9999991279712567
A0A443SAZ4	4	4	cluster_4	0.9999987255571199
A0A444W6D1	4	4	cluster_4	0.9999995017124161
A0A447EB45	8	8	cluster_8	0.9999955314007112
A0A448MN61	4	4	cluster_4	0.9999994133657293
A0A453MDW1	5	5	cluster_5	0.9999987713701947
A0A455SNB3	181	181	cluster_181	0.9999992935832115
A0A459NDX2	15	15	cluster_15	0.9994810144557137
A0A461F3T8	30	30	cluster_30	0.999596449677102
A0A482IT11	2	2	cluster_2	0.9999913264887168
A0A482YCT0	4	4	cluster_4	0.9999988995405253
A0A483LRA2	36	36	cluster_36	0.9989945717091777
A0A483M5B8	182	182	cluster_182	0.9999969915231226
A0A484H2U4	181	181	cluster_181	0.9999991106295264
A0A484WSI6	2	2	cluster_2	0.999989805924522
A0A485A6B6	95	95	cluster_95	0.9999697000080612
A0A486QYV8	2	2	cluster_2	0.9999908847889288
A0A494X515	8	8	cluster_8	0.999994910464814
A0A494YWQ0	0	0	cluster_0	0.9999991356402812
A0A495ANY9	0	0	cluster_0	0.9999992665227335
A0A495QUJ5	181	181	cluster_181	0.9999990053892223
A0A495Z8Y4	10	10	cluster_10	0.9999302287267912
A0A496A3P2	17	17	cluster_17	0.9999906792255377
A0A496RKS8	197	197	cluster_197	0.9999986348379561
A0A496RMK7	0	0	cluster_0	0.999999005559801
A0A496SBE8	10	10	cluster_10	0.9999496878572263
A0A496W7T8	10	10	cluster_10	0.999942665899315
A0A496ZSI4	10	10	cluster_10	0.9999233343169556
A0A497EZH3	0	0	cluster_0	0.9999984522635096
A0A497F8K6	183	183	cluster_183	0.9999978157099124
A0A497FAL9	4	4	cluster_4	0.999998766556088
A0A497FIS2	183	183	cluster_183	0.9999983993930073
A0A497FLI7	183	183	cluster_183	0.9999988331340244
A0A497GB35	183	183	cluster_183	0.999998179160794
A0A497GQ43	183	183	cluster_183	0.9999984932963215
A0A497KL12	10	10	cluster_10	0.9999507591066658
A0A497L833	4	4	cluster_4	0.9999981372206611
A0A497QC46	10	10	cluster_10	0.9999580650522554
A0A497R1B5	10	10	cluster_10	0.9999482672645355
A0A497RND4	183	183	cluster_183	0.9999987391794936
A0A497RP41	10	10	cluster_10	0.9999316789554799
A0A497RZ24	0	0	cluster_0	0.9999988987208022
A0A497S1L5	183	183	cluster_183	0.9999981246231066
A0A497TNW5	74	74	cluster_74	0.9999981409304657
A0A497V0Y4	6	6	cluster_6	0.9999990349433628
A0A497VDZ9	7	7	cluster_7	0.999997391777865
A0A497XLC0	181	181	cluster_181	0.9999992147381851
A0A498DAH5	0	0	cluster_0	0.9999991240471847
A0A498GT66	0	0	cluster_0	0.9999992484749832
A0A4B9HZ04	114	114	cluster_114	0.9988634076600811
A0A4C2EBJ2	181	181	cluster_181	0.9999989736991374
A0A4D6Y092	4	4	cluster_4	0.9999994452851253
A0A4D7CWX2	187	187	cluster_187	0.9999879431592108
A0A4E0QQE6	181	181	cluster_181	0.9999992335282766
A0A4P1RZQ5	181	181	cluster_181	0.9999991680313568
A0A4P6JQ53	0	0	cluster_0	0.9999988587895822
A0A4P6PZ27	127	127	cluster_127	0.9999981915606537
A0A4P8C2L9	2	2	cluster_2	0.9999903775231788
A0A4P8J0F4	2	2	cluster_2	0.9999898366337886
A0A4P8SJX8	101	101	cluster_101	0.9999881872622058
A0A4P8XNE5	0	0	cluster_0	0.9999992161030212
A0A4P9K4P8	74	74	cluster_74	0.9999982071268684
A0A4Q0IUC2	6	6	cluster_6	0.9999990216653919
A0A4Q1DIN8	101	101	cluster_101	0.9999886602181728
A0A4Q1ZVD2	5	5	cluster_5	0.9999989269281244
A0A4Q3AGJ3	14	14	cluster_14	0.999998376242758
A0A4Q3ATZ9	14	14	cluster_14	0.9999983127405401
A0A4Q3R8U3	0	0	cluster_0	0.999998725922549
A0A4Q5LYN6	181	181	cluster_181	0.9999993238340095
A0A4Q5U1U9	0	0	cluster_0	0.999999072837703
A0A4Q6F417	182	182	cluster_182	0.9999960702281652
A0A4Q7VB52	0	0	cluster_0	0.9999986413162794
A0A4Q8ACW6	4	4	cluster_4	0.9999994539806961
A0A4Q9XSE4	192	192	cluster_192	0.9999758469699365
A0A4Q9Z1K5	0	0	cluster_0	0.9999993075444816
A0A4R0HSB2	0	0	cluster_0	0.9999992836011883
A0A4R0XMA3	2	2	cluster_2	0.9999867800961835
A0A4R1G9S4	0	0	cluster_0	0.9999991705700703
A0A4R1JLY5	0	0	cluster_0	0.999998531698863
A0A4R1K3B8	0	0	cluster_0	0.999998943358555
A0A4R1MMG4	5	5	cluster_5	0.9999988997861843
A0A4R1MX83	2	2	cluster_2	0.999990202249227
A0A4R1QAL5	17	17	cluster_17	0.9999930564699535
A0A4R1RVG4	17	17	cluster_17	0.9999917777065094
A0A4R1YW23	0	0	cluster_0	0.9999992695508917
A0A4R2DPT7	181	181	cluster_181	0.9999992020504488
A0A4R2EF97	0	0	cluster_0	0.9999992302626141
A0A4R2KJA8	192	192	cluster_192	0.9999770782528793
A0A4R2PEQ4	181	181	cluster_181	0.9999991436762127
A0A4R2Q4Y6	0	0	cluster_0	0.9999991356468282
A0A4R2QJ05	0	0	cluster_0	0.9999990479914916
A0A4R2RZ97	0	0	cluster_0	0.9999991508696617
A0A4R2U2V4	10	10	cluster_10	0.9999472304662889
A0A4R3LAE7	10	10	cluster_10	0.9999423289091797
A0A4R3LBU8	181	181	cluster_181	0.9999992727057008
A0A4R3ML31	10	10	cluster_10	0.9999465166931838
A0A4R3VL61	4	4	cluster_4	0.9999994356550456
A0A4R4DZ96	0	0	cluster_0	0.9999991291261053
A0A4R4HJC9	6	6	cluster_6	0.9999990709472009
A0A4R4M6K5	197	197	cluster_197	0.9999982558423562
A0A4R4NHR6	181	181	cluster_181	0.999999305183642
A0A4R4QXI2	4	4	cluster_4	0.9999994163815893
A0A4R4QZH1	181	181	cluster_181	0.999999265288606
A0A4R4TJ46	181	181	cluster_181	0.9999993386163235
A0A4R4UEA0	0	0	cluster_0	0.9999991287147723
A0A4R4X8Y9	0	0	cluster_0	0.9999990552927066
A0A4R4ZD88	181	181	cluster_181	0.9999993150400621
A0A4R5CB95	197	197	cluster_197	0.9999986833268805
A0A4R5F960	0	0	cluster_0	0.9999989967444232
A0A4R5GWZ2	5	5	cluster_5	0.9999978840497266
A0A4R5M6B8	2	2	cluster_2	0.9999911308266497
A0A4R6DST9	2	2	cluster_2	0.9999821120711684
A0A4R6E1F4	123	123	cluster_123	0.9999932667765472
A0A4R6KVI2	0	0	cluster_0	0.9999990405841656
A0A4R6PUX2	4	4	cluster_4	0.999999423195152
A0A4R6QZM3	2	2	cluster_2	0.9999883094279558
A0A4R7NS98	0	0	cluster_0	0.9999990030374356
A0A4R9L6P0	181	181	cluster_181	0.9999991570180643
A0A4S0NR19	181	181	cluster_181	0.999999252193939
A0A4S1M510	0	0	cluster_0	0.9999992971908617
A0A4S2A8K4	181	181	cluster_181	0.9999993824978649
A0A4S2B1U0	6	6	cluster_6	0.9999989923266208
A0A4S2HEK4	0	0	cluster_0	0.9999991515450275
A0A4S2HLL9	131	131	cluster_131	0.9999779843027141
A0A4S2IUB2	181	181	cluster_181	0.9999993865357426
A0A4S2SAL5	197	197	cluster_197	0.9999984400571948
A0A4S3B6V0	187	187	cluster_187	0.9999890967347236
A0A4S3FML8	0	0	cluster_0	0.9999989818483618
A0A4S4F3I2	192	192	cluster_192	0.9999727094144736
A0A4S4G970	181	181	cluster_181	0.9999991887139648
A0A4S8KV54	181	181	cluster_181	0.9999990488926753
A0A4U0NCN0	0	0	cluster_0	0.9999993119580131
A0A4U0YW96	0	0	cluster_0	0.9999991272591157
A0A4U1AC05	181	181	cluster_181	0.9999992489037116
A0A4U1D0V0	0	0	cluster_0	0.999999136396903
A0A4U1YS20	182	182	cluster_182	0.9999973773646167
A0A4U2XZV3	131	131	cluster_131	0.9999739379851705
A0A4U3K012	131	131	cluster_131	0.9999772434126589
A0A4U6LVM4	182	182	cluster_182	0.9999965778698888
A0A4U7C7Y5	4	4	cluster_4	0.9999987389639308
A0A4U8UC56	6	6	cluster_6	0.9999987406775217
A0A4U9REB6	17	17	cluster_17	0.9999883201107588
A0A4U9YF73	0	0	cluster_0	0.9999989489643186
A0A4V2ABJ0	7	7	cluster_7	0.9999982608731549
A0A4V2FPH6	4	4	cluster_4	0.9999994374631227
A0A4V2S6N8	197	197	cluster_197	0.9999982173281561
A0A4V2Y2J6	0	0	cluster_0	0.9999990483971386
A0A4V3CQV1	5	5	cluster_5	0.9999989706189949
A0A4V3CXT8	4	4	cluster_4	0.9999994193293723
A0A4V3CZW7	127	127	cluster_127	0.9999978410971199
A0A4V3DYX3	0	0	cluster_0	0.9999992767673535
A0A4V3NZE7	196	196	cluster_196	0.9999975491175958
A0A4V6AM47	0	0	cluster_0	0.9999992884769338
A0A4V6RRT1	5	5	cluster_5	0.9999989700074887
A0A4W2F7B3	5	5	cluster_5	0.9999986465912453
A0A4W3HCE6	5	5	cluster_5	0.9999990173536114
A0A4W3JBC5	5	5	cluster_5	0.9999990347352365
A0A4W4EW30	5	5	cluster_5	0.9999988797336412
A0A4Y1YSB6	72	72	cluster_72	0.9998821507040858
A0A4Y1ZFM4	131	131	cluster_131	0.9999747470716454
A0A4Y3QYZ0	197	197	cluster_197	0.9999982210372159
A0A4Y3R5C5	0	0	cluster_0	0.999999134741162
A0A4Y8L9A8	0	0	cluster_0	0.9999989449238423
A0A4Y8MVI2	5	5	cluster_5	0.999998900535118
A0A4Y8PD16	0	0	cluster_0	0.999999287590999
A0A4Y8RLR5	4	4	cluster_4	0.999999416626402
A0A4Y8VPF8	6	6	cluster_6	0.9999991013122426
A0A4Y9JJH1	4	4	cluster_4	0.9999994662157299
A0A4Z0D7U7	187	187	cluster_187	0.9999878966317439
A0A4Z0F9K9	4	4	cluster_4	0.9999991674023989
A0A4Z0H805	181	181	cluster_181	0.9999993890373322
A0A4Z0HXU7	74	74	cluster_74	0.9999974942030673
A0A4Z0JP96	131	131	cluster_131	0.9999776452676267
A0A4Z0NCU8	0	0	cluster_0	0.999998700295433
A0A4Z0NE75	4	4	cluster_4	0.9999994300648951
A0A4Z0V1U5	6	6	cluster_6	0.9999990102709103
A0A4Z0YIS4	5	5	cluster_5	0.9999989623452779
A0A4Z1DW91	4	4	cluster_4	0.9999994784463331
A0A501WD88	0	0	cluster_0	0.9999991168849346
A0A501XZK6	192	192	cluster_192	0.9999748560811222
A0A502LL84	6	6	cluster_6	0.9999989124767407
A0A502TN86	0	0	cluster_0	0.9999987672557462
A0A505GWI8	0	0	cluster_0	0.9999989853615235
A0A506QVN3	123	123	cluster_123	0.999993367231025
A0A510JAN2	131	131	cluster_131	0.9999769144861481
A0A510JDA2	175	175	cluster_175	0.9999983974088374
A0A510JFC9	44	44	cluster_44	0.9998748645356341
A0A510JJY5	131	131	cluster_131	0.999978056706644
A0A510JME1	20	20	cluster_20	0.9997156572714295
A0A510JR49	175	175	cluster_175	0.9999985815510932
A0A510KHG9	131	131	cluster_131	0.9999768462591047
A0A510KJY8	131	131	cluster_131	0.9999740741630684
A0A510KLP4	131	131	cluster_131	0.9999770710655798
A0A510KNZ7	20	20	cluster_20	0.9996898913950738
A0A510KSA8	131	131	cluster_131	0.999977674281316
A0A510US90	2	2	cluster_2	0.9999861581946247
A0A510X843	5	5	cluster_5	0.9999986075806163
A0A510YAV0	4	4	cluster_4	0.9999994099842282
A0A511ML65	197	197	cluster_197	0.9999987683831059
A0A511MX35	0	0	cluster_0	0.9999992395560763
A0A511MYD2	181	181	cluster_181	0.9999993228306521
A0A511X359	0	0	cluster_0	0.9999991057640402
A0A512CFK1	0	0	cluster_0	0.999999154665441
A0A515D1B8	0	0	cluster_0	0.999999116857852
A0A517Q4Z9	181	181	cluster_181	0.999999043191458
A0A517TD48	0	0	cluster_0	0.9999991954637675
A0A517YJM3	0	0	cluster_0	0.9999991114631822
A0A518BCU5	181	181	cluster_181	0.9999992556959856
A0A518DW15	181	181	cluster_181	0.9999993612157759
A0A518FK98	0	0	cluster_0	0.9999991321767191
A0A518IEE8	4	4	cluster_4	0.9999993639224951
A0A518JT24	0	0	cluster_0	0.999999177583998
A0A518VCG5	162	162	cluster_162	0.9996614617503173
A0A519BY68	74	74	cluster_74	0.9999967964875446
A0A519KTE0	181	181	cluster_181	0.9999993761216008
A0A519LD37	0	0	cluster_0	0.9999992513437228
A0A519M3F3	5	5	cluster_5	0.9999989308278128
A0A519NBR5	5	5	cluster_5	0.9999989528129608
A0A519QZK7	181	181	cluster_181	0.9999991128660649
A0A520BPW9	5	5	cluster_5	0.9999988469059786
A0A520HBN0	0	0	cluster_0	0.999999093548508
A0A520LMN6	4	4	cluster_4	0.9999993875705162
A0A520TS31	4	4	cluster_4	0.9999994732012598
A0A521A0Q5	181	181	cluster_181	0.9999992178557635
A0A521BLU3	6	6	cluster_6	0.9999991281484822
A0A521D3U7	0	0	cluster_0	0.9999991249143131
A0A521LND6	74	74	cluster_74	0.9999978670623464
A0A521S914	4	4	cluster_4	0.9999991010054654
A0A521W6Y4	192	192	cluster_192	0.9999785574773267
A0A521XFB1	182	182	cluster_182	0.9999972233300031
A0A522CGR3	5	5	cluster_5	0.9999989218913256
A0A522M9Z3	2	2	cluster_2	0.9999889469767498
A0A522RZL9	2	2	cluster_2	0.999987648099196
A0A522UUT7	182	182	cluster_182	0.9999956476233993
A0A522Z5Z1	4	4	cluster_4	0.9999992244390379
A0A523AI26	0	0	cluster_0	0.9999990912134856
A0A523AU92	10	10	cluster_10	0.9999515159357952
A0A523EM32	0	0	cluster_0	0.99999915548171
A0A523FCE9	74	74	cluster_74	0.9999976682728111
A0A523FGJ2	0	0	cluster_0	0.9999992813785795
A0A523JJ78	181	181	cluster_181	0.9999990736312006
A0A523NTV5	181	181	cluster_181	0.9999990224287387
A0A523QCU8	4	4	cluster_4	0.9999991666088195
A0A523SVI7	4	4	cluster_4	0.9999994720202602
A0A523UBK5	181	181	cluster_181	0.9999990599629537
A0A523Z2X7	182	182	cluster_182	0.9999964970896145
A0A524CHJ9	0	0	cluster_0	0.999999131158474
A0A524DMY5	0	0	cluster_0	0.9999991259973551
A0A524GBL3	0	0	cluster_0	0.9999990975354891
A0A524GHJ7	181	181	cluster_181	0.9999991352392141
A0A524KJA0	4	4	cluster_4	0.9999995011237206
A0A524LTP6	0	0	cluster_0	0.9999990911721759
A0A524MJK2	0	0	cluster_0	0.9999991362336802
A0A525CYY5	0	0	cluster_0	0.9999988985548
A0A525VUT9	0	0	cluster_0	0.9999991128833086
A0A527J387	103	103	cluster_103	0.9999952765198877
A0A529UF78	0	0	cluster_0	0.9999987489181075
A0A532DHT2	181	181	cluster_181	0.9999993968547535
A0A532F2A4	2	2	cluster_2	0.9999907015685331
A0A533B6V9	4	4	cluster_4	0.9999993922502278
A0A533VKW9	4	4	cluster_4	0.9999986209971806
A0A533Y148	4	4	cluster_4	0.999999408046023
A0A534K9N3	0	0	cluster_0	0.9999991311896742
A0A534SGE7	0	0	cluster_0	0.9999988607762098
A0A535EE55	0	0	cluster_0	0.9999990781122811
A0A535F4F6	0	0	cluster_0	0.9999991497888098
A0A535W483	0	0	cluster_0	0.9999989284243215
A0A535X5K7	0	0	cluster_0	0.9999988338654374
A0A535YZI6	4	4	cluster_4	0.9999993605787537
A0A536EA16	127	127	cluster_127	0.9999981034694022
A0A536WML5	181	181	cluster_181	0.9999992010120107
A0A537FLV4	0	0	cluster_0	0.9999991071792105
A0A537ISE7	4	4	cluster_4	0.9999994974431038
A0A537JHD6	0	0	cluster_0	0.9999990460638496
A0A537K3X7	0	0	cluster_0	0.9999989882384239
A0A537M1Z2	0	0	cluster_0	0.9999991293781981
A0A537TIN8	0	0	cluster_0	0.9999989461763547
A0A538B2N7	74	74	cluster_74	0.9999981000937764
A0A538MAI0	0	0	cluster_0	0.9999987158186847
A0A538PT73	181	181	cluster_181	0.9999992587189711
A0A538R8E4	4	4	cluster_4	0.999999435802002
A0A540V7Y6	192	192	cluster_192	0.9999751917369768
A0A540VDU3	0	0	cluster_0	0.9999991068589053
A0A540VY59	0	0	cluster_0	0.9999989079216047
A0A540W4N4	197	197	cluster_197	0.9999986333033684
A0A542DNJ4	197	197	cluster_197	0.9999986575005535
A0A542GA01	0	0	cluster_0	0.9999987862777523
A0A542M2Q5	0	0	cluster_0	0.9999989754917606
A0A542S6S7	0	0	cluster_0	0.9999989416538432
A0A542ZCI1	4	4	cluster_4	0.9999994379363257
A0A543DWV9	4	4	cluster_4	0.9999994352391038
A0A543J1A2	5	5	cluster_5	0.999998683091096
A0A543JG07	0	0	cluster_0	0.999999141646128
A0A550CBC0	181	181	cluster_181	0.9999992238126604
A0A552LKY8	6	6	cluster_6	0.9999992460630382
A0A553AE47	103	103	cluster_103	0.9999952392260202
A0A553JR33	6	6	cluster_6	0.9999991203975048
A0A553LZU7	175	175	cluster_175	0.9999989076013068
A0A554WGL8	74	74	cluster_74	0.999996044576682
A0A557P105	6	6	cluster_6	0.9999991465169941
A0A557P8M2	0	0	cluster_0	0.9999986193969568
A0A557RM39	192	192	cluster_192	0.9999742632478583
A0A558BFA2	127	127	cluster_127	0.9999982821651119
A0A558BMB5	181	181	cluster_181	0.9999992857315191
A0A558CU86	4	4	cluster_4	0.9999985681785397
A0A558DEL7	0	0	cluster_0	0.9999990320739908
A0A560LRL9	0	0	cluster_0	0.9999989250267187
A0A560WHB1	181	181	cluster_181	0.9999992109604727
A0A561EAL4	5	5	cluster_5	0.9999987766085242
A0A562JPH4	0	0	cluster_0	0.9999991361322151
A0A562V0R2	181	181	cluster_181	0.9999993364799331
A0A563DK47	0	0	cluster_0	0.9999992645417952
A0A563UD12	4	4	cluster_4	0.999999467212996
A0A563VJ93	181	181	cluster_181	0.9999992244838222
A0A564M5G3	36	36	cluster_36	0.999049956365742
A0A564TQV2	187	187	cluster_187	0.9999847734193765
A0A5A9DZI8	74	74	cluster_74	0.9999968554579627
A0A5A9E5S8	0	0	cluster_0	0.9999991439902078
A0A5A9Z273	196	196	cluster_196	0.9999971990259642
A0A5B0G4J6	2	2	cluster_2	0.9999890485377261
A0A5B0KB34	182	182	cluster_182	0.9999960735093997
A0A5B0SW81	2	2	cluster_2	0.9999898841056993
A0A5B0VGN3	89	89	cluster_89	0.9999992271522777
A0A5B2U4B2	4	4	cluster_4	0.9999994910100636
A0A5B7UPU7	197	197	cluster_197	0.9999980152929866
A0A5B7YJM2	192	192	cluster_192	0.9999708693521898
A0A5B8A1D6	5	5	cluster_5	0.9999988009287015
A0A5B8RYG9	4	4	cluster_4	0.9999994208978963
A0A5B9DEH1	181	181	cluster_181	0.9999990300875087
A0A5B9E1N1	95	95	cluster_95	0.9999760545546984
A0A5B9T7R1	69	69	cluster_69	0.9999881753431712
A0A5B9YAJ4	0	0	cluster_0	0.9999985149205245
A0A5C0B4A4	4	4	cluster_4	0.9999994336001055
A0A5C1APJ2	181	181	cluster_181	0.9999994020922556
A0A5C2HB60	0	0	cluster_0	0.9999990482093428
A0A5C4RIN1	192	192	cluster_192	0.9999718270528672
A0A5C4RN57	6	6	cluster_6	0.9999991433412556
A0A5C5VGI5	0	0	cluster_0	0.9999991816466776
A0A5C5ZMZ8	0	0	cluster_0	0.9999991472304637
A0A5C6BLM6	0	0	cluster_0	0.9999992156810135
A0A5C6DEG2	181	181	cluster_181	0.9999988816791466
A0A5C6ZRL7	0	0	cluster_0	0.9999990378555472
A0A5C7BP24	2	2	cluster_2	0.9999888831530049
A0A5C7F5S2	4	4	cluster_4	0.9999994963108044
A0A5C7J8S3	182	182	cluster_182	0.9999969668909829
A0A5C7K5I3	208	208	cluster_208	0.9999012873967283
A0A5C7LK55	197	197	cluster_197	0.9999985780213582
A0A5C7PDU2	10	10	cluster_10	0.9999635715394297
A0A5C7PYG3	17	17	cluster_17	0.999990586986616
A0A5C7RJV6	181	181	cluster_181	0.9999992961451647
A0A5C7SI98	0	0	cluster_0	0.9999992816010265
A0A5C7W3J6	89	89	cluster_89	0.9999990954598696
A0A5C7XJI3	181	181	cluster_181	0.9999993943877388
A0A5C8FYA9	175	175	cluster_175	0.9999985329265939
A0A5C8LGF4	0	0	cluster_0	0.9999992811244255
A0A5C8LH63	0	0	cluster_0	0.9999988366158156
A0A5C9ECH3	0	0	cluster_0	0.9999991561705079
A0A5D0HVF6	2	2	cluster_2	0.9998881844707391
A0A5D0SHD7	0	0	cluster_0	0.9999987503236518
A0A5D2D3W3	0	0	cluster_0	0.9999989281163314
A0A5E4INC1	4	4	cluster_4	0.9999989315877753
A0A5E4JR25	181	181	cluster_181	0.999999195735096
A0A5E4JY37	0	0	cluster_0	0.9999990394142767
A0A5E4KPJ5	0	0	cluster_0	0.9999992877119293
A0A5E4L8C5	0	0	cluster_0	0.9999992638367005
A0A5E4LXF5	14	14	cluster_14	0.9999981523488525
A0A5E4WGP0	4	4	cluster_4	0.9999989625477977
A0A5E7CMV1	0	0	cluster_0	0.9999992754416432
A0A5E7IJK8	6	6	cluster_6	0.9999990320688433
A0A5F1ZBA2	4	4	cluster_4	0.999999452739385
A0A5H1ZR47	132	132	cluster_132	0.9995697001210573
A0A5I0P2Q9	182	182	cluster_182	0.9999961312709376
A0A5I4A8N0	2	2	cluster_2	0.9999907650241324
A0A5J4FV82	4	4	cluster_4	0.999999487504476
A0A5J4JX22	0	0	cluster_0	0.9999988925711925
A0A5J4KZH2	181	181	cluster_181	0.9999992896941787
A0A5J4PCZ3	8	8	cluster_8	0.9999950746284766
A0A5J5JSF0	0	0	cluster_0	0.9999991358171686
A0A5J5W073	4	4	cluster_4	0.9999976471319618
A0A5J6G698	181	181	cluster_181	0.9999993316678052
A0A5J6IFJ0	127	127	cluster_127	0.9999982381677398
A0A5J6L562	4	4	cluster_4	0.9999992710723222
A0A5J6LBM8	4	4	cluster_4	0.9999988975946961
A0A5J6MTU5	4	4	cluster_4	0.9999994376487953
A0A5J6P6P3	2	2	cluster_2	0.9999893243060146
A0A5J6UE86	0	0	cluster_0	0.9999988435131578
A0A5J6UFQ6	197	197	cluster_197	0.9999981945664733
A0A5M6D6L0	4	4	cluster_4	0.9999993405402582
A0A5N3RXH4	55	55	cluster_55	0.9996675703113677
A0A5N7NL70	4	4	cluster_4	0.9999994576134827
A0A5N8WDT0	5	5	cluster_5	0.9999985117913378
A0A5N9CY53	0	0	cluster_0	0.9999989623705345
A0A5P1X5E4	4	4	cluster_4	0.9999994291701487
A0A5P3MU93	11	11	cluster_11	0.9989850869257793
A0A5P8JN98	12	12	cluster_12	0.999992570130078
A0A5P8LZ48	0	0	cluster_0	0.9999988886776598
A0A5P9GNE2	74	74	cluster_74	0.9999979340323389
A0A5P9Q0F7	5	5	cluster_5	0.9999986720917556
A0A5P9WBC3	18	18	cluster_18	0.9993425940370384
A0A5P9XTU2	74	74	cluster_74	0.9999982208135045
A0A5Q0BLB1	101	101	cluster_101	0.9999887509573713
A0A5Q0EJ58	2	2	cluster_2	0.9999903724307613
A0A5Q0MCZ2	0	0	cluster_0	0.9999990138431056
A0A5Q0TGN5	182	182	cluster_182	0.9999972884455068
A0A5Q2N577	0	0	cluster_0	0.9999991301518761
A0A5Q2TIX2	0	0	cluster_0	0.9999990722217186
A0A5Q3HEI8	2	2	cluster_2	0.999989190855939
A0A5Q4FR05	0	0	cluster_0	0.9999991285618199
A0A5Q4SLS9	181	181	cluster_181	0.9999993445165125
A0A5Q8CNX0	0	0	cluster_0	0.999998771143974
A0A5R8WTF6	5	5	cluster_5	0.9999988885133371
A0A5R9QDA1	0	0	cluster_0	0.99999920915909
A0A5R9QZY2	0	0	cluster_0	0.9999989661854459
A0A5S3YAX8	192	192	cluster_192	0.999975821766434
A0A5S3Z1N3	5	5	cluster_5	0.9999977702762922
A0A5S4F714	4	4	cluster_4	0.999999462403259
A0A5S4URY4	192	192	cluster_192	0.9999756464019973
A0A5S5B5Q2	74	74	cluster_74	0.9999981077980318
A0A5S9F1I1	0	0	cluster_0	0.9999990535666821
A0A5S9PCK2	101	101	cluster_101	0.9999786828983879
A0A5T3EBG4	2	2	cluster_2	0.9999914494306701
A0A5T5I2L7	6	6	cluster_6	0.9999991131979292
A0A5U1A8M2	101	101	cluster_101	0.9999874428309355
A0A5U3R486	123	123	cluster_123	0.9999919575638144
A0A5U6PAX8	6	6	cluster_6	0.9999989922602323
A0A5U7RS35	2	2	cluster_2	0.999962788066778
A0A5U8KA48	123	123	cluster_123	0.9999940346284061
A0A5U8XQ26	181	181	cluster_181	0.9999990698342099
A0A5V0B8P0	2	2	cluster_2	0.9999849753179394
A0A5V5V9F4	6	6	cluster_6	0.9999989447018954
A0A5W4PV75	181	181	cluster_181	0.9999989302712821
A0A5X4LHR9	156	156	cluster_156	0.9997795812292504
A0A5X6EVH5	123	123	cluster_123	0.9999927076672467
A0A5Z7XTM6	2	2	cluster_2	0.9999893906933426
A0A606C674	6	6	cluster_6	0.999999020856385
A0A628U1J1	181	181	cluster_181	0.9999991753361355
A0A635RBS4	181	181	cluster_181	0.9999985978188691
A0A644ULT1	0	0	cluster_0	0.999999234680734
A0A644VRJ8	17	17	cluster_17	0.9999910310478065
A0A645EXZ7	0	0	cluster_0	0.9999985289754253
A0A650CL96	183	183	cluster_183	0.9999986462667193
A0A650CQA2	183	183	cluster_183	0.999998605683785
A0A651HGB7	0	0	cluster_0	0.9999990992411121
A0A653D3M8	6	6	cluster_6	0.9999990254746334
A0A653P5I4	5	5	cluster_5	0.9999987632569639
A0A653S9V7	4	4	cluster_4	0.9999992898871897
A0A654DR93	182	182	cluster_182	0.9999963950293302
A0A656XW61	4	4	cluster_4	0.9999994278274941
A0A657LL99	103	103	cluster_103	0.9999952662513589
A0A658IMK3	2	2	cluster_2	0.9999894852698761
A0A660A3P8	4	4	cluster_4	0.9999994768820494
A0A660PZ51	4	4	cluster_4	0.9999994853317293
A0A660QVU6	0	0	cluster_0	0.9999989290037541
A0A660R8P7	0	0	cluster_0	0.9999988912097051
A0A660RFC0	175	175	cluster_175	0.9999974661248806
A0A660RL44	0	0	cluster_0	0.9999988308680938
A0A660RPZ5	0	0	cluster_0	0.9999988573735776
A0A660RZ55	10	10	cluster_10	0.9999535156795
A0A660T930	0	0	cluster_0	0.9999990568189953
A0A660UKH2	0	0	cluster_0	0.999999305758236
A0A660W388	181	181	cluster_181	0.9999991600169159
A0A660WRJ6	4	4	cluster_4	0.9999993635837963
A0A660YMQ6	0	0	cluster_0	0.9999991381463762
A0A661IST0	183	183	cluster_183	0.9999976768374591
A0A661JR83	5	5	cluster_5	0.9999988127298428
A0A661MAC3	4	4	cluster_4	0.9999992471600355
A0A661MH55	0	0	cluster_0	0.9999990521831126
A0A661NCX8	6	6	cluster_6	0.9999988102977099
A0A661QVG6	4	4	cluster_4	0.9999994393975639
A0A661X719	181	181	cluster_181	0.9999987195183847
A0A661XIM7	10	10	cluster_10	0.9999342798440534
A0A662AH49	6	6	cluster_6	0.9999993201653655
A0A662BTY0	0	0	cluster_0	0.9999992637589434
A0A662EZ62	0	0	cluster_0	0.9999988432352288
A0A662GCF9	183	183	cluster_183	0.9999978833170499
A0A662GD04	183	183	cluster_183	0.9999979388964235
A0A662HSK1	183	183	cluster_183	0.9999987340220466
A0A662ID95	183	183	cluster_183	0.9999976235816878
A0A662II30	183	183	cluster_183	0.9999983254775848
A0A662IIN5	183	183	cluster_183	0.9999988104085804
A0A662ISP3	183	183	cluster_183	0.9999980168184502
A0A662J1N2	183	183	cluster_183	0.9999982842949875
A0A662J5Z6	183	183	cluster_183	0.9999980235248622
A0A662J9M6	183	183	cluster_183	0.9999979555689765
A0A662PRF2	0	0	cluster_0	0.9999990015481451
A0A662RH96	4	4	cluster_4	0.999998851637282
A0A662TG72	183	183	cluster_183	0.9999987853653277
A0A662U5H0	0	0	cluster_0	0.9999984112864213
A0A662UB66	183	183	cluster_183	0.9999986542173639
A0A662UGZ8	0	0	cluster_0	0.9999986725084368
A0A662ULF9	183	183	cluster_183	0.9999985214296038
A0A662UUH1	183	183	cluster_183	0.9999987911548993
A0A662V6X6	183	183	cluster_183	0.9999986181947063
A0A662VDP7	183	183	cluster_183	0.9999988303801801
A0A662VIH3	183	183	cluster_183	0.9999987456139235
A0A662W327	183	183	cluster_183	0.999998721945495
A0A662ZDM5	131	131	cluster_131	0.999979026583443
A0A669CYL2	4	4	cluster_4	0.9999985939177487
A0A673A701	5	5	cluster_5	0.9999989579689761
A0A673LKU5	5	5	cluster_5	0.9999987831385665
A0A673WT73	4	4	cluster_4	0.9999989418677747
A0A679HJ12	0	0	cluster_0	0.9999989944701374
A0A6A0HK10	0	0	cluster_0	0.999999088942686
A0A6A1VVC2	0	0	cluster_0	0.9999991823635861
A0A6A4VZX9	4	4	cluster_4	0.999998909930557
A0A6A5QZI9	181	181	cluster_181	0.9999986639223294
A0A6A7RSL7	2	2	cluster_2	0.9999916129166
A0A6A8ACD9	181	181	cluster_181	0.9999993178062307
A0A6A8UB22	185	185	cluster_185	0.999425738777018
A0A6A9QG94	183	183	cluster_183	0.9999986776142881
A0A6A9QVF6	10	10	cluster_10	0.9999592492002556
A0A6A9SCU2	0	0	cluster_0	0.9999989686940052
A0A6B1GRP2	192	192	cluster_192	0.9999745912212956
A0A6B1K7R6	181	181	cluster_181	0.9999992454116359
A0A6B2BYY2	181	181	cluster_181	0.9999990686574783
A0A6B2C4K8	181	181	cluster_181	0.9999989676418233
A0A6B2CHL7	10	10	cluster_10	0.9999446957061141
A0A6B2FVI0	181	181	cluster_181	0.9999992800847679
A0A6B2SMT1	181	181	cluster_181	0.9999993427586323
A0A6B3BV92	0	0	cluster_0	0.999999105260103
A0A6B3KNQ2	7	7	cluster_7	0.9999981930421237
A0A6B4A2B9	17	17	cluster_17	0.9999944796955306
A0A6B4JIJ5	17	17	cluster_17	0.9999896144745365
A0A6B4JRQ0	17	17	cluster_17	0.999992075793289
A0A6B9D1I8	2	2	cluster_2	0.9999898818186915
A0A6C0H6Q5	14	14	cluster_14	0.9999974971600228
A0A6C0KTH1	6	6	cluster_6	0.9999991800634613
A0A6C0Q1J8	0	0	cluster_0	0.999999119914658
A0A6F8UU92	4	4	cluster_4	0.9999992949735231
A0A6G0ZGV8	4	4	cluster_4	0.9999988316149013
A0A6G1RAP4	4	4	cluster_4	0.9999986185254497
A0A6G1ST23	202	202	cluster_202	0.9999889698060548
A0A6G1WXX7	4	4	cluster_4	0.9999990932663415
A0A6G2I1S2	0	0	cluster_0	0.9999992219612415
A0A6G2PZK4	0	0	cluster_0	0.9999991409741703
A0A6G2X9N1	197	197	cluster_197	0.9999980254464218
A0A6G3CQI0	181	181	cluster_181	0.9999993759894913
A0A6G3LM74	4	4	cluster_4	0.9999990926635164
A0A6G3ZR53	0	0	cluster_0	0.9999988189378353
A0A6G5QF78	4	4	cluster_4	0.9999994696473381
A0A6G6SA81	6	6	cluster_6	0.9999991335958244
A0A6G6SNZ5	182	182	cluster_182	0.9999973327773164
A0A6G7KAI7	187	187	cluster_187	0.9999877589682947
A0A6G7SZE3	0	0	cluster_0	0.9999991611597825
A0A6G7WGN8	187	187	cluster_187	0.9999894714610864
A0A6G8ARE3	187	187	cluster_187	0.9999873581372268
A0A6G8DJS7	181	181	cluster_181	0.9999992423905926
A0A6G8HY03	119	119	cluster_119	0.9992029322666361
A0A6G8L0R5	0	0	cluster_0	0.9999989560616442
A0A6G8U7B9	0	0	cluster_0	0.9999991293365178
A0A6G9IAT4	3	3	cluster_3	0.9999861076311992
A0A6G9QPZ4	208	208	cluster_208	0.9998915557566321
A0A6G9WBH5	0	0	cluster_0	0.9999990982893947
A0A6G9XY87	197	197	cluster_197	0.9999987450250614
A0A6G9YUC0	197	197	cluster_197	0.9999985569202307
A0A6H0A4D1	2	2	cluster_2	0.9999902543092137
A0A6H0KQQ8	0	0	cluster_0	0.9999990161403961
A0A6H1NGD5	181	181	cluster_181	0.9999993703727909
A0A6H1NLG3	0	0	cluster_0	0.9999990515833861
A0A6H1RFF8	0	0	cluster_0	0.9999991492633377
A0A6H1ZDP0	197	197	cluster_197	0.9999983691606924
A0A6H2A6Q0	17	17	cluster_17	0.999992399478817
A0A6H9HHD3	103	103	cluster_103	0.999994954546199
A0A6H9YWH6	181	181	cluster_181	0.9999993881700062
A0A6I1AZF0	6	6	cluster_6	0.999999078951611
A0A6I1NPH9	95	95	cluster_95	0.9999741898218253
A0A6I2G834	5	5	cluster_5	0.9999985354272269
A0A6I2G892	0	0	cluster_0	0.999999073874247
A0A6I2IR61	0	0	cluster_0	0.9999992520804197
A0A6I2MCR1	5	5	cluster_5	0.9999988176739899
A0A6I2RCR7	0	0	cluster_0	0.9999989419051143
A0A6I2SZJ6	192	192	cluster_192	0.9999754278866592
A0A6I2ZCU0	4	4	cluster_4	0.999999450822321
A0A6I3I697	4	4	cluster_4	0.9999994203063002
A0A6I3J634	5	5	cluster_5	0.999998956999049
A0A6I3VZV6	4	4	cluster_4	0.9999994498116426
A0A6I4MAU5	181	181	cluster_181	0.9999993727353904
A0A6I4MZ18	0	0	cluster_0	0.9999991107862671
A0A6I4RJE5	131	131	cluster_131	0.9999767908893755
A0A6I4V6X0	4	4	cluster_4	0.9999993914071823
A0A6I5L8Z2	4	4	cluster_4	0.9999990298231325
A0A6I6A8K3	202	202	cluster_202	0.9999886700068603
A0A6I6DBP1	0	0	cluster_0	0.9999991235258067
A0A6I6EK88	101	101	cluster_101	0.9999886504198937
A0A6I6JF97	0	0	cluster_0	0.9999990114324089
A0A6I6L3C8	103	103	cluster_103	0.999995158005017
A0A6I6SB04	181	181	cluster_181	0.9999992920925631
A0A6I7N7P0	4	4	cluster_4	0.9999994791842436
A0A6I7Q4B3	10	10	cluster_10	0.999946748229945
A0A6I7X103	4	4	cluster_4	0.9999994192958838
A0A6I9QR34	5	5	cluster_5	0.9999988332284602
A0A6I9QTP4	0	0	cluster_0	0.9999985403000426
A0A6I9REQ2	0	0	cluster_0	0.9999989284348135
A0A6J0IXA6	181	181	cluster_181	0.9999989802776743
A0A6J1GL88	4	4	cluster_4	0.9999994233381718
A0A6J4CYB8	6	6	cluster_6	0.999999125470561
A0A6J4N9P1	181	181	cluster_181	0.9999991398659136
A0A6J4QU75	0	0	cluster_0	0.999999048651887
A0A6J4R0G5	0	0	cluster_0	0.9999989783268846
A0A6J5BTB0	5	5	cluster_5	0.9999977410487692
A0A6J5KD29	2	2	cluster_2	0.9999906832061667
A0A6J6H3E3	0	0	cluster_0	0.9999987691168343
A0A6L5XDL9	6	6	cluster_6	0.9999989028106654
A0A6L5YMI0	131	131	cluster_131	0.99998039904729
A0A6L6IH44	95	95	cluster_95	0.9999768487198069
A0A6L6Q8S0	7	7	cluster_7	0.9999979038752494
A0A6L6TNG5	4	4	cluster_4	0.9999994256438879
A0A6L6X137	197	197	cluster_197	0.9999981107780214
A0A6L6Y1J9	6	6	cluster_6	0.999999151187869
A0A6L7IM16	0	0	cluster_0	0.999999141158763
A0A6L7SQZ7	74	74	cluster_74	0.9999976197286933
A0A6L7WYW5	4	4	cluster_4	0.9999994541037283
A0A6L8E285	181	181	cluster_181	0.9999993510976165
A0A6L9SEW2	4	4	cluster_4	0.9999994301200795
A0A6M0L4R6	4	4	cluster_4	0.9999994164316136
A0A6M0LPW9	4	4	cluster_4	0.9999993922909847
A0A6M0S2Q0	17	17	cluster_17	0.9999916009133046
A0A6M1KY41	0	0	cluster_0	0.9999989602182418
A0A6M1M225	0	0	cluster_0	0.9999990891566045
A0A6M2A4R2	4	4	cluster_4	0.9999994717469499
A0A6M3HDG5	165	165	cluster_165	0.9995850732359995
A0A6M3J7T5	17	17	cluster_17	0.9999928145962208
A0A6M3KZ75	17	17	cluster_17	0.9999912479464929
A0A6M3MB12	6	6	cluster_6	0.9999992526057918
A0A6M3Z7Y3	10	10	cluster_10	0.9999440398664801
A0A6M4PF13	197	197	cluster_197	0.9999981034568575
A0A6M5YL18	181	181	cluster_181	0.9999993924409604
A0A6M8UF20	77	77	cluster_77	0.9999856916553166
A0A6N0IG21	2	2	cluster_2	0.9999894870725058
A0A6N1YHM5	0	0	cluster_0	0.99999900105848
A0A6N2B5N9	5	5	cluster_5	0.9999988280457258
A0A6N2CYS6	0	0	cluster_0	0.9999992962457857
A0A6N2HNV6	181	181	cluster_181	0.9999993870761517
A0A6N2JQ07	6	6	cluster_6	0.9999988463552785
A0A6N2VBM9	3	3	cluster_3	0.9999838537850184
A0A6N2VLC5	0	0	cluster_0	0.9999987184734439
A0A6N4H2V1	4	4	cluster_4	0.9999994727292973
A0A6N4STH9	5	5	cluster_5	0.9999988682986232
A0A6N6MS85	0	0	cluster_0	0.9999993242173092
A0A6N6S0A3	181	181	cluster_181	0.999999091331686
A0A6N7ANE0	0	0	cluster_0	0.9999991087541279
A0A6N7AR73	181	181	cluster_181	0.9999988751675939
A0A6N7Y1B4	0	0	cluster_0	0.9999990153627117
A0A6N7ZPW0	127	127	cluster_127	0.9999973550506158
A0A6N7ZRP9	72	72	cluster_72	0.9999063613757746
A0A6N8FKW7	0	0	cluster_0	0.9999990981703211
A0A6N8JF31	181	181	cluster_181	0.9999993084639177
A0A6N8UT57	192	192	cluster_192	0.9999721111755426
A0A6N8WCA7	4	4	cluster_4	0.9999992759078483
A0A6N9NX40	0	0	cluster_0	0.9999986265870529
A0A6P0BEU0	0	0	cluster_0	0.9999992090243736
A0A6P0N748	12	12	cluster_12	0.9999949451609913
A0A6P0UQ84	5	5	cluster_5	0.9999989666282012
A0A6P1BAZ3	8	8	cluster_8	0.9999950919278459
A0A6P1UB79	182	182	cluster_182	0.9999970309344348
A0A6P1UTT3	208	208	cluster_208	0.9998921683425792
A0A6P1V6D1	2	2	cluster_2	0.9999894718680965
A0A6P1V7I3	123	123	cluster_123	0.9999932776295681
A0A6P1VMY4	181	181	cluster_181	0.9999992161488362
A0A6P2DB52	181	181	cluster_181	0.9999994202062756
A0A6P4FG72	181	181	cluster_181	0.999999326220186
A0A6P7MIQ6	5	5	cluster_5	0.9999983849728769
A0A6P8FDS4	181	181	cluster_181	0.9999990441218127
A0A6P8SI98	5	5	cluster_5	0.9999989978125895
A0A6Q2WSQ0	5	5	cluster_5	0.9999988502736936
A0A6S5JWJ8	2	2	cluster_2	0.9999907613637179
A0A6V6YNQ4	181	181	cluster_181	0.9999993508797486
A0A6V8SCA1	0	0	cluster_0	0.9999985619153071
A0A6V8SNK3	5	5	cluster_5	0.9999987991498461
A0A6W4RI05	88	88	cluster_88	0.999975218055854
A0A6W5FZD9	30	30	cluster_30	0.9996082741370373
A0A729G350	3	3	cluster_3	0.9999858078216303
A0A729XFV9	6	6	cluster_6	0.9999991485314521
A0A734HNA2	2	2	cluster_2	0.9999605946652774
A0A736P5Z9	182	182	cluster_182	0.9999965596062723
A0A738Z5S4	6	6	cluster_6	0.9999990285662095
A0A748ZIA1	22	22	cluster_22	0.999996100486318
A0A754AHP3	6	6	cluster_6	0.9999990146031839
A0A756I2J3	2	2	cluster_2	0.9999598305891689
A0A757YPX3	0	0	cluster_0	0.9999990889408226
A0A765TA05	182	182	cluster_182	0.9999969476126326
A0A7C0TXM2	183	183	cluster_183	0.9999985580082223
A0A7C0VQU3	0	0	cluster_0	0.9999992458032786
A0A7C1BH06	183	183	cluster_183	0.9999985147544432
A0A7C1BTX6	183	183	cluster_183	0.9999985521491361
A0A7C1QU62	197	197	cluster_197	0.9999981701558155
A0A7C1S9W8	0	0	cluster_0	0.9999990744276803
A0A7C1TXS0	74	74	cluster_74	0.9999978247405594
A0A7C1VJP6	17	17	cluster_17	0.9999926972637653
A0A7C1VX49	5	5	cluster_5	0.9999972185126138
A0A7C1ZEA7	181	181	cluster_181	0.9999992254019836
A0A7C1ZIE2	0	0	cluster_0	0.9999989810646976
A0A7C2CWD8	4	4	cluster_4	0.9999991406910057
A0A7C2HZI8	0	0	cluster_0	0.9999991133125608
A0A7C2LA42	183	183	cluster_183	0.9999984906871818
A0A7C2MN87	183	183	cluster_183	0.9999988880336811
A0A7C2S0Z0	181	181	cluster_181	0.9999990863673464
A0A7C2V697	0	0	cluster_0	0.9999988511598634
A0A7C2Z9C4	183	183	cluster_183	0.9999986420434175
A0A7C3AJG2	0	0	cluster_0	0.9999990196401868
A0A7C3CW16	4	4	cluster_4	0.9999986630854297
A0A7C3F2E9	0	0	cluster_0	0.9999989922158625
A0A7C3HB31	181	181	cluster_181	0.9999991782506703
A0A7C3K146	0	0	cluster_0	0.9999991066047637
A0A7C3PLL5	0	0	cluster_0	0.9999991189270967
A0A7C3PSQ5	0	0	cluster_0	0.9999992290547773
A0A7C3RWM5	175	175	cluster_175	0.9999983312431425
A0A7C3WNK7	0	0	cluster_0	0.9999990206110894
A0A7C3XK16	0	0	cluster_0	0.9999987077399813
A0A7C4BXS7	0	0	cluster_0	0.999999161950772
A0A7C4DAR2	183	183	cluster_183	0.9999984838426467
A0A7C4DBW2	181	181	cluster_181	0.9999991057297687
A0A7C4DJ22	181	181	cluster_181	0.9999986044872057
A0A7C4DRR7	183	183	cluster_183	0.999998716653849
A0A7C4E5N9	181	181	cluster_181	0.9999988455159204
A0A7C4F828	183	183	cluster_183	0.9999983570221715
A0A7C4G2Y2	183	183	cluster_183	0.9999984754994182
A0A7C4H004	183	183	cluster_183	0.9999988490669959
A0A7C4H9D9	183	183	cluster_183	0.9999987370515443
A0A7C4HPT2	0	0	cluster_0	0.9999989274989324
A0A7C4JE00	4	4	cluster_4	0.9999987248616944
A0A7C4JLW6	4	4	cluster_4	0.9999984029512111
A0A7C4M7N5	0	0	cluster_0	0.9999989152683018
A0A7C4MA36	183	183	cluster_183	0.9999986682805635
A0A7C4MCK2	69	69	cluster_69	0.9999879099907444
A0A7C4NTS2	183	183	cluster_183	0.9999986216497987
A0A7C4QJW0	183	183	cluster_183	0.9999987728164966
A0A7C4S4P9	183	183	cluster_183	0.9999987196319731
A0A7C4WAS7	183	183	cluster_183	0.9999985523315039
A0A7C4WIU5	183	183	cluster_183	0.9999986545943227
A0A7C4WSM6	74	74	cluster_74	0.9999971246252004
A0A7C4X5W1	0	0	cluster_0	0.9999990588383383
A0A7C4Z5I4	0	0	cluster_0	0.9999991192221296
A0A7C4ZJC3	103	103	cluster_103	0.9999951405999726
A0A7C4ZXZ0	0	0	cluster_0	0.9999988583137738
A0A7C5EM88	4	4	cluster_4	0.999999416603365
A0A7C5FU80	10	10	cluster_10	0.9999515941791215
A0A7C5GJK3	10	10	cluster_10	0.9999399508490289
A0A7C5MQC4	4	4	cluster_4	0.9999994558708051
A0A7C5TWZ8	183	183	cluster_183	0.9999987816043826
A0A7C5U7H6	183	183	cluster_183	0.9999986435150798
A0A7C5V1E0	183	183	cluster_183	0.9999979219840741
A0A7C5X245	10	10	cluster_10	0.9999438450061843
A0A7C5X7F7	183	183	cluster_183	0.9999987763817058
A0A7C5Y5N4	183	183	cluster_183	0.999998872864213
A0A7C5YXX6	183	183	cluster_183	0.9999987654963934
A0A7C5ZPM1	0	0	cluster_0	0.9999991308524099
A0A7C6B1J4	0	0	cluster_0	0.9999989055688759
A0A7C6HPY4	127	127	cluster_127	0.9999980264326024
A0A7C6J9T3	0	0	cluster_0	0.9999991879734745
A0A7C6LYW8	175	175	cluster_175	0.999998666238091
A0A7C6YP57	10	10	cluster_10	0.9999556069874156
A0A7C7CPV9	4	4	cluster_4	0.9999994955221672
A0A7C7DZQ4	0	0	cluster_0	0.9999986254661699
A0A7C7EKI3	131	131	cluster_131	0.9999773836062267
A0A7C7PAV6	181	181	cluster_181	0.9999992154738455
A0A7C9GNH4	139	139	cluster_139	0.9996740710838102
A0A7C9GVB6	74	74	cluster_74	0.9999981864533789
A0A7C9PEK1	101	101	cluster_101	0.9999873722266548
A0A7C9R6Z9	0	0	cluster_0	0.999999245880125
A0A7D4BSG0	74	74	cluster_74	0.9999979896271927
A0A7D5FZZ2	123	123	cluster_123	0.9999937808310694
A0A7D5SWX7	4	4	cluster_4	0.9999989572510197
A0A7D6BUH7	181	181	cluster_181	0.9999989136964348
A0A7D6GS78	0	0	cluster_0	0.9999985352464952
A0A7D6USB9	123	123	cluster_123	0.9999928115222906
A0A7D6VVQ1	5	5	cluster_5	0.9999988026522176
A0A7D7V7C4	4	4	cluster_4	0.9999987749017997
A0A7G1G8V4	0	0	cluster_0	0.9999990431469917
A0A7G1N7U8	127	127	cluster_127	0.9999984046719401
A0A7G2IRC4	181	181	cluster_181	0.9999992905641485
A0A7G2RV69	5	5	cluster_5	0.9999988703548426
A0A7G2SAS3	5	5	cluster_5	0.9999988212542389
A0A7G2T5W9	6	6	cluster_6	0.999999075842272
A0A7G5MXF6	10	10	cluster_10	0.9999526060460227
A0A7G6E130	0	0	cluster_0	0.9999990719074556
A0A7G7MJF7	0	0	cluster_0	0.9999989939289381
A0A7G8VMR7	0	0	cluster_0	0.9999990564226259
A0A7G9FI99	0	0	cluster_0	0.9999986566408213
A0A7G9GWC9	175	175	cluster_175	0.9999983139638494
A0A7G9W9D1	10	10	cluster_10	0.9999588720719574
A0A7H0M8K2	192	192	cluster_192	0.9999774836829196
A0A7H0MIR6	5	5	cluster_5	0.9999989281011866
A0A7H0VBC2	8	8	cluster_8	0.9999933663584333
A0A7H1BAK9	4	4	cluster_4	0.9999994341425171
A0A7H1MCK1	6	6	cluster_6	0.9999987871740429
A0A7H2YMF0	182	182	cluster_182	0.9999971753776895
A0A7H5F1N6	4	4	cluster_4	0.9999994795008416
A0A7H8IZ37	181	181	cluster_181	0.9999993700446512
A0A7H8K1D4	181	181	cluster_181	0.9999993683318271
A0A7H8L339	181	181	cluster_181	0.9999993527689109
A0A7H8M914	181	181	cluster_181	0.9999993264318313
A0A7H8N349	197	197	cluster_197	0.9999976325850988
A0A7H8PZJ3	181	181	cluster_181	0.9999993000036408
A0A7H9B077	181	181	cluster_181	0.9999990027105932
A0A7H9FJJ0	145	145	cluster_145	0.9999945729762679
A0A7I7MKC8	0	0	cluster_0	0.9999990957430799
A0A7I8E844	18	18	cluster_18	0.9985475494487205
A0A7I8VAT3	5	5	cluster_5	0.9999990561554344
A0A7J0AJI8	8	8	cluster_8	0.9999955816064295
A0A7J2I1Q8	10	10	cluster_10	0.9999377771736897
A0A7J2PK43	6	6	cluster_6	0.9999986570786124
A0A7J2R1X1	181	181	cluster_181	0.9999992251906274
A0A7J2RHN2	0	0	cluster_0	0.9999987981259338
A0A7J2RHT2	0	0	cluster_0	0.9999988392818723
A0A7J2TJB8	0	0	cluster_0	0.9999990760340527
A0A7J2V8T1	183	183	cluster_183	0.9999987406799318
A0A7J2VVV6	151	151	cluster_151	0.9995889610379322
A0A7J2VWC6	50	50	cluster_50	0.9995379158990854
A0A7J2VWF6	151	151	cluster_151	0.9996902107249386
A0A7J2X1N9	10	10	cluster_10	0.9999479939189808
A0A7J2X1Y4	0	0	cluster_0	0.9999989756637561
A0A7J3A0H4	10	10	cluster_10	0.9999450845527251
A0A7J3I6J8	183	183	cluster_183	0.9999971731693866
A0A7J3M5E6	0	0	cluster_0	0.9999990334073442
A0A7J3MXD8	183	183	cluster_183	0.9999986639806809
A0A7J3P9X0	181	181	cluster_181	0.9999989286410064
A0A7J3QAU4	183	183	cluster_183	0.999998857550076
A0A7J3S898	0	0	cluster_0	0.999999023727863
A0A7J3W5D4	183	183	cluster_183	0.999998527692349
A0A7J3W5X4	10	10	cluster_10	0.999949931767237
A0A7J3XWJ1	183	183	cluster_183	0.9999980924942248
A0A7J3XYT4	183	183	cluster_183	0.9999984011055988
A0A7J3Z8D7	183	183	cluster_183	0.9999986171459285
A0A7J4YNI7	4	4	cluster_4	0.9999994769113717
A0A7J5AAU7	0	0	cluster_0	0.9999992396277377
A0A7J5DVN6	0	0	cluster_0	0.999998982491375
A0A7J5GA63	6	6	cluster_6	0.999999109709044
A0A7J5W220	0	0	cluster_0	0.9999990508279989
A0A7J5WYF8	181	181	cluster_181	0.9999992504073444
A0A7J7WLR3	5	5	cluster_5	0.9999990269475678
A0A7J9Q241	0	0	cluster_0	0.9999991384481686
A0A7J9YHL2	0	0	cluster_0	0.999999103340437
A0A7K1XZ03	0	0	cluster_0	0.9999993086108538
A0A7K2CCR9	0	0	cluster_0	0.9999992271235705
A0A7K2EVI8	181	181	cluster_181	0.999999271378327
A0A7K2J027	181	181	cluster_181	0.9999993276220809
A0A7K2KNC7	181	181	cluster_181	0.9999993594910418
A0A7K2N9P4	176	176	cluster_176	0.9999416360586261
A0A7K2YSF4	181	181	cluster_181	0.999999353792545
A0A7K3B691	181	181	cluster_181	0.9999993562562336
A0A7K3S0X0	197	197	cluster_197	0.999997964312985
A0A7K3SBH9	181	181	cluster_181	0.9999993813076014
A0A7K3ZYK3	0	0	cluster_0	0.9999990346873692
A0A7K4AJI0	0	0	cluster_0	0.9999990415803937
A0A7K4AM72	4	4	cluster_4	0.9999990587010025
A0A7K4DHJ4	4	4	cluster_4	0.9999987504496561
A0A7K4G476	0	0	cluster_0	0.9999989799181254
A0A7K6ZJ70	4	4	cluster_4	0.9999994667942026
A0A7K8R055	4	4	cluster_4	0.9999994518465452
A0A7L4P4S2	0	0	cluster_0	0.9999990583573918
A0A7L4Q9E5	181	181	cluster_181	0.9999990067206795
A0A7L4WF73	130	130	cluster_130	0.9980539005009965
A0A7L5A372	0	0	cluster_0	0.9999992212330343
A0A7L5E083	202	202	cluster_202	0.9999867410773275
A0A7L5SVI2	0	0	cluster_0	0.9999991166929878
A0A7L5T6Z5	181	181	cluster_181	0.9999993998855263
A0A7L6N304	69	69	cluster_69	0.9999881789042249
A0A7L6N3Z4	69	69	cluster_69	0.9999895517204135
A0A7L9FET9	4	4	cluster_4	0.9999985563665201
A0A7M1Q509	10	10	cluster_10	0.9999079895578187
A0A7M1SVQ6	4	4	cluster_4	0.9999994381130821
A0A7M1T5N8	4	4	cluster_4	0.9999994795593559
A0A7M2C8T2	181	181	cluster_181	0.9999993738565897
A0A7M2GQH8	103	103	cluster_103	0.9999954647324988
A0A7M2QM72	101	101	cluster_101	0.9999899312446798
A0A7M2V601	4	4	cluster_4	0.9999985596579621
A0A7M3LUE9	0	0	cluster_0	0.9999989983318837
A0A7M3LZG4	181	181	cluster_181	0.9999993557186985
A0A7M3MV25	0	0	cluster_0	0.999999113294733
A0A7M4DTV3	107	107	cluster_107	0.999904460746309
A0A7R7EL56	0	0	cluster_0	0.9999985767477105
A0A7R7RSL7	197	197	cluster_197	0.9999986340023553
A0A7S4H264	6	6	cluster_6	0.9999991383323048
A0A7S4ZTG0	14	14	cluster_14	0.9999986626635685
A0A7S6MVS2	0	0	cluster_0	0.9999992922649992
A0A7S6U6H0	6	6	cluster_6	0.9999992443587592
A0A7S7T3Q2	5	5	cluster_5	0.9999988851876096
A0A7S8F6D9	0	0	cluster_0	0.9999993337408268
A0A7S9L072	202	202	cluster_202	0.9999872981241936
A0A7T1DXV6	7	7	cluster_7	0.9999979132267399
A0A7T2VX95	2	2	cluster_2	0.9999907194045008
A0A7T7HE15	0	0	cluster_0	0.9999991574058228
A0A7U5GVS6	5	5	cluster_5	0.9999988628972889
A0A7U6QKZ7	0	0	cluster_0	0.999998145789375
A0A7U8B3X1	6	6	cluster_6	0.9999986316506363
A0A7U8GT71	0	0	cluster_0	0.9999989672292019
A0A7U9NXL8	156	156	cluster_156	0.9997636667819121
A0A7U9RV81	6	6	cluster_6	0.9999992730597236
A0A7U9S8R7	131	131	cluster_131	0.9999780178179652
A0A7U9SLK4	131	131	cluster_131	0.999979924820426
A0A7V0IFJ3	0	0	cluster_0	0.9999991324487089
A0A7V0Z973	0	0	cluster_0	0.999999071307059
A0A7V1H5K3	181	181	cluster_181	0.9999990275424344
A0A7V1M5M9	4	4	cluster_4	0.9999994354968442
A0A7V1ZGT2	181	181	cluster_181	0.9999989463669542
A0A7V1ZJF3	175	175	cluster_175	0.9999978861692457
A0A7V1ZVD5	181	181	cluster_181	0.9999991238483763
A0A7V2EM87	0	0	cluster_0	0.9999991437198674
A0A7V2JEN2	10	10	cluster_10	0.9999586394746366
A0A7V2JH69	0	0	cluster_0	0.9999989480638237
A0A7V2QFG3	4	4	cluster_4	0.9999994660658584
A0A7V2QHJ4	0	0	cluster_0	0.9999990973130705
A0A7V3QFE4	0	0	cluster_0	0.999999181837547
A0A7V3RXG1	5	5	cluster_5	0.9999989816488223
A0A7V3UQG5	196	196	cluster_196	0.9999976821221568
A0A7V3VBR4	4	4	cluster_4	0.9999994614844752
A0A7V4KHU8	5	5	cluster_5	0.9999986616045972
A0A7V4LYQ6	0	0	cluster_0	0.9999992951219457
A0A7V4XC42	0	0	cluster_0	0.9999988003276904
A0A7V5BN78	6	6	cluster_6	0.9999986415420923
A0A7V5CY62	197	197	cluster_197	0.9999980805444576
A0A7V5ERB8	4	4	cluster_4	0.9999993857565173
A0A7V6GAQ3	0	0	cluster_0	0.9999990757842045
A0A7V6J135	5	5	cluster_5	0.9999989165041567
A0A7V6U001	103	103	cluster_103	0.9999954334927548
A0A7V7B2W7	4	4	cluster_4	0.9999994055646252
A0A7V7G0A3	181	181	cluster_181	0.9999992561365807
A0A7V7MIF6	181	181	cluster_181	0.9999992552733477
A0A7V7X3B0	4	4	cluster_4	0.9999994920694961
A0A7V8BZ85	0	0	cluster_0	0.9999991406655867
A0A7V8CYW1	5	5	cluster_5	0.9999987361810475
A0A7V8K1I8	7	7	cluster_7	0.9999982511507417
A0A7V9A8P3	0	0	cluster_0	0.9999991689643545
A0A7V9AA96	0	0	cluster_0	0.999999210112865
A0A7V9MX41	0	0	cluster_0	0.9999993291396119
A0A7V9U8B3	5	5	cluster_5	0.9999986643797409
A0A7W0A248	4	4	cluster_4	0.9999994336330268
A0A7W0I1S1	0	0	cluster_0	0.999998911001375
A0A7W0Q3C7	0	0	cluster_0	0.9999990324849457
A0A7W0UW27	181	181	cluster_181	0.9999991506343919
A0A7W0ZU24	0	0	cluster_0	0.9999990891226443
A0A7W1HH64	0	0	cluster_0	0.9999987413638293
A0A7W1ILR5	181	181	cluster_181	0.9999993791470705
A0A7W1RF08	0	0	cluster_0	0.9999992464538577
A0A7W1RW23	0	0	cluster_0	0.9999990847276814
A0A7W2J0Q8	175	175	cluster_175	0.9999982567679453
A0A7W2Z9G5	101	101	cluster_101	0.9999850741022265
A0A7W3RFL5	0	0	cluster_0	0.9999991132584032
A0A7W3SSW8	0	0	cluster_0	0.9999990119354222
A0A7W3TRZ0	6	6	cluster_6	0.9999991635670205
A0A7W3WSY1	181	181	cluster_181	0.9999992286381555
A0A7W4GU10	4	4	cluster_4	0.9999994387563084
A0A7W4HLB3	10	10	cluster_10	0.9999337581353958
A0A7W4JQX9	0	0	cluster_0	0.9999987840030184
A0A7W4KLJ7	2	2	cluster_2	0.9999898966495319
A0A7W4XZN2	181	181	cluster_181	0.9999992908503443
A0A7W4YTA2	0	0	cluster_0	0.9999990809139007
A0A7W5ASH8	181	181	cluster_181	0.9999993810545805
A0A7W5GWB6	6	6	cluster_6	0.9999990508292974
A0A7W5H2E7	0	0	cluster_0	0.9999992727484615
A0A7W5K0F7	74	74	cluster_74	0.9999980959370202
A0A7W5QL63	103	103	cluster_103	0.9999949861045048
A0A7W6B0K6	0	0	cluster_0	0.999999083040127
A0A7W6EEJ8	17	17	cluster_17	0.9999921157694074
A0A7W6KDF5	0	0	cluster_0	0.9999991375829566
A0A7W6LX24	103	103	cluster_103	0.9999956685947623
A0A7W6RX85	0	0	cluster_0	0.9999991704323928
A0A7W6SFS9	0	0	cluster_0	0.9999993192475518
A0A7W7G9J5	197	197	cluster_197	0.9999980986432094
A0A7W7N3W9	0	0	cluster_0	0.9999992624946935
A0A7W7ZCY8	182	182	cluster_182	0.9999972633289482
A0A7W8BKU4	0	0	cluster_0	0.9999992105106106
A0A7W8FTD1	74	74	cluster_74	0.9999974623463019
A0A7W8JF42	74	74	cluster_74	0.9999968245053686
A0A7W8JW03	5	5	cluster_5	0.9999989081268694
A0A7W8KQZ2	0	0	cluster_0	0.9999990230156491
A0A7W8UQX9	2	2	cluster_2	0.9999861715040963
A0A7W8WLT0	2	2	cluster_2	0.9999905191972717
A0A7W8ZL34	4	4	cluster_4	0.9999994977145459
A0A7W9LPV4	127	127	cluster_127	0.9999984127051464
A0A7W9SLM9	181	181	cluster_181	0.9999993735865054
A0A7W9T689	181	181	cluster_181	0.9999992573570422
A0A7X0LWB4	17	17	cluster_17	0.9999913352607239
A0A7X0P347	0	0	cluster_0	0.9999990362101278
A0A7X0VYA8	0	0	cluster_0	0.9999991227250493
A0A7X0W4Y2	97	97	cluster_97	0.9999110479272563
A0A7X0WGQ1	88	88	cluster_88	0.9999730526171015
A0A7X0X9I9	15	15	cluster_15	0.9994729879992245
A0A7X0X9M6	177	177	cluster_177	0.9995307472460979
A0A7X0XBX8	88	88	cluster_88	0.9999723994766387
A0A7X0XM77	88	88	cluster_88	0.9999680848013203
A0A7X0ZEC6	114	114	cluster_114	0.9985353829534926
A0A7X0ZFI6	15	15	cluster_15	0.9994954667953116
A0A7X0ZGX8	181	181	cluster_181	0.9999993629027202
A0A7X1BTS0	101	101	cluster_101	0.999984147744207
A0A7X1CJZ2	175	175	cluster_175	0.9999986835043077
A0A7X1LN05	208	208	cluster_208	0.9999099805479101
A0A7X1NH29	2	2	cluster_2	0.9999904262128034
A0A7X1ZD93	0	0	cluster_0	0.9999987564042085
A0A7X2BTZ4	2	2	cluster_2	0.999989784971048
A0A7X2G1R9	6	6	cluster_6	0.9999991731800724
A0A7X2L2U6	0	0	cluster_0	0.9999990902790543
A0A7X2NM68	0	0	cluster_0	0.9999986782938416
A0A7X2VHX6	116	116	cluster_116	0.999502295915333
A0A7X2ZAI6	4	4	cluster_4	0.9999994681239894
A0A7X3G8I8	131	131	cluster_131	0.9999755897446057
A0A7X3H2S2	0	0	cluster_0	0.9999989959917495
A0A7X3M513	0	0	cluster_0	0.9999991672695223
A0A7X3MRT9	0	0	cluster_0	0.9999990950867232
A0A7X3P015	17	17	cluster_17	0.9999914610827878
A0A7X3VS49	17	17	cluster_17	0.9999910687878024
A0A7X3ZZ62	0	0	cluster_0	0.9999989845099848
A0A7X4ZA69	17	17	cluster_17	0.9999929613189956
A0A7X5HWF2	131	131	cluster_131	0.9999760311718505
A0A7X5I636	182	182	cluster_182	0.9999955217999728
A0A7X5QHM3	192	192	cluster_192	0.9999734554958214
A0A7X6J8I3	14	14	cluster_14	0.9999984093096087
A0A7X6X7H7	10	10	cluster_10	0.9999514625996944
A0A7X6ZSL8	17	17	cluster_17	0.9999814731105433
A0A7X7B4Y0	0	0	cluster_0	0.9999984325254639
A0A7X7H5E3	181	181	cluster_181	0.9999992381988064
A0A7X7I130	0	0	cluster_0	0.9999991188198467
A0A7X7J1I3	0	0	cluster_0	0.999999005271126
A0A7X7N701	181	181	cluster_181	0.9999992313082782
A0A7X7THV5	0	0	cluster_0	0.9999985892548502
A0A7X7YU53	10	10	cluster_10	0.9999485453661163
A0A7X8C7R5	0	0	cluster_0	0.9999993081173979
A0A7X8DCI6	5	5	cluster_5	0.9999989632638341
A0A7X8GV85	4	4	cluster_4	0.9999994558983193
A0A7X8L5K6	131	131	cluster_131	0.9999774672881048
A0A7X8LD53	6	6	cluster_6	0.9999989274320853
A0A7X8REB6	0	0	cluster_0	0.9999984892540792
A0A7X8S4U1	103	103	cluster_103	0.9999950877791024
A0A7X8WDR1	91	91	cluster_91	0.9994753334171159
A0A7X8Z042	0	0	cluster_0	0.999998940158375
A0A7X8Z5R0	4	4	cluster_4	0.9999994732364449
A0A7X9B3U1	181	181	cluster_181	0.9999990450479193
A0A7X9BLH3	0	0	cluster_0	0.9999991577839583
A0A7X9BQ49	10	10	cluster_10	0.9999163321084101
A0A7X9BY54	0	0	cluster_0	0.9999991391321598
A0A7X9MTT8	4	4	cluster_4	0.99999941062809
A0A7X9P7K8	5	5	cluster_5	0.9999987831696192
A0A7X9PDB7	0	0	cluster_0	0.9999990539785532
A0A7X9PEV5	0	0	cluster_0	0.9999990363159249
A0A7X9RZA8	181	181	cluster_181	0.9999993215820537
A0A7X9SJR9	10	10	cluster_10	0.999984535543458
A0A7Y0H0B8	0	0	cluster_0	0.9999989747501439
A0A7Y0HAT3	192	192	cluster_192	0.9999730318666884
A0A7Y1EYP3	0	0	cluster_0	0.9999992692270436
A0A7Y1X9B1	0	0	cluster_0	0.999998453419497
A0A7Y1ZNX7	4	4	cluster_4	0.9999994689990548
A0A7Y2EZD9	0	0	cluster_0	0.9999990079670253
A0A7Y2MAD8	74	74	cluster_74	0.9999979809963159
A0A7Y2TLH3	0	0	cluster_0	0.9999990470395128
A0A7Y2TMN9	4	4	cluster_4	0.9999994740776211
A0A7Y3P5K3	0	0	cluster_0	0.9999985372598934
A0A7Y3Q409	182	182	cluster_182	0.9999972466382938
A0A7Y3RAH2	0	0	cluster_0	0.9999990616359938
A0A7Y3TF55	0	0	cluster_0	0.9999987868085404
A0A7Y3W3M6	0	0	cluster_0	0.9999992614853276
A0A7Y4AZI7	192	192	cluster_192	0.9999577315302981
A0A7Y4ED74	182	182	cluster_182	0.9999973036519266
A0A7Y4F1P6	101	101	cluster_101	0.9999856044688443
A0A7Y4GUW1	4	4	cluster_4	0.9999994206515442
A0A7Y4RQQ5	4	4	cluster_4	0.9999994863551283
A0A7Y4XGS7	0	0	cluster_0	0.9999991190518003
A0A7Y5DRL5	202	202	cluster_202	0.9999837261640557
A0A7Y5ESZ9	10	10	cluster_10	0.9999400919276688
A0A7Y5GSC2	0	0	cluster_0	0.999998996001899
A0A7Y5GYG3	6	6	cluster_6	0.999998776657405
A0A7Y5KZE8	4	4	cluster_4	0.9999993457704656
A0A7Y5M0C4	0	0	cluster_0	0.999999057003649
A0A7Y5PKY7	4	4	cluster_4	0.9999984845984641
A0A7Y5SCD4	0	0	cluster_0	0.9999990924966222
A0A7Y6C199	0	0	cluster_0	0.9999992544003439
A0A7Y6Q0J1	0	0	cluster_0	0.9999990635126724
A0A7Y6TTU6	6	6	cluster_6	0.9999989804882361
A0A7Y6TZ16	2	2	cluster_2	0.9999894669564922
A0A7Y7NJ03	0	0	cluster_0	0.9999990204780826
A0A7Y7NWF4	4	4	cluster_4	0.9999994668349521
A0A7Y7SQ27	2	2	cluster_2	0.9999908684478522
A0A7Y8JBH1	5	5	cluster_5	0.9999987991076904
A0A7Y8M068	0	0	cluster_0	0.9999987622544161
A0A7Y8S2G2	131	131	cluster_131	0.9999775838239069
A0A7Y9EM15	181	181	cluster_181	0.9999993019891322
A0A7Y9JBE1	0	0	cluster_0	0.9999990941990395
A0A7Y9S1B9	0	0	cluster_0	0.9999991052645646
A0A7Y9W1N6	182	182	cluster_182	0.9999967953942193
A0A7Y9WHX9	5	5	cluster_5	0.999997655758755
A0A7Z0S5Y9	74	74	cluster_74	0.9999977407351269
A0A7Z0SUJ9	5	5	cluster_5	0.9999987431234781
A0A7Z0WHV0	127	127	cluster_127	0.9999983334090186
A0A7Z1TH59	2	2	cluster_2	0.9999906809151654
A0A7Z7FNN6	2	2	cluster_2	0.9999883815606035
A0A7Z7PT04	0	0	cluster_0	0.999998929066604
A0A7Z7VNZ8	208	208	cluster_208	0.9998730319636381
A0A811BR59	2	2	cluster_2	0.9999884070791165
A0A813PQ26	14	14	cluster_14	0.9999970276214075
A0A815PRD6	181	181	cluster_181	0.9999992566713961
A0A817B1N5	5	5	cluster_5	0.999998973847134
A0A821EZK9	14	14	cluster_14	0.999997715204223
A0A822V658	0	0	cluster_0	0.9999990819899635
A0A823IYL9	114	114	cluster_114	0.998418519026356
A0A823J4W2	177	177	cluster_177	0.999537082280856
A0A829YGA1	2	2	cluster_2	0.9999732442144541
A0A830EKN2	10	10	cluster_10	0.9999616705299346
A0A831UB78	181	181	cluster_181	0.9999991461033242
A0A832CCQ3	0	0	cluster_0	0.999999027261384
A0A832CLH1	183	183	cluster_183	0.9999982150132135
A0A832FU22	10	10	cluster_10	0.9999484559029905
A0A832HA98	4	4	cluster_4	0.9999994550912288
A0A832HT82	10	10	cluster_10	0.9999271894797837
A0A832M0J0	183	183	cluster_183	0.9999981314876053
A0A832MB68	181	181	cluster_181	0.9999993818539099
A0A832NQG8	0	0	cluster_0	0.9999990780070048
A0A832RS45	181	181	cluster_181	0.9999989440306865
A0A832RUW3	74	74	cluster_74	0.9999976809031755
A0A832S876	0	0	cluster_0	0.999999255327691
A0A832T0Y3	0	0	cluster_0	0.9999990234418112
A0A832VE90	0	0	cluster_0	0.9999991271401705
A0A835KPF9	0	0	cluster_0	0.9999986739868888
A0A836TC20	4	4	cluster_4	0.9999994049071785
A0A837RLB1	181	181	cluster_181	0.9999991402873755
A0A838EH79	181	181	cluster_181	0.9999993155530709
A0A838S422	5	5	cluster_5	0.9999984647734937
A0A838YJ59	0	0	cluster_0	0.9999993228968049
A0A838Z1Z3	4	4	cluster_4	0.9999994760406775
A0A839RI50	4	4	cluster_4	0.9999994371922073
A0A839WLW3	2	2	cluster_2	0.999991002807752
A0A840D808	0	0	cluster_0	0.9999990487803585
A0A840FVS2	182	182	cluster_182	0.9999970226709285
A0A840FVV2	0	0	cluster_0	0.9999990632321445
A0A840UMI5	175	175	cluster_175	0.9999988637279545
A0A840VI55	74	74	cluster_74	0.9999977169593894
A0A840YG56	0	0	cluster_0	0.9999986982167652
A0A841GX56	0	0	cluster_0	0.9999991653000266
A0A842AFU9	175	175	cluster_175	0.9999988482306853
A0A842B0R8	10	10	cluster_10	0.9999269087743097
A0A842CZK2	0	0	cluster_0	0.9999990799726068
A0A842G382	10	10	cluster_10	0.9999601915935403
A0A842M336	0	0	cluster_0	0.9999992804053375
A0A842SZS8	0	0	cluster_0	0.9999989567884249
A0A842TP36	4	4	cluster_4	0.9999990268336256
A0A842UDS3	6	6	cluster_6	0.9999991453662468
A0A842W4Q7	181	181	cluster_181	0.9999992443474465
A0A842W6H2	197	197	cluster_197	0.9999963276866769
A0A842X888	181	181	cluster_181	0.9999991411524323
A0A842Y7E9	0	0	cluster_0	0.9999992587614289
A0A843BQF2	6	6	cluster_6	0.9999987522060507
A0A843HU57	181	181	cluster_181	0.9999988809304703
A0A844SB32	196	196	cluster_196	0.9999971317809788
A0A844TZV4	4	4	cluster_4	0.999999505256333
A0A844X4T5	6	6	cluster_6	0.999999169333562
A0A845BAH8	0	0	cluster_0	0.9999990173137647
A0A845L102	0	0	cluster_0	0.9999990824442982
A0A845LB71	6	6	cluster_6	0.9999990723918304
A0A845QYG2	175	175	cluster_175	0.9999986347246826
A0A845RB56	17	17	cluster_17	0.9999908687944911
A0A845UMH8	74	74	cluster_74	0.9999979187949637
A0A847CPF8	4	4	cluster_4	0.9999994296522956
A0A847JBR5	0	0	cluster_0	0.9999990233166003
A0A847KZY0	4	4	cluster_4	0.9999994537187398
A0A847LBU2	4	4	cluster_4	0.9999994150646734
A0A847QN33	0	0	cluster_0	0.9999991111287841
A0A847T5F1	0	0	cluster_0	0.9999991005588299
A0A847YL98	4	4	cluster_4	0.9999994083124167
A0A848CWU3	175	175	cluster_175	0.9999988388605952
A0A848GEU6	4	4	cluster_4	0.9999992268632285
A0A848NFB6	2	2	cluster_2	0.9999912963300532
A0A848PX29	4	4	cluster_4	0.999999441895324
A0A848ZQW1	0	0	cluster_0	0.9999993229914987
A0A849FD78	181	181	cluster_181	0.9999993735795707
A0A849M8T8	181	181	cluster_181	0.9999990416004018
A0A849MMS2	4	4	cluster_4	0.9999994574473109
A0A849T946	10	10	cluster_10	0.9999373007591271
A0A849WCN8	0	0	cluster_0	0.9999989024536764
A0A850DJA9	127	127	cluster_127	0.9999982996941104
A0A850JBS5	181	181	cluster_181	0.9999993120275524
A0A850LJR8	4	4	cluster_4	0.9999993423323441
A0A850MHK7	4	4	cluster_4	0.9999991027533351
A0A850RE71	2	2	cluster_2	0.9999905909207718
A0A851G2N2	123	123	cluster_123	0.9999917574852586
A0A851G347	2	2	cluster_2	0.9999888418914685
A0A851I322	131	131	cluster_131	0.9999779512854307
A0A851I3G7	88	88	cluster_88	0.9999659470245876
A0A851IC01	131	131	cluster_131	0.9999782022437371
A0A851IEN4	175	175	cluster_175	0.9999982404391142
A0A852XHX6	4	4	cluster_4	0.9999994268151574
A0A853DKR2	0	0	cluster_0	0.9999990979189488
A0A853FYB6	196	196	cluster_196	0.9999974916054166
A0A853GRN0	196	196	cluster_196	0.9999977632276185
A0A853H8V0	4	4	cluster_4	0.9999994422467517
A0A855NEP2	6	6	cluster_6	0.9999992966616631
A0A857DJY8	0	0	cluster_0	0.999999125699565
A0A858QC68	4	4	cluster_4	0.9999989314716777
A0A859FCV8	4	4	cluster_4	0.9999994224856883
A0A859IEM0	6	6	cluster_6	0.9999984334529761
A0A894KLM0	5	5	cluster_5	0.999998940007057
A0A897NLI3	0	0	cluster_0	0.9999990606357618
A0A8A4KAP3	123	123	cluster_123	0.9999921055314972
A0A8B3DK38	101	101	cluster_101	0.9999866063386024
A0A8B5ZK83	74	74	cluster_74	0.9999980776896618
A0A8B6IUU9	0	0	cluster_0	0.9999985719352659
A0A8B7AP87	4	4	cluster_4	0.9999994560199409
A0A8B8ULH6	181	181	cluster_181	0.9999989208707242
A0A8B9D4F4	5	5	cluster_5	0.9999989306389969
A0A8C2E417	5	5	cluster_5	0.999999018862418
A0A8C2GWH1	5	5	cluster_5	0.9999988923476372
A0A8C3F7X7	5	5	cluster_5	0.9999990265585242
A0A8C4ZFH6	5	5	cluster_5	0.9999985387483564
A0A8C4ZHX9	4	4	cluster_4	0.9999994790544005
A0A8C5BDH6	5	5	cluster_5	0.9999989589293581
A0A8C7GZ46	4	4	cluster_4	0.9999986874027272
A0A8C7K0S7	4	4	cluster_4	0.9999990250387054
A0A8C8FI13	5	5	cluster_5	0.9999988833040994
A0A8C9U2F4	5	5	cluster_5	0.9999987849129045
A0A8D4VNT4	4	4	cluster_4	0.9999994274061504
A0A8D5U4S4	183	183	cluster_183	0.9999985217694536
A0A8D5U6Q3	0	0	cluster_0	0.999999019951403
A0A8D8SYS6	181	181	cluster_181	0.9999989277249819
A0A8E0I4D3	5	5	cluster_5	0.9999988831376
A0A8E0SDX2	0	0	cluster_0	0.9999991154330203
A0A8E0VC36	0	0	cluster_0	0.9999991559145497
A0A8E1RZ45	192	192	cluster_192	0.9999741697356999
A0A8E2BCJ0	0	0	cluster_0	0.9999987494094408
A0A8E4MC86	5	5	cluster_5	0.9999989765114158
A0A8F2B0J1	4	4	cluster_4	0.9999994350544311
A0A8F5C1V0	181	181	cluster_181	0.9999988039085601
A0A8F5GV21	183	183	cluster_183	0.9999980060570045
A0A8F7N4P3	0	0	cluster_0	0.9999992537105612
A0A8F7UGC1	2	2	cluster_2	0.9999917043527959
A0A8G2C406	74	74	cluster_74	0.9999975972952834
A0A8H2VDA0	181	181	cluster_181	0.9999991805618875
A0A8H3QZ02	5	5	cluster_5	0.9999986252451291
A0A8H9IPG8	0	0	cluster_0	0.9999991563355414
A0A8H9QUF4	17	17	cluster_17	0.9999915029921072
A0A8H9TUQ5	2	2	cluster_2	0.9999908953774846
A0A8I0BM05	182	182	cluster_182	0.9999973640430865
A0A8I0E3Z7	0	0	cluster_0	0.9999986657221331
A0A8I0M3Q8	0	0	cluster_0	0.999999089755215
A0A8I1RGF8	0	0	cluster_0	0.9999993098803353
A0A8I1UQS6	0	0	cluster_0	0.9999993032457702
A0A8I2B4V4	2	2	cluster_2	0.9999906415979
A0A8J2T4N7	181	181	cluster_181	0.9999990102930315
A0A8J2TP66	4	4	cluster_4	0.9999994213174301
A0A8J2VHP5	0	0	cluster_0	0.9999991409614449
A0A8J2ZWM7	17	17	cluster_17	0.9999922824739561
A0A8J3AHV3	4	4	cluster_4	0.9999993784407437
A0A8J3D1J2	202	202	cluster_202	0.9999852961209541
A0A8J3FST0	197	197	cluster_197	0.999998609310798
A0A8J3FTD8	197	197	cluster_197	0.9999985943209839
A0A8J3GMY9	103	103	cluster_103	0.9999950137235757
A0A8J3L022	0	0	cluster_0	0.999999173092145
A0A8J3WI52	0	0	cluster_0	0.9999989241576085
A0A8J3YD85	0	0	cluster_0	0.9999990891007395
A0A8J4DES2	0	0	cluster_0	0.9999990466789872
A0A8J4FAD4	0	0	cluster_0	0.9999990862126288
A0A8J4YAT8	5	5	cluster_5	0.9999990019155266
A0A8J6J4B5	4	4	cluster_4	0.9999993701023036
A0A8J6R640	4	4	cluster_4	0.9999993174232856
A0A8J6STD7	6	6	cluster_6	0.9999992209464922
A0A8J6V8X3	6	6	cluster_6	0.9999992611155007
A0A8J6Y575	181	181	cluster_181	0.9999990369751705
A0A8J6Z960	4	4	cluster_4	0.999999331235917
A0A8J7CXU6	6	6	cluster_6	0.9999992013118308
A0A8J7GM40	197	197	cluster_197	0.999998650318749
A0A8J7JN47	6	6	cluster_6	0.9999988627607316
A0A8J7Q2U5	181	181	cluster_181	0.9999993496578854
A0A8J7R3F4	0	0	cluster_0	0.9999992824138009
A0A8J7ZK75	0	0	cluster_0	0.9999990392290363
A0A8J8BSJ0	181	181	cluster_181	0.9999990629659573
A0A8J8EE43	0	0	cluster_0	0.9999990959521494
A0A8J8IYN7	0	0	cluster_0	0.9999990036703778
A0A8J8K305	0	0	cluster_0	0.9999990719793167
A0A8J8MEW2	0	0	cluster_0	0.9999991005479473
A0A8J8MNR8	0	0	cluster_0	0.999999121610152
A0A8M0FGS8	3	3	cluster_3	0.9999832083033233
A0A8S0WLY5	6	6	cluster_6	0.9999987705521104
A0A8S7EG33	2	2	cluster_2	0.9999909360712661
A0A8T0AWH5	181	181	cluster_181	0.999999138861788
A0A8T0JP32	0	0	cluster_0	0.9999988359468389
A0A8T2BM23	0	0	cluster_0	0.9999991393921034
A0A8T3KWB5	74	74	cluster_74	0.9999981048910612
A0A8T3NK70	5	5	cluster_5	0.9999984328711077
A0A8T3W2U3	0	0	cluster_0	0.9999988159861132
A0A8T3XE41	0	0	cluster_0	0.9999991104847897
A0A8T4MTW9	181	181	cluster_181	0.9999993368102553
A0A8T4PRB2	0	0	cluster_0	0.9999989640524234
A0A8T4UXN6	181	181	cluster_181	0.9999993245018983
A0A8T4V3T2	0	0	cluster_0	0.9999991339932685
A0A8T4WEG0	0	0	cluster_0	0.999999037799565
A0A8T5H1U1	0	0	cluster_0	0.9999992032704892
A0A8T5IAN8	0	0	cluster_0	0.9999990212391082
A0A8T5LRQ0	0	0	cluster_0	0.9999991147239474
A0A8T5M6G4	0	0	cluster_0	0.9999991435940649
A0A8T5NE89	0	0	cluster_0	0.999999290194914
A0A8T5QXQ1	196	196	cluster_196	0.9999969952784766
A0A8T5R6K4	0	0	cluster_0	0.9999990315153651
A0A8T5T3E7	17	17	cluster_17	0.9999922324721592
A0A8T5T4M3	0	0	cluster_0	0.9999987604997085
A0A8T5U730	17	17	cluster_17	0.9999864309402706
A0A8T5UH17	0	0	cluster_0	0.9999987815277674
A0A8T5XQM0	10	10	cluster_10	0.9999847885732916
A0A8T6G746	181	181	cluster_181	0.9999992460548071
A0A8T6M651	181	181	cluster_181	0.9999992947111678
A0A8T7FL09	4	4	cluster_4	0.9999994309793958
A0A8T7GQ01	183	183	cluster_183	0.9999987787473485
A0A8T8E1Y5	181	181	cluster_181	0.9999988528167338
A0A8T8IAG6	0	0	cluster_0	0.9999990340536196
A0A8W8J757	181	181	cluster_181	0.9999991733140374
A0A8X6ETY5	6	6	cluster_6	0.9999990749826518
A0A8X8C815	0	0	cluster_0	0.9999987864188611
A0A913Y1Q7	5	5	cluster_5	0.999999010459588
A0A915Q9D6	19	19	cluster_19	0.9992759261572194
A0A916A6C1	74	74	cluster_74	0.9999972326928276
A0A916CQD4	4	4	cluster_4	0.9999994156713478
A0A916EP14	2	2	cluster_2	0.9999884663132358
A0A916G826	6	6	cluster_6	0.9999992400230331
A0A916HZ82	0	0	cluster_0	0.99999910999942
A0A916I5Q9	181	181	cluster_181	0.9999993742209953
A0A917DD97	0	0	cluster_0	0.9999986722325783
A0A917GS28	0	0	cluster_0	0.9999991051612629
A0A917K7L7	0	0	cluster_0	0.9999991380673816
A0A917UVM5	0	0	cluster_0	0.9999991409698906
A0A917WWG1	181	181	cluster_181	0.9999993616893554
A0A917XGR6	181	181	cluster_181	0.9999993636524686
A0A917Z319	182	182	cluster_182	0.9999974390957628
A0A918F499	0	0	cluster_0	0.9999991396187036
A0A918NZF1	4	4	cluster_4	0.9999994289261612
A0A918ZET7	181	181	cluster_181	0.9999993023752944
A0A919B2V8	197	197	cluster_197	0.9999986308770079
A0A919BRN2	6	6	cluster_6	0.9999990772675275
A0A919EEZ6	197	197	cluster_197	0.9999976571227563
A0A919EGN6	181	181	cluster_181	0.9999993593766442
A0A919PH84	0	0	cluster_0	0.9999991406800243
A0A919PSW4	6	6	cluster_6	0.999998962848791
A0A919WZ62	0	0	cluster_0	0.9999991230274786
A0A919X635	0	0	cluster_0	0.9999990958991194
A0A919XA24	0	0	cluster_0	0.9999991446149648
A0A920R255	0	0	cluster_0	0.99999901555244
A0A921L6F5	0	0	cluster_0	0.9999992861773972
A0A921SUG3	6	6	cluster_6	0.9999992185304837
A0A923CR05	0	0	cluster_0	0.999999097808212
A0A923E5M9	0	0	cluster_0	0.9999987334875031
A0A923FAZ3	74	74	cluster_74	0.9999980282887223
A0A923M867	182	182	cluster_182	0.9999970721314908
A0A923MDE4	2	2	cluster_2	0.9999898914435118
A0A923S8K0	69	69	cluster_69	0.9999828755817766
A0A923XKA0	0	0	cluster_0	0.9999989869554109
A0A924GW39	192	192	cluster_192	0.999974905695029
A0A924KT45	4	4	cluster_4	0.9999987697275322
A0A924R9V1	0	0	cluster_0	0.9999992858618667
A0A924SM71	192	192	cluster_192	0.9999762635279159
A0A925CM97	181	181	cluster_181	0.9999993870391073
A0A925DRV7	0	0	cluster_0	0.9999990158757796
A0A925LQT8	0	0	cluster_0	0.9999991069856992
A0A925MC29	0	0	cluster_0	0.9999990450199221
A0A925PIE2	0	0	cluster_0	0.9999984702754611
A0A925S974	196	196	cluster_196	0.9999970674860167
A0A925XAL7	181	181	cluster_181	0.9999993315573287
A0A926D3J6	12	12	cluster_12	0.9999925653178914
A0A926U8W5	4	4	cluster_4	0.999999352382593
A0A927A7Y7	6	6	cluster_6	0.999999224875316
A0A927CRA7	5	5	cluster_5	0.9999989378451186
A0A927CVJ3	0	0	cluster_0	0.9999986174690194
A0A927LEF7	4	4	cluster_4	0.9999994964021734
A0A927QC01	22	22	cluster_22	0.9999949818026911
A0A927QZT8	181	181	cluster_181	0.9999993013185432
A0A927S158	4	4	cluster_4	0.9999994521282964
A0A927SMX5	0	0	cluster_0	0.9999990892109696
A0A927Y0F2	5	5	cluster_5	0.9999989203826337
A0A927Z2W2	0	0	cluster_0	0.9999991644213241
A0A928AB58	187	187	cluster_187	0.9999835297316005
A0A928BYW6	6	6	cluster_6	0.9999991147614777
A0A928DVS4	196	196	cluster_196	0.9999966579318784
A0A928L4V8	17	17	cluster_17	0.999992436356475
A0A928QQL1	17	17	cluster_17	0.9999911813716575
A0A928U5A9	0	0	cluster_0	0.9999991040251556
A0A928U9N1	181	181	cluster_181	0.9999991491512831
A0A928XBM2	197	197	cluster_197	0.9999982234500047
A0A928YSE3	4	4	cluster_4	0.9999994394397418
A0A929D4J9	4	4	cluster_4	0.9999994175043485
A0A929KFH0	181	181	cluster_181	0.9999993510818733
A0A929PE58	0	0	cluster_0	0.999999047375113
A0A929TRJ5	5	5	cluster_5	0.9999989251940758
A0A929VQV4	131	131	cluster_131	0.9999782764137357
A0A930BC59	44	44	cluster_44	0.9998847072696677
A0A930FH97	164	164	cluster_164	0.9995736975053919
A0A930QMK2	131	131	cluster_131	0.9999777971544662
A0A930R510	187	187	cluster_187	0.9999896010989221
A0A930SD18	181	181	cluster_181	0.9999993496285857
A0A930SQU6	4	4	cluster_4	0.999999415516991
A0A931BA27	181	181	cluster_181	0.9999987062968713
A0A931DNT5	181	181	cluster_181	0.9999992988564408
A0A931E036	0	0	cluster_0	0.9999991131798731
A0A931RZM9	0	0	cluster_0	0.9999989796051505
A0A931VR21	181	181	cluster_181	0.9999993288031197
A0A932BZV2	0	0	cluster_0	0.9999990991048942
A0A932EJ77	181	181	cluster_181	0.99999879691452
A0A932HFJ8	0	0	cluster_0	0.9999992656947824
A0A932TIW6	0	0	cluster_0	0.9999990046780723
A0A932U4L8	10	10	cluster_10	0.9999552315995965
A0A933BGW1	181	181	cluster_181	0.9999991796725657
A0A933DQ52	196	196	cluster_196	0.9999978129070389
A0A933G7X6	0	0	cluster_0	0.9999990720768654
A0A933GXM0	0	0	cluster_0	0.9999989530765621
A0A933IWH4	0	0	cluster_0	0.9999990775254427
A0A933RMV1	181	181	cluster_181	0.9999991100165837
A0A933XCE9	0	0	cluster_0	0.9999991739033735
A0A934A6D2	6	6	cluster_6	0.9999989801076897
A0A934BN01	8	8	cluster_8	0.9999956859194419
A0A934MIK1	0	0	cluster_0	0.9999991389960717
A0A934QPM8	0	0	cluster_0	0.9999990477146763
A0A934V096	0	0	cluster_0	0.9999992734048236
A0A935AA14	10	10	cluster_10	0.9999565828392604
A0A935AU38	181	181	cluster_181	0.999999388353622
A0A935L489	0	0	cluster_0	0.9999992723336267
A0A935M1J8	17	17	cluster_17	0.9999895930668219
A0A935NFX2	5	5	cluster_5	0.9999986760688326
A0A935PYJ4	10	10	cluster_10	0.9999330609594556
A0A936AD28	2	2	cluster_2	0.9999907341082808
A0A936E0N2	181	181	cluster_181	0.999999163612122
A0A936QLX9	0	0	cluster_0	0.9999991250985915
A0A936TQH1	2	2	cluster_2	0.9999906907333637
A0A936ZTQ4	2	2	cluster_2	0.9999907644700163
A0A937HTD0	0	0	cluster_0	0.9999990484451695
A0A937MFR3	181	181	cluster_181	0.9999991841995896
A0A937NMZ1	0	0	cluster_0	0.9999991722369728
A0A937V1J7	6	6	cluster_6	0.9999991942442663
A0A937ZBI3	4	4	cluster_4	0.9999994177897914
A0A938AD31	74	74	cluster_74	0.9999980717139884
A0A938H497	0	0	cluster_0	0.9999992752694796
A0A938MDX6	0	0	cluster_0	0.9999991766993547
A0A938T5N2	4	4	cluster_4	0.9999994830089017
A0A938WHB7	192	192	cluster_192	0.999978143171947
A0A939BCL9	0	0	cluster_0	0.9999991942821499
A0A939H3A4	6	6	cluster_6	0.9999989720301898
A0A939HVL5	0	0	cluster_0	0.9999990639655612
A0A939IFF7	6	6	cluster_6	0.9999992409992363
A0A939PPW5	181	181	cluster_181	0.9999993451961977
A0A940B5X6	0	0	cluster_0	0.9999992850297377
A0A940CVS8	0	0	cluster_0	0.999998930495532
A0A940I6K7	4	4	cluster_4	0.9999994605546282
A0A940P4T5	187	187	cluster_187	0.9999873733288268
A0A940SFZ5	0	0	cluster_0	0.9999990901392998
A0A941R5X1	0	0	cluster_0	0.9999991241476092
A0A941TSU3	0	0	cluster_0	0.9999990424874472
A0A941Z6E0	2	2	cluster_2	0.9999906282145327
A0A942EC33	6	6	cluster_6	0.9999988703085011
A0A942F581	0	0	cluster_0	0.9999990640427323
A0A942HB72	6	6	cluster_6	0.9999989689469643
A0A942IF04	0	0	cluster_0	0.9999991184681917
A0A942MWW7	0	0	cluster_0	0.9999987176939448
A0A942VZ71	130	130	cluster_130	0.9985297200361325
A0A942W3Y7	187	187	cluster_187	0.9999709348626881
A0A942Z784	10	10	cluster_10	0.999943567181604
A0A943G2F7	8	8	cluster_8	0.999994696708352
A0A943L596	17	17	cluster_17	0.999992074191253
A0A944E4U9	197	197	cluster_197	0.9999985690383315
A0A944KY35	181	181	cluster_181	0.9999993513540262
A0A944PM15	181	181	cluster_181	0.9999993961958775
A0A944SBL1	0	0	cluster_0	0.9999991563873531
A0A944STD2	74	74	cluster_74	0.999997607750961
A0A944YYX2	4	4	cluster_4	0.9999994204113685
A0A945Z051	181	181	cluster_181	0.9999991374559646
A0A946NTC7	4	4	cluster_4	0.9999994957036981
A0A947F7G6	4	4	cluster_4	0.9999994505327091
A0A947S6Q5	196	196	cluster_196	0.9999976548238207
A0A947VAT8	4	4	cluster_4	0.9999994185209001
A0A948LT44	74	74	cluster_74	0.9999979974455001
A0A948R1Z4	0	0	cluster_0	0.9999992066275402
A0A948RTV9	0	0	cluster_0	0.9999989120581908
A0A949MDH8	0	0	cluster_0	0.999999278978824
A0A949MZE6	181	181	cluster_181	0.9999990232525501
A0A949QC18	192	192	cluster_192	0.9999738271638808
A0A949Y726	0	0	cluster_0	0.9999990184941868
A0A949ZE73	4	4	cluster_4	0.9999993824635663
A0A950CHV0	0	0	cluster_0	0.9999989946785878
A0A950DFV5	0	0	cluster_0	0.9999991359576056
A0A950G1A0	0	0	cluster_0	0.9999988149991264
A0A950JJ17	0	0	cluster_0	0.9999993010247558
A0A950QKN9	74	74	cluster_74	0.9999980627216961
A0A950WXH5	0	0	cluster_0	0.9999990637999016
A0A950X458	0	0	cluster_0	0.9999988442451193
A0A950XFZ4	0	0	cluster_0	0.9999989265884954
A0A950YJ79	0	0	cluster_0	0.9999990848693344
A0A951E699	0	0	cluster_0	0.9999988063249288
A0A951JT01	0	0	cluster_0	0.9999993291922361
A0A951LDF6	0	0	cluster_0	0.9999988954442344
A0A951SFL3	74	74	cluster_74	0.9999977291258179
A0A951TS12	181	181	cluster_181	0.999999200120311
A0A951X5B9	4	4	cluster_4	0.9999994503821125
A0A952AGX4	181	181	cluster_181	0.999999263441809
A0A952JVM5	0	0	cluster_0	0.9999993034665331
A0A952LCW8	10	10	cluster_10	0.9999500759496465
A0A952LFG0	10	10	cluster_10	0.9999465714828798
A0A952LFG5	10	10	cluster_10	0.9999417239602023
A0A952THU2	12	12	cluster_12	0.9999953433976706
A0A952Z6K0	74	74	cluster_74	0.9999981414187245
A0A952ZCI4	181	181	cluster_181	0.9999993661971969
A0A953F0P4	0	0	cluster_0	0.9999991732468537
A0A953JEB6	0	0	cluster_0	0.9999986825970753
A0A953MDD8	0	0	cluster_0	0.9999987580400115
A0A954GVV4	0	0	cluster_0	0.9999988929486009
A0A954IV21	0	0	cluster_0	0.9999990979454197
A0A954J9D9	0	0	cluster_0	0.9999991763994911
A0A954KWL7	127	127	cluster_127	0.9999973232927896
A0A954LY28	0	0	cluster_0	0.999999206172167
A0A954Q8C7	0	0	cluster_0	0.9999991963430862
A0A954R5K2	0	0	cluster_0	0.999999182225048
A0A954RM08	10	10	cluster_10	0.9999594577401679
A0A954ZDP5	0	0	cluster_0	0.9999991487450833
A0A955BLE6	0	0	cluster_0	0.999999102422538
A0A955HDZ7	196	196	cluster_196	0.9999974875802404
A0A955HFD7	196	196	cluster_196	0.9999949178890952
A0A955R148	0	0	cluster_0	0.9999992813121634
A0A955VSI0	6	6	cluster_6	0.9999989123601801
A0A956G5J9	181	181	cluster_181	0.9999991417671763
A0A956GT44	0	0	cluster_0	0.9999990112874045
A0A956NX19	131	131	cluster_131	0.9999774862122786
A0A956PEM8	192	192	cluster_192	0.9999728422637848
A0A956SNG8	187	187	cluster_187	0.9999883597830355
A0A956TQV0	196	196	cluster_196	0.9999977162360951
A0A957N3T0	6	6	cluster_6	0.9999991067050638
A0A957PTQ5	6	6	cluster_6	0.9999993072629514
A0A957RW86	208	208	cluster_208	0.9998939808050991
A0A957S9W8	10	10	cluster_10	0.9999495674762758
A0A958D5I8	72	72	cluster_72	0.9998833700158034
A0A958M6S4	10	10	cluster_10	0.9999499873842241
A0A958TBV3	4	4	cluster_4	0.9999994732169117
A0A958YQX9	0	0	cluster_0	0.9999991440963445
A0A959A156	4	4	cluster_4	0.9999994913574557
A0A959HSE7	4	4	cluster_4	0.9999994980144924
A0A959KAQ1	4	4	cluster_4	0.9999986592070538
A0A959PXS3	0	0	cluster_0	0.9999992872283121
A0A959R4J3	0	0	cluster_0	0.9999990778692426
A0A959SBE5	4	4	cluster_4	0.99999944999567
A0A960HK10	4	4	cluster_4	0.9999993961285815
A0A960KNH5	5	5	cluster_5	0.9999988466030046
A0A960P312	4	4	cluster_4	0.9999994479678013
A0A960TUZ8	181	181	cluster_181	0.9999991832594306
A0A960ZYR6	0	0	cluster_0	0.9999991131063887
A0A961NEC7	0	0	cluster_0	0.9999988197456665
A0A961NED1	0	0	cluster_0	0.9999989811697425
A0A961VLN8	0	0	cluster_0	0.99999903414768
A0A961ZFQ0	0	0	cluster_0	0.9999991291117719
A0A962JHX4	192	192	cluster_192	0.9999783304379396
A0A962KBR7	5	5	cluster_5	0.9999989584380214
A0A962MIP1	10	10	cluster_10	0.9999438212929688
A0A962Q988	196	196	cluster_196	0.9999966521928237
A0A962S4E1	74	74	cluster_74	0.999998347075843
A0A963DJE3	0	0	cluster_0	0.9999989999481256
A0A963F833	74	74	cluster_74	0.999998139244865
A0A963F994	0	0	cluster_0	0.9999987492016671
A0A963FA97	10	10	cluster_10	0.9999512106471506
A0A963TDZ7	0	0	cluster_0	0.9999992504985937
A0A964P2K5	192	192	cluster_192	0.9999743332488098
A0A965CA82	197	197	cluster_197	0.9999985362225318
A0A965ED72	197	197	cluster_197	0.9999985741706117
A0A965EV72	0	0	cluster_0	0.9999990599498254
A0A965GSK8	197	197	cluster_197	0.9999985013913991
A0A965KTE6	197	197	cluster_197	0.9999985457459605
A0A965L7H6	197	197	cluster_197	0.9999974060135836
A0A965M9G9	0	0	cluster_0	0.9999993049973716
A0A965MQR1	4	4	cluster_4	0.9999994355130319
A0A965NZ29	17	17	cluster_17	0.9999870287834135
A0A965PCW0	197	197	cluster_197	0.9999985120815588
A0A965PT68	133	133	cluster_133	0.9994743056907808
A0A965RCR5	4	4	cluster_4	0.9999994408963069
A0A965SUQ0	4	4	cluster_4	0.9999994534901546
A0A965U0T7	0	0	cluster_0	0.999998660009401
A0A965U5W0	17	17	cluster_17	0.9999924115650034
A0A965US72	6	6	cluster_6	0.9999991357223523
A0A965US91	197	197	cluster_197	0.9999974539151757
A0A965UUE6	133	133	cluster_133	0.9994858809027664
A0A965UZP7	197	197	cluster_197	0.9999985862898675
A0A966KC64	74	74	cluster_74	0.9999978812706491
A0A966LWJ5	10	10	cluster_10	0.9999402797518687
A0A966MZL3	197	197	cluster_197	0.9999974305289346
A0A966US30	197	197	cluster_197	0.9999978523676585
A0A966YDB7	0	0	cluster_0	0.9999991724751525
A0A967B1C8	181	181	cluster_181	0.999999238903114
A0A967M4L9	0	0	cluster_0	0.9999992943638548
A0A967N0I2	181	181	cluster_181	0.9999991191144079
A0A967Z311	0	0	cluster_0	0.9999991356434165
A0A968FWX7	5	5	cluster_5	0.99999883495389
A0A968G9J4	0	0	cluster_0	0.9999991077059803
A0A968HHG6	0	0	cluster_0	0.999998995937568
A0A968LAX2	74	74	cluster_74	0.9999979368931866
A0A968PN53	6	6	cluster_6	0.9999992450644918
A0A968TWC2	6	6	cluster_6	0.9999989854236857
A0A968YDF8	10	10	cluster_10	0.9999504067177707
A0A969IVD9	5	5	cluster_5	0.9999986911177369
A0A969KDJ2	5	5	cluster_5	0.9999987330296272
A0A969KFK3	0	0	cluster_0	0.9999987468553274
A0A969KQV5	6	6	cluster_6	0.9999992079744029
A0A970DUM7	4	4	cluster_4	0.9999994416787295
A0A970GYY5	181	181	cluster_181	0.9999991548185154
A0A970L980	0	0	cluster_0	0.9999992962052178
A0A970Q4K8	0	0	cluster_0	0.9999991032129367
A0A970R9Q3	17	17	cluster_17	0.9999917332330788
A0A970SKG2	4	4	cluster_4	0.9999994608023405
A0A970SQT1	0	0	cluster_0	0.9999987525614991
A0A970XPR5	196	196	cluster_196	0.9999972432036834
A0A971B625	0	0	cluster_0	0.9999987908041921
A0A971MYA6	69	69	cluster_69	0.999987908012959
A0A971PI20	4	4	cluster_4	0.999999488515489
A0A971QIP8	0	0	cluster_0	0.9999989458945935
A0A971TIZ6	181	181	cluster_181	0.9999992806590811
A0A971VL63	6	6	cluster_6	0.9999988066727526
A0A971XI73	4	4	cluster_4	0.9999994682361365
A0A972CE01	5	5	cluster_5	0.999999007070518
A0A972E3G3	4	4	cluster_4	0.9999994735894118
A0A972F6M0	4	4	cluster_4	0.9999994180023354
A0A972HES7	4	4	cluster_4	0.9999994298905195
A0A972I261	10	10	cluster_10	0.9999535640309128
A0A972IP42	0	0	cluster_0	0.9999983973204338
A0A972NDW2	10	10	cluster_10	0.9999487940431442
A0A972NTI7	2	2	cluster_2	0.999991304346137
A0A972PCU7	0	0	cluster_0	0.9999991483893176
A0A972PWB9	0	0	cluster_0	0.9999991686303407
A0A972R6Z9	0	0	cluster_0	0.9999990806034169
A0A973B9F7	181	181	cluster_181	0.9999993549514523
A0A973BYI2	192	192	cluster_192	0.9999642887142778
A0A973E627	0	0	cluster_0	0.9999989690976212
A0A973KQP7	0	0	cluster_0	0.9999990526525036
A0A973MNV4	197	197	cluster_197	0.9999987420800299
A0A973MVE4	0	0	cluster_0	0.9999990843890602
A0A973V357	181	181	cluster_181	0.9999993908387548
A0A974BHS2	21	21	cluster_21	0.9999566188854989
A0A975BC57	12	12	cluster_12	0.9999949873500178
A0A975MML4	182	182	cluster_182	0.9999973822889164
A0A975S178	0	0	cluster_0	0.9999988857045685
A0A975SN99	74	74	cluster_74	0.9999982147420455
A0A976GSG2	6	6	cluster_6	0.9999992079492331
A0A976RQW2	181	181	cluster_181	0.9999991386230874
A0A977KBM2	181	181	cluster_181	0.9999982684562831
A0A977NLF8	175	175	cluster_175	0.999997908081245
A0A978SKV9	4	4	cluster_4	0.9999994138552394
A0A979H410	35	35	cluster_35	0.9999717855032748
A0A9C6X792	181	181	cluster_181	0.9999992860564931
A0A9C8N142	8	8	cluster_8	0.9999949877656849
A0A9C9G5K0	0	0	cluster_0	0.9999992350175068
A0A9D0AW90	74	74	cluster_74	0.9999982105042207
A0A9D1AGG3	4	4	cluster_4	0.9999994344532493
A0A9D1IBK4	0	0	cluster_0	0.9999990594616042
A0A9D1KDS8	6	6	cluster_6	0.9999990065208346
A0A9D1N0W0	0	0	cluster_0	0.99999912465859
A0A9D1NEJ2	0	0	cluster_0	0.9999967157270002
A0A9D1PTR4	101	101	cluster_101	0.9999837097726222
A0A9D1XS99	0	0	cluster_0	0.9999993116239367
A0A9D2DV20	131	131	cluster_131	0.9999781895225703
A0A9D2E0M9	202	202	cluster_202	0.9999864435344933
A0A9D2NWR3	5	5	cluster_5	0.9999989775973667
A0A9D2PEI8	131	131	cluster_131	0.9999791587169415
A0A9D2PJE9	131	131	cluster_131	0.9999779480797437
A0A9D2PMW5	131	131	cluster_131	0.9999782071707873
A0A9D2S6M3	5	5	cluster_5	0.9999989970371407
A0A9D2SNM3	131	131	cluster_131	0.9999795181530315
A0A9D4TM29	5	5	cluster_5	0.9999984983906636
A0A9D5DG47	4	4	cluster_4	0.999998198271587
A0A9D5HXP2	10	10	cluster_10	0.9999291521198679
A0A9D5JRW4	0	0	cluster_0	0.9999991267201885
A0A9D5MXH2	0	0	cluster_0	0.9999991512799302
A0A9D5Y601	17	17	cluster_17	0.9999928307995714
A0A9D6JUH7	74	74	cluster_74	0.9999977684262872
A0A9D6PKE0	4	4	cluster_4	0.999999425730014
A0A9D7PAK2	181	181	cluster_181	0.9999992641487242
A0A9D7QFT0	127	127	cluster_127	0.9999982744691779
A0A9D7XEY4	4	4	cluster_4	0.9999994682086143
A0A9D8C381	0	0	cluster_0	0.9999991120549621
A0A9D8MP53	0	0	cluster_0	0.9999992882112813
A0A9D8RYY0	131	131	cluster_131	0.9999807304549211
A0A9D8WBF4	181	181	cluster_181	0.9999991749380249
A0A9D8ZAC6	0	0	cluster_0	0.9999992056597259
A0A9D9BL97	0	0	cluster_0	0.999999148379315
A0A9D9CP11	0	0	cluster_0	0.9999990153348154
A0A9D9NMJ6	5	5	cluster_5	0.9999988639161218
A0A9D9Z1W8	182	182	cluster_182	0.9999969195644289
A0A9E0GSP2	5	5	cluster_5	0.9999989533146665
A0A9E0GX10	181	181	cluster_181	0.9999992300760553
A0A9E0I5C2	7	7	cluster_7	0.9999979734006017
A0A9E0IKZ8	0	0	cluster_0	0.9999990139074793
A0A9E0K409	131	131	cluster_131	0.9999779127289413
A0A9E0PJQ3	192	192	cluster_192	0.9999772211504994
A0A9E0ZY00	5	5	cluster_5	0.9999990230631138
A0A9E1BG59	175	175	cluster_175	0.9999982352531275
A0A9E2G8S8	69	69	cluster_69	0.9999860825484832
A0A9E2H2S8	181	181	cluster_181	0.9999991964545314
A0A9E2J5S4	103	103	cluster_103	0.999994312372573
A0A9E2JHF4	0	0	cluster_0	0.9999990770493107
A0A9E2LLM5	69	69	cluster_69	0.9999884661943015
A0A9E2MQA6	0	0	cluster_0	0.9999990411498579
A0A9E3APB5	181	181	cluster_181	0.9999991348494977
A0A9E3EFJ9	5	5	cluster_5	0.9999990197882143
A0A9E3EK83	0	0	cluster_0	0.9999989921590619
A0A9E3GRK8	0	0	cluster_0	0.9999990708506366
A0A9E3HE46	6	6	cluster_6	0.9999992348183067
A0A9E3INB9	4	4	cluster_4	0.999999454860382
A0A9E3JP86	5	5	cluster_5	0.9999990269357574
A0A9E3LGU0	0	0	cluster_0	0.999999035734186
A0A9E3PEQ6	14	14	cluster_14	0.9999983650083206
A0A9E3PIR8	74	74	cluster_74	0.99999805779849
A0A9E3QJX7	0	0	cluster_0	0.999999186998314
A0A9E3VJK9	181	181	cluster_181	0.9999992887540334
A0A9E3VJS1	0	0	cluster_0	0.9999989856508664
A0A9E3W008	4	4	cluster_4	0.9999993836507632
A0A9E4CCI9	6	6	cluster_6	0.9999991101948335
A0A9E4EG41	74	74	cluster_74	0.9999981854756517
A0A9E4I2X5	192	192	cluster_192	0.9999747325163572
A0A9E4KDV9	0	0	cluster_0	0.9999991946176572
A0A9E4NVW6	0	0	cluster_0	0.9999989846796363
A0A9E4RTG7	4	4	cluster_4	0.9999994542728047
A0A9E4ZMG3	0	0	cluster_0	0.9999990956177415
A0A9E5DIP8	183	183	cluster_183	0.9999988551213859
A0A9E5VCY2	6	6	cluster_6	0.9999987896104972
A0A9E5VSA6	5	5	cluster_5	0.9999989706767697
A0A9E6DQ47	5	5	cluster_5	0.9999989590610898
A0A9E6MUV3	10	10	cluster_10	0.9998880954549685
A0A9E6R9U7	0	0	cluster_0	0.9999989746638634
A0A9E6SU30	4	4	cluster_4	0.9999994695170981
A0A9E8LYW5	4	4	cluster_4	0.999999410134538
A0A9E8RY20	0	0	cluster_0	0.9999991418512536
A0A9J6BR49	181	181	cluster_181	0.9999993372120602
A0A9J6P5S1	0	0	cluster_0	0.9999984978624583
A0A9J6QWE2	10	10	cluster_10	0.9999482031472109
A0A9J7BK00	181	181	cluster_181	0.9999992430333241
A0A9N6YZ80	6	6	cluster_6	0.999998782407446
A0A9N8GUB7	123	123	cluster_123	0.9999942742711406
A0A9N8J8P5	0	0	cluster_0	0.9999991385215271
A0A9N8NZV4	181	181	cluster_181	0.9999993220834636
A0A9N8YNY2	5	5	cluster_5	0.9999988016626926
A0A9N9DJW0	5	5	cluster_5	0.9999985729139618
A0A9P1VZ35	48	48	cluster_48	0.9996935210102226
A0A9P1WYH2	177	177	cluster_177	0.9994908069097321
A0A9P2C2B4	97	97	cluster_97	0.9999176903058548
A0A9P2DNG4	114	114	cluster_114	0.9986266756242871
A0A9P2LAS0	5	5	cluster_5	0.9999988664419466
A0A9P3V0E5	74	74	cluster_74	0.9999979542134502
A0A9P3V3G9	88	88	cluster_88	0.9999728488808232
A0A9P4XG97	4	4	cluster_4	0.9999994614185833
A0A9P7BAV5	181	181	cluster_181	0.9999992395760418
A0A9P8Q5T6	181	181	cluster_181	0.9999993628479028
A0A9Q2FEW2	131	131	cluster_131	0.9999784170626705
A0A9Q2KT16	2	2	cluster_2	0.9999896501182644
A0A9Q2NR41	103	103	cluster_103	0.9999949663928693
A0A9Q2QHC5	2	2	cluster_2	0.9999903135957171
A0A9Q6N0R8	2	2	cluster_2	0.9999890393807608
A0A9Q7AGV4	0	0	cluster_0	0.9999991892909355
A0A9Q8Q2J8	2	2	cluster_2	0.9999899976413202
A0A9Q9T0U7	139	139	cluster_139	0.9995825912817188
A0A9R1X2C3	4	4	cluster_4	0.9999978333219914
A0A9W4JUS7	4	4	cluster_4	0.9999991029859134
A0A9W4TJK8	0	0	cluster_0	0.9999991572759451
A0A9W4XU38	6	6	cluster_6	0.9999987614884633
A0A9W5QGR6	8	8	cluster_8	0.9999957320245114
A0A9W5Y414	4	4	cluster_4	0.9999994513355629
A0A9W5YCF0	0	0	cluster_0	0.9999991019119568
A0A9W6B1B5	0	0	cluster_0	0.9999991161932613
A0A9W6F060	5	5	cluster_5	0.9999984272702039
A0A9W7TZH0	4	4	cluster_4	0.9999986156651869
A0A9W8E8W3	5	5	cluster_5	0.9999987420957757
A0A9W9L3U6	181	181	cluster_181	0.9999989360354793
A0A9X0PE56	19	19	cluster_19	0.9992675130845375
A0A9X1PAK8	4	4	cluster_4	0.9999994650019763
A0A9X1SUG2	127	127	cluster_127	0.9999978618658989
A0A9X1ZX14	2	2	cluster_2	0.999990903216625
A0A9X2CP91	181	181	cluster_181	0.9999991709350443
A0A9X2DIS1	0	0	cluster_0	0.9999992454318167
A0A9X2F7E5	0	0	cluster_0	0.9999991218881984
A0A9X2LGB0	5	5	cluster_5	0.9999984886285019
A0A9X2S682	175	175	cluster_175	0.999998539876468
A0A9X2WC44	6	6	cluster_6	0.999999138748476
A0A9X2YE54	0	0	cluster_0	0.999999110300263
A0A9X3CY75	4	4	cluster_4	0.9999994880045521
A0A9X3H9R2	6	6	cluster_6	0.9999988277655997
A0A9X3JNQ1	0	0	cluster_0	0.9999990616010286
A0A9X3LLE8	4	4	cluster_4	0.9999994981433372
A0A9X3XAN5	181	181	cluster_181	0.9999993680212756
A0A9X3XNU6	17	17	cluster_17	0.9999920095768049
A0A9X3XR90	17	17	cluster_17	0.9999939230711389
A0A9X3ZJR1	5	5	cluster_5	0.9999989663343698
A0A9X4HFS8	89	89	cluster_89	0.9999990679657629
A0A9X4MYI9	0	0	cluster_0	0.9999992657261818
A0A9X4N167	4	4	cluster_4	0.9999994866659627
A0A9X5Q090	192	192	cluster_192	0.9999703770532775
A0A9X6QP05	188	188	cluster_188	0.9999693291967058
A0A9X7VZV4	0	0	cluster_0	0.9999991154514744
A0A9X8BYB8	5	5	cluster_5	0.9999987073955535
A0A9X8CIH2	0	0	cluster_0	0.9999991111003047
A0A9X8N7T7	197	197	cluster_197	0.9999982999511723
A0A9X9SQH2	0	0	cluster_0	0.9999989500051865
A0AA35JAL0	181	181	cluster_181	0.9999989461597069
A0AA35KHU1	181	181	cluster_181	0.9999992079809654
A0AA35NFT7	181	181	cluster_181	0.9999989786537384
A0AA36F2M8	5	5	cluster_5	0.9999989740225689
A0AA37FWB1	89	89	cluster_89	0.9999992007932689
A0AA37SBK8	89	89	cluster_89	0.9999992291654431
A0AA37UCZ3	4	4	cluster_4	0.9999994407474152
A0AA37W6K4	208	208	cluster_208	0.9999018639712224
A0AA38KRY4	4	4	cluster_4	0.9999994349003665
A0AA38YVA9	0	0	cluster_0	0.99999876632548
A0AA39HYI2	5	5	cluster_5	0.999998899670154
A0AA40IUT4	17	17	cluster_17	0.9999917347859125
A0AA41UFG8	74	74	cluster_74	0.999998090216047
A0AA42DQI2	0	0	cluster_0	0.9999983607570492
A0AA42QD31	72	72	cluster_72	0.9999303033374882
A0AA42QEL6	6	6	cluster_6	0.9999989591380471
A0AA42RSP5	0	0	cluster_0	0.9999990932121987
A0AA43C664	0	0	cluster_0	0.9999990416822184
A0AA43LGA6	6	6	cluster_6	0.999999024924032
A0AA43S282	0	0	cluster_0	0.999999246240776
A0AA45G828	197	197	cluster_197	0.9999982126852404
A0AA45HJP7	0	0	cluster_0	0.9999989578608599
A0AA46P342	4	4	cluster_4	0.9999994037948459
A0AA46ST98	5	5	cluster_5	0.9999990397986661
A0AA46TPF8	192	192	cluster_192	0.9999737194217543
A0AA50Q825	5	5	cluster_5	0.9999989050800249
A0AA51R2W0	181	181	cluster_181	0.9999991106425625
A0AA51RTD6	0	0	cluster_0	0.9999988631072296
A0AA51X6P3	4	4	cluster_4	0.999999436322264
A0AA52APH6	181	181	cluster_181	0.9999992346083494
A0AA82WNY5	66	66	cluster_66	0.9997011961067258
A0AA86ME52	17	17	cluster_17	0.9999892156441637
A0AA86YNB2	2	2	cluster_2	0.9999899761470413
A0AA86YPH7	2	2	cluster_2	0.9999893668124643
A0AA87M211	0	0	cluster_0	0.9999989308261079
A0AA90GU72	0	0	cluster_0	0.999999174446483
A0AA91J8A6	7	7	cluster_7	0.99999818010168
A0AA91Z2C9	181	181	cluster_181	0.9999992840584323
A0AA92RCB0	4	4	cluster_4	0.9999994269269361
A0AA92TIH2	0	0	cluster_0	0.9999993016071628
A0AA95EXI9	0	0	cluster_0	0.999999102772308
A0AA95I4D8	4	4	cluster_4	0.9999994683765503
A0AA96ELC3	2	2	cluster_2	0.9999861991023304
A0AA96KWY2	181	181	cluster_181	0.999999234112179
A0AA96PPJ0	5	5	cluster_5	0.9999988503242242
A0AA96URZ5	181	181	cluster_181	0.9999993523964039
A0AA96ZI09	4	4	cluster_4	0.9999994023282072
A0AA97IIQ3	192	192	cluster_192	0.9999774660352819
A0AAC8T7L7	176	176	cluster_176	0.9999742045712485
A0AAC8T7M7	84	84	cluster_84	0.9996767745701312
A0AAC8UDJ9	6	6	cluster_6	0.9999990026154992
A0AAC9GLD3	0	0	cluster_0	0.9999991266462811
A0AAC9LAX5	0	0	cluster_0	0.999999103132336
A0AAC9QML2	0	0	cluster_0	0.9999992901467237
A0AAC9R0Y7	4	4	cluster_4	0.9999994243849433
A0AAC9RPE4	10	10	cluster_10	0.9999323485211707
A0AAC9WII3	0	0	cluster_0	0.9999991146606444
A0AAC9Z126	0	0	cluster_0	0.999999238011118
A0AAD0ADZ1	4	4	cluster_4	0.9999993928647701
A0AAD0EDI1	103	103	cluster_103	0.9999943875895744
A0AAD0J0K4	0	0	cluster_0	0.9999989715000128
A0AAD0SKX9	182	182	cluster_182	0.9999970209660012
A0AAD1A121	74	74	cluster_74	0.9999981790612325
A0AAD1F6X1	6	6	cluster_6	0.9999990328677711
A0AAD1M529	4	4	cluster_4	0.9999994314528842
A0AAD3UTK0	95	95	cluster_95	0.9999558417021407
A0AAD7AE13	4	4	cluster_4	0.9999994712219265
A0AAD7E666	181	181	cluster_181	0.9999992243277097
A0AAD8APD7	2	2	cluster_2	0.9999883683184279
A0AAD8CLL6	181	181	cluster_181	0.9999990392092185
A0AAD8F5S2	5	5	cluster_5	0.9999990394303088
A0AAD8MYX3	4	4	cluster_4	0.9999984410514542
A0AAD9HE78	4	4	cluster_4	0.9999994468285218
A0AAE0RPC3	4	4	cluster_4	0.9999994166394265
A0AAE3DXZ0	6	6	cluster_6	0.9999992326550216
A0AAE3HAE2	0	0	cluster_0	0.9999992790938869
A0AAE3NZ31	0	0	cluster_0	0.9999987213050728
A0AAE3QNU5	181	181	cluster_181	0.9999993573315573
A0AAE4BTH1	5	5	cluster_5	0.9999989730496975
A0AAE4LDF5	0	0	cluster_0	0.9999993256048983
A0AAE4UAN4	197	197	cluster_197	0.9999987172242496
A0AAE5WHH6	6	6	cluster_6	0.9999990320194638
A0AAE6JCZ0	5	5	cluster_5	0.9999988482826854
A0AAE6W2C2	6	6	cluster_6	0.9999988578432248
A0AAE6YI19	127	127	cluster_127	0.9999980465534924
A0AAE6YJ16	7	7	cluster_7	0.9999978823615543
A0AAE7C2C3	6	6	cluster_6	0.9999989897944119
A0AAE7ELK7	2	2	cluster_2	0.9999908000153861
A0AAE7LII8	2	2	cluster_2	0.9999916883351854
A0AAE8IF68	103	103	cluster_103	0.9999956009352269
A0AAE8IQS6	4	4	cluster_4	0.9999987805874114
A0AAE8QU29	0	0	cluster_0	0.9999992203479288
A0AAE9RTE1	74	74	cluster_74	0.9999979590778223
A0AAF0CW20	187	187	cluster_187	0.9999880702730674
A0AAF0FTA7	183	183	cluster_183	0.9999972752081416
A0AAF0FUT9	183	183	cluster_183	0.9999987035280078
A0AAF0ICY5	4	4	cluster_4	0.9999989743383283
A0AAI8D2Z4	0	0	cluster_0	0.9999991826676894
A0AAI8ZLI4	101	101	cluster_101	0.9999872214998035
A0AAI9EP75	3	3	cluster_3	0.9999793155649638
A0AAI9HVL9	182	182	cluster_182	0.999995874044543
A0AAI9SC44	101	101	cluster_101	0.9999885570145383
A0AAJ0RLY0	0	0	cluster_0	0.9999990400881174
A0AAJ1AZK1	131	131	cluster_131	0.9999791272501268
A0AAJ1FW79	0	0	cluster_0	0.9999988823647296
A0AAJ1JGI0	101	101	cluster_101	0.9999879062271414
A0AAJ1R1L1	0	0	cluster_0	0.9999991569551101
A0AAJ1RI69	0	0	cluster_0	0.999999304247607
A0AAJ1YBC2	2	2	cluster_2	0.9999909724838261
A0AAJ1YCK3	3	3	cluster_3	0.9999806912155905
A0AAJ2F7M6	8	8	cluster_8	0.9999952128556503
A0AAJ2RZT0	101	101	cluster_101	0.9999882936250564
A0AAJ2THW5	10	10	cluster_10	0.9999412692398574
A0AAJ2WGN8	17	17	cluster_17	0.9999913131785388
A0AAJ2ZB36	0	0	cluster_0	0.9999991089065763
A0AAJ3P1Z1	3	3	cluster_3	0.999986278768414
A0AAJ3TPK4	181	181	cluster_181	0.9999991559590476
A0AAJ4DX36	101	101	cluster_101	0.9999875690973179
A0AAJ4KAJ6	3	3	cluster_3	0.9999818534242064
A0AAJ4X8Q8	0	0	cluster_0	0.999999068219513
A0AAJ6LNT7	159	159	cluster_159	0.9999896870614478
A0AAN0M9X3	0	0	cluster_0	0.9999987143436302
A0AAN1A7M9	5	5	cluster_5	0.9999989304837539
A0AAN1CYE7	181	181	cluster_181	0.9999993073485928
A0AAN1H6A2	95	95	cluster_95	0.9999751529842972
A0AAN1JJ51	0	0	cluster_0	0.9999989713902115
A0AAN1NTG2	2	2	cluster_2	0.99999122080013
A0AAN3C289	181	181	cluster_181	0.9999991949510316
A0AAN5AJ05	0	0	cluster_0	0.9999991246437727
A0AAN5KR66	0	0	cluster_0	0.9999988425039963
A0AAN5NDH5	17	17	cluster_17	0.999992882637599
A0AAN5UK26	126	126	cluster_126	0.9997633017928533
A0AAN5WZK4	36	36	cluster_36	0.9989067086173944
A0AAN6AW52	2	2	cluster_2	0.999991252073788
A0AAN8LZA3	5	5	cluster_5	0.9999989539934039
A0AAP0BT08	0	0	cluster_0	0.9999989071589591
A0AAP2BJY6	77	77	cluster_77	0.9999905748186119
A0AAP2BME2	0	0	cluster_0	0.9999992464837337
A0AAP2RA11	0	0	cluster_0	0.9999992827116058
A0AAP2SH37	6	6	cluster_6	0.9999982369208775
A0AAP4DK51	10	10	cluster_10	0.9999544359171234
A0AAP4EMD2	6	6	cluster_6	0.9999988930736887
A0AAP4JCS4	6	6	cluster_6	0.9999990979546894
A0AAP4RHJ5	7	7	cluster_7	0.9999982352520514
A0AAP6VMR4	6	6	cluster_6	0.9999989004052675
A0AAP9RGG5	131	131	cluster_131	0.9999787362787471
A0AAP9Y5C1	66	66	cluster_66	0.9997130855005021
A0AAQ0KCZ3	6	6	cluster_6	0.9999989508628351
A0AAQ0MGM7	74	74	cluster_74	0.9999976898818028
A0AAQ0Q7W5	6	6	cluster_6	0.9999990184864737
A0AAQ0TJJ4	8	8	cluster_8	0.9999953758281361
A0AAQ1G682	107	107	cluster_107	0.999864174257968
A0AAQ1KFL8	72	72	cluster_72	0.9999047115760997
A0AAQ1KFR0	128	128	cluster_128	0.9995361578067141
A0AAQ3H4E6	3	3	cluster_3	0.9999730323253528
A0AAQ4CWI9	183	183	cluster_183	0.9999986102797298
A0AAQ4PLP4	5	5	cluster_5	0.9999990140580941
A0AAQ6IK80	5	5	cluster_5	0.9999989773072885
A0AAR2IK67	5	5	cluster_5	0.9999990026062864
A0AAT9GPK5	183	183	cluster_183	0.9999985121023306
A0AAT9VZ28	0	0	cluster_0	0.9999993003007699
A0AAT9W775	0	0	cluster_0	0.999999014671824
A0AAU0KVY8	2	2	cluster_2	0.9999907176694911
A0AAU0S806	192	192	cluster_192	0.9999733022764355
A0AAU0WKD6	181	181	cluster_181	0.999999406160125
A0AAU0ZXY7	0	0	cluster_0	0.9999991863372798
A0AAU1GCR9	181	181	cluster_181	0.9999992450217099
A0AAU1GRA8	0	0	cluster_0	0.9999991156887196
A0AAU1KI85	181	181	cluster_181	0.999999398687348
A0AAU1PZX2	0	0	cluster_0	0.9999990277410411
A0AAU2DFK6	127	127	cluster_127	0.9999982524053402
A0AAU2EIM3	181	181	cluster_181	0.9999993532968298
A0AAU2F3F1	0	0	cluster_0	0.9999990125899054
A0AAU2MJ33	181	181	cluster_181	0.9999993757966491
A0AAU2NN72	181	181	cluster_181	0.999999284586695
A0AAU3DKS8	181	181	cluster_181	0.9999993922726035
A0AAU3GLP1	181	181	cluster_181	0.9999993601540764
A0AAU3JUF9	197	197	cluster_197	0.9999981233925332
A0AAU3SVF7	181	181	cluster_181	0.9999993666356187
A0AAU4BLL9	181	181	cluster_181	0.9999993198644269
A0AAU4HII4	181	181	cluster_181	0.9999993693990217
A0AAU4V5C9	0	0	cluster_0	0.9999991286620228
A0AAU4VTU5	181	181	cluster_181	0.9999993683946079
A0AAU4XVA5	181	181	cluster_181	0.9999993798335969
A0AAU5E8T8	181	181	cluster_181	0.9999992594067275
A0AAU5ESA5	0	0	cluster_0	0.9999989732890328
A0AAU5EUW5	181	181	cluster_181	0.9999993054859623
A0AAU5JVS1	5	5	cluster_5	0.9999986103150101
A0AAU5NF82	0	0	cluster_0	0.9999991968259854
A0AAU5WZA2	181	181	cluster_181	0.9999993710027775
A0AAU6D8R2	181	181	cluster_181	0.9999991981495694
A0AAU6EL59	181	181	cluster_181	0.9999993594601595
A0AAU6GF40	181	181	cluster_181	0.9999993687514447
A0AAU6GU29	0	0	cluster_0	0.9999991683899988
A0AAU6HEX1	181	181	cluster_181	0.9999993117210139
A0AAU6L8K7	181	181	cluster_181	0.9999993782361325
A0AAU6TXZ6	2	2	cluster_2	0.9999911241057521
A0AAU6VQP3	6	6	cluster_6	0.9999990985483186
A0AAU7GGF6	0	0	cluster_0	0.9999988622966546
A0AAU7I4J3	181	181	cluster_181	0.9999992722849946
A0AAU7LAZ3	5	5	cluster_5	0.9999978084188637
A0AAU7R1B2	0	0	cluster_0	0.9999990920093844
A0AAU7R223	0	0	cluster_0	0.9999991308576954
A0AAU7RVU0	0	0	cluster_0	0.9999992093507163
A0AAU7SS95	14	14	cluster_14	0.9999984132617101
A0AAU7VJ15	10	10	cluster_10	0.9999614462959086
A0AAU7Y0U7	0	0	cluster_0	0.9999989609028072
A0AAU8HVN3	10	10	cluster_10	0.999946332311075
A0AAU8I4K7	0	0	cluster_0	0.9999990429563539
A0AAU9DT09	0	0	cluster_0	0.9999990873252494
A0AAU9SVT8	5	5	cluster_5	0.9999986353722977
A0AAV0VWX5	4	4	cluster_4	0.9999986485871799
A0AAV1KF31	4	4	cluster_4	0.9999994712752258
A0AAV2G6N6	0	0	cluster_0	0.9999986212697125
A0AAV2VPU0	101	101	cluster_101	0.9999865204621461
A0AAV3BIV9	0	0	cluster_0	0.9999992397844089
A0AAV3IX18	0	0	cluster_0	0.9999990888963844
A0AAV4ZPE9	0	0	cluster_0	0.9999991005260983
A0AAV5AV60	0	0	cluster_0	0.9999990241905085
A0AAV5QW17	181	181	cluster_181	0.9999983519615496
A0AAV5S0J7	181	181	cluster_181	0.9999992408710946
A0AAV6BRQ8	0	0	cluster_0	0.999999013301304
A0AAV8QS49	0	0	cluster_0	0.9999989167564741
A0AAV8UTI3	5	5	cluster_5	0.9999989321176002
A0AAV8UZW7	0	0	cluster_0	0.9999989272948938
A0AAV9C0R1	0	0	cluster_0	0.9999991279465055
A0AAV9C3B1	0	0	cluster_0	0.9999991229889407
A0AAV9FUN0	0	0	cluster_0	0.9999991168796266
A0AAW0SMP3	5	5	cluster_5	0.9999990269530767
A0AAW0U871	4	4	cluster_4	0.9999989829255643
A0AAW0ZSN8	4	4	cluster_4	0.9999985063767285
A0AAW1Q554	5	5	cluster_5	0.9999988383452972
A0AAW1T4M6	5	5	cluster_5	0.9999986832207304
A0AAW2JBX4	0	0	cluster_0	0.9999987317864613
A0AAW3D7I5	7	7	cluster_7	0.9999979006611178
A0AAW3FA32	134	134	cluster_134	0.9985811814723736
A0AAW3FCK0	2	2	cluster_2	0.9999888516435127
A0AAW3RFC8	131	131	cluster_131	0.9999737975372471
A0AAW3WV32	3	3	cluster_3	0.9999660451045852
A0AAW3WWI7	95	95	cluster_95	0.9999756988354087
A0AAW3YW73	6	6	cluster_6	0.9999991251514309
A0AAW3YZY1	8	8	cluster_8	0.9999950412121015
A0AAW4IXP6	17	17	cluster_17	0.9999913693155933
A0AAW4N6A3	6	6	cluster_6	0.9999992970399206
A0AAW4QLL1	187	187	cluster_187	0.9999869536813631
A0AAW4XUU5	74	74	cluster_74	0.9999978753937939
A0AAW5BCY9	4	4	cluster_4	0.999999408386483
A0AAW5LGI2	182	182	cluster_182	0.9999972091053855
A0AAW5QZC8	17	17	cluster_17	0.9999933537382106
A0AAW6AUT2	181	181	cluster_181	0.999999210089666
A0AAW6DDJ2	32	32	cluster_32	0.999970227818451
A0AAW6K7M5	10	10	cluster_10	0.9999384220324271
A0AAW6U388	69	69	cluster_69	0.9999882175857369
A0AAW7EE87	3	3	cluster_3	0.9999835673637678
A0AAW7G2M8	101	101	cluster_101	0.999987987050137
A0AAW7GDT7	165	165	cluster_165	0.9996434676219312
A0AAW7GY26	6	6	cluster_6	0.9999990912305535
A0AAW7PEM4	32	32	cluster_32	0.9999651796161165
A0AAW7PIH1	0	0	cluster_0	0.9999991525819434
A0AAW7SVR4	181	181	cluster_181	0.9999992267553138
A0AAW7T884	2	2	cluster_2	0.9999831200967823
A0AAW7WLA5	6	6	cluster_6	0.9999990119644101
A0AAW7ZZ92	6	6	cluster_6	0.9999992140205749
A0AAW8BSH2	0	0	cluster_0	0.9999991576254076
A0AAW8CT84	6	6	cluster_6	0.9999989979077683
A0AAW8HHJ2	2	2	cluster_2	0.9999889843105447
A0AAW8L198	4	4	cluster_4	0.9999983673886552
A0AAW8Q8K6	182	182	cluster_182	0.9999972526981145
A0AAW8UA00	187	187	cluster_187	0.9999886472825222
A0AAW8WK21	6	6	cluster_6	0.9999990872542526
A0AAW9CC03	123	123	cluster_123	0.9999936282444299
A0AAW9CW87	4	4	cluster_4	0.9999992830221738
A0AAW9JX06	88	88	cluster_88	0.9999707712595741
A0AAW9KIZ7	0	0	cluster_0	0.9999989237437051
A0AAW9QVN3	6	6	cluster_6	0.999999258668836
A0AAW9XE34	4	4	cluster_4	0.9999993667613789
A0AAX0IT48	187	187	cluster_187	0.999987605749062
A0AAX1EJ01	0	0	cluster_0	0.9999987738270151
A0AAX1RUA1	0	0	cluster_0	0.9999991251703441
A0AAX2A2C4	0	0	cluster_0	0.9999990948347355
A0AAX2MEA1	5	5	cluster_5	0.9999980379653559
A0AAX2UHS8	6	6	cluster_6	0.9999992301957514
A0AAX2UPX7	101	101	cluster_101	0.9999871059642553
A0AAX3A9Z5	0	0	cluster_0	0.999999270769184
A0AAX3EWU0	6	6	cluster_6	0.9999989937258283
A0AAX3S1R7	2	2	cluster_2	0.9999902079466689
A0AAX3ZRQ2	181	181	cluster_181	0.9999993472797563
A0AAX4L0P2	183	183	cluster_183	0.9999987223882121
A0AAX7FLQ9	19	19	cluster_19	0.9993335776171369
A0AAX7TBR6	5	5	cluster_5	0.9999990066184488
A0AB33EL63	181	181	cluster_181	0.9999993623255398
A0AB33FSD9	0	0	cluster_0	0.9999991442685361
A0AB33TXF7	96	96	cluster_96	0.9991813623364848
A0AB33XGU2	4	4	cluster_4	0.9999994252468108
A0AB34QHF7	2	2	cluster_2	0.9999167946162505
A0AB35FT36	187	187	cluster_187	0.9999728831068719
A0AB35LCZ0	2	2	cluster_2	0.9999908998582101
A0AB35MH84	0	0	cluster_0	0.9999990284125556
A0AB35RR47	0	0	cluster_0	0.9999986864290129
A0AB35S8C6	4	4	cluster_4	0.999999384358552
A0AB35X8L5	0	0	cluster_0	0.9999992539574308
A0AB36CHX3	6	6	cluster_6	0.9999988695961153
A0AB36S883	131	131	cluster_131	0.9999761357858904
A0AB37KGQ3	96	96	cluster_96	0.9995089612960814
A0AB37RLG3	6	6	cluster_6	0.9999992176265514
A0AB37VBV7	2	2	cluster_2	0.9999622047028333
A0AB37ZXC5	8	8	cluster_8	0.9999956191738637
A0AB38BII6	131	131	cluster_131	0.9999769277104156
A0AB38CW28	127	127	cluster_127	0.9999980611480209
A0AB38GFJ6	6	6	cluster_6	0.9999991489824595
A0AB38PYG6	4	4	cluster_4	0.9999994386895981
A0AB39HQ22	181	181	cluster_181	0.9999992257636926
A0AB39J4E2	181	181	cluster_181	0.9999992968550891
A0AB39MJB8	181	181	cluster_181	0.9999993440178443
A0AB39N0P7	197	197	cluster_197	0.9999981390189192
A0AB39TLY6	181	181	cluster_181	0.9999993128357593
A0AB39U8F9	6	6	cluster_6	0.9999989017738331
A0AB39V1A3	131	131	cluster_131	0.9999734314031075
A0AB40CRG4	0	0	cluster_0	0.9999984543901191
A0AB73HCR9	177	177	cluster_177	0.9994233466222364
A0AB73Q1C3	2	2	cluster_2	0.9999895712757825
A0AB74CUX7	131	131	cluster_131	0.9999764940933389
A0AB74D048	182	182	cluster_182	0.9999972097407124
A0AB74F4C6	74	74	cluster_74	0.9999952340652567
A0AB74TTH0	131	131	cluster_131	0.999978802060251
A0AB74VBP9	0	0	cluster_0	0.9999986883415057
A0ABC9NLY1	3	3	cluster_3	0.9999764347697011
A0ABD1PN27	0	0	cluster_0	0.9999986155826833
A0ABD2WQG3	4	4	cluster_4	0.9999991483847621
A0ABD3ZUX1	162	162	cluster_162	0.9998662664698474
A0ABD4A1F3	0	0	cluster_0	0.9999991179224177
A0ABD4X3C9	74	74	cluster_74	0.9999961658050265
A0ABD4XGJ8	4	4	cluster_4	0.9999994160731301
A0ABD4ZAH6	183	183	cluster_183	0.9999986256001094
A0ABD4ZAK2	5	5	cluster_5	0.9999986850167689
A0ABD5AYZ6	0	0	cluster_0	0.9999990872399347
A0ABD5DAA6	22	22	cluster_22	0.9999959272980681
A0ABD5H2E0	5	5	cluster_5	0.9999989179140213
A0ABD6CM88	0	0	cluster_0	0.9999989443710305
A0ABD6NY22	181	181	cluster_181	0.9999989793015691
A0ABD6P8D8	74	74	cluster_74	0.9999977463168226
A0ABD6PEK0	6	6	cluster_6	0.9999990692761558
A0ABD6PRD5	2	2	cluster_2	0.9999032035311254
A0ABD6TBS2	88	88	cluster_88	0.9999547663109136
A0ABD6U7G5	0	0	cluster_0	0.999999256926099
A0ABD6WX73	6	6	cluster_6	0.9999990181494994
A0ABD7CFK7	17	17	cluster_17	0.999992640703307
A0ABD7KZQ6	6	6	cluster_6	0.9999991195826106
A0ABD7QR99	181	181	cluster_181	0.9999992878771329
A0ABD7X8Y4	130	130	cluster_130	0.9981492091201039
A0ABD7YG56	2	2	cluster_2	0.9999903102888098
A0ABD7Z3I7	0	0	cluster_0	0.9999990712991037
A0ABD7Z9Q0	5	5	cluster_5	0.9999988602418904
A0ABD7ZVR0	131	131	cluster_131	0.9999771118710005
A0ABF7PGA8	55	55	cluster_55	0.999637547849971
A0ABF7PHK4	55	55	cluster_55	0.9997082847243515
A0ABF7PQ39	8	8	cluster_8	0.9999953822992899
A0ABF7SXL1	150	150	cluster_150	0.9997833954247876
A0AL41	181	181	cluster_181	0.9999993602110379
A0B5L4	0	0	cluster_0	0.9999992650620596
A0KJW4	182	182	cluster_182	0.9999970081833806
A0L3E1	208	208	cluster_208	0.9999072165937675
A0LWA8	4	4	cluster_4	0.9999994287043736
A1S0L7	183	183	cluster_183	0.9999983043322522
A1VNQ8	74	74	cluster_74	0.999998085151605
A1WLS5	192	192	cluster_192	0.9999743439167093
A1ZG40	181	181	cluster_181	0.999999321886323
A2HEL1	6	6	cluster_6	0.9999985550767277
A3DNT0	183	183	cluster_183	0.9999988113520479
A3IPE4	6	6	cluster_6	0.9999991212014652
A4FZ92	4	4	cluster_4	0.9999989239033991
A4J5B2	0	0	cluster_0	0.9999991653382397
A4P1F7	8	8	cluster_8	0.9999956659038226
A4X3X4	0	0	cluster_0	0.9999991702673302
A4XTR1	0	0	cluster_0	0.9999989924509103
A5FZ84	74	74	cluster_74	0.9999975395938643
A6EDU1	0	0	cluster_0	0.9999991039550638
A6G607	5	5	cluster_5	0.9999982412777513
A6N5D8	18	18	cluster_18	0.9992303546052247
A6N5E2	134	134	cluster_134	0.9994620973736341
A6Q943	4	4	cluster_4	0.9999994504513476
A6TNV4	10	10	cluster_10	0.999949945877462
A6WGD1	181	181	cluster_181	0.99999932028699
A7GFU9	17	17	cluster_17	0.9999930148222328
A7HLG2	0	0	cluster_0	0.9999989178836642
A7KZW8	103	103	cluster_103	0.999995092180075
A7MSY0	6	6	cluster_6	0.9999991202705075
A7TJY9	181	181	cluster_181	0.9999987889640571
A7TS61	4	4	cluster_4	0.9999994716271162
A8A9L9	181	181	cluster_181	0.9999984840627213
A8GCN7	2	2	cluster_2	0.9999904656796652
A8S0Y3	6	6	cluster_6	0.9999989673489861
A8SMF0	4	4	cluster_4	0.9999994408952639
A8U507	187	187	cluster_187	0.9999875341425056
A9IES9	2	2	cluster_2	0.9999894904584807
A9M4P6	2	2	cluster_2	0.9998845076062842
A9M4V5	101	101	cluster_101	0.9999858152665817
A9QPC2	0	0	cluster_0	0.9999993134479503
AFV3_109	10	10	cluster_10	0.9999405651385852
AbiEi	192	192	cluster_192	0.999976525729718
Acb4	188	188	cluster_188	0.9999427021606185
AcrF3	18	18	cluster_18	0.9993738211367462
AcrIA	151	151	cluster_151	0.9996078965855802
AcrIA1	183	183	cluster_183	0.9999906988483166
AcrIA3	23	23	cluster_23	0.9998445027972228
AcrIB1	131	131	cluster_131	0.9999769480465436
AcrIB2	102	102	cluster_102	0.9993202003456069
AcrIB3	175	175	cluster_175	0.9999987681042325
AcrIB4	27	27	cluster_27	0.9997668705393538
AcrIB5	30	30	cluster_30	0.9996449874419071
AcrIB6	114	114	cluster_114	0.9986266756242871
AcrIB7	79	79	cluster_79	0.9997283310266692
AcrIB8	88	88	cluster_88	0.999972962921238
AcrIB9	59	59	cluster_59	0.9997207593599629
AcrIC1	52	52	cluster_52	0.9996229090576286
AcrIC10	90	90	cluster_90	0.9994478999721611
AcrIC11	2	2	cluster_2	0.9999732488871346
AcrIC3	82	82	cluster_82	0.9996535757992147
AcrIC4	169	169	cluster_169	0.9994622311230079
AcrIC5	68	68	cluster_68	0.9988267552806027
AcrIC6	72	72	cluster_72	0.9999253737939824
AcrIC7	128	128	cluster_128	0.9995544330768479
AcrIC8	174	174	cluster_174	0.9996947163227367
AcrIC9	45	45	cluster_45	0.9996961162666852
AcrID1	9	9	cluster_9	0.9992555091468709
AcrIE1	172	172	cluster_172	0.9994080320548215
AcrIE10	208	208	cluster_208	0.9999126377170342
AcrIE2	205	205	cluster_205	0.9993549656902763
AcrIE3	147	147	cluster_147	0.9995692833085323
AcrIE4	42	42	cluster_42	0.9992137534533624
AcrIE4-IF7	104	104	cluster_104	0.9975685938992418
AcrIE5	70	70	cluster_70	0.9997853049129077
AcrIE6	179	179	cluster_179	0.9992980427398058
AcrIE7	113	113	cluster_113	0.9995090546969417
AcrIE8	36	36	cluster_36	0.9990188047446058
AcrIE9	140	140	cluster_140	0.9995597995889517
AcrIF1	53	53	cluster_53	0.9994092863185489
AcrIF10	122	122	cluster_122	0.999668283194077
AcrIF11	107	107	cluster_107	0.999917021393408
AcrIF12	134	134	cluster_134	0.9994620971473851
AcrIF13	160	160	cluster_160	0.9988950286576754
AcrIF14	124	124	cluster_124	0.9999332550863147
AcrIF15	95	95	cluster_95	0.9999769962545657
AcrIF16	63	63	cluster_63	0.999834760828343
AcrIF17	38	38	cluster_38	0.9998172907045135
AcrIF18	136	136	cluster_136	0.9995897657421935
AcrIF19	111	111	cluster_111	0.9995369263165436
AcrIF2	206	206	cluster_206	0.9995661163267613
AcrIF20	92	92	cluster_92	0.9995055680063301
AcrIF21	56	56	cluster_56	0.9994089989294148
AcrIF22	155	155	cluster_155	0.9995759779307515
AcrIF23	109	109	cluster_109	0.9997001334561003
AcrIF24	66	66	cluster_66	0.9997122210001593
AcrIF25	120	120	cluster_120	0.99992916139892
AcrIF2_IC2	206	206	cluster_206	0.9995649347029995
AcrIF3	18	18	cluster_18	0.9994265062235413
AcrIF4	48	48	cluster_48	0.9996801313663254
AcrIF5	150	150	cluster_150	0.9997833954247876
AcrIF6	106	106	cluster_106	0.9996568109531955
AcrIF7	129	129	cluster_129	0.9978773000615959
AcrIF8	67	67	cluster_67	0.9998020103043933
AcrIF9	55	55	cluster_55	0.9996744202726718
AcrIIA1	177	177	cluster_177	0.999574593788003
AcrIIA10	171	171	cluster_171	0.9999130845319547
AcrIIA11	69	69	cluster_69	0.9999881753431712
AcrIIA12	125	125	cluster_125	0.9995003349625495
AcrIIA13	19	19	cluster_19	0.9993481755946397
AcrIIA13b	19	19	cluster_19	0.9993335776171369
AcrIIA14	161	161	cluster_161	0.9998930209810407
AcrIIA15	47	47	cluster_47	0.9998963470871934
AcrIIA16	207	207	cluster_207	0.9995198387182112
AcrIIA17	130	130	cluster_130	0.9981394488832649
AcrIIA18	91	91	cluster_91	0.9994863704197319
AcrIIA19	49	49	cluster_49	0.9998166729458521
AcrIIA2	15	15	cluster_15	0.9994810144557137
AcrIIA20	180	180	cluster_180	0.9995199600164859
AcrIIA21	145	145	cluster_145	0.9999947888484928
AcrIIA22	33	33	cluster_33	0.9998874464381694
AcrIIA23	168	168	cluster_168	0.9996807149899504
AcrIIA24	119	119	cluster_119	0.9992446994086702
AcrIIA25	185	185	cluster_185	0.9991813354363845
AcrIIA25_2	185	185	cluster_185	0.9994499620913696
AcrIIA26	58	58	cluster_58	0.9985741362438912
AcrIIA27	41	41	cluster_41	0.9998941266603592
AcrIIA28	34	34	cluster_34	0.9993842006319115
AcrIIA29	173	173	cluster_173	0.9995825948288228
AcrIIA2_2	15	15	cluster_15	0.9994671168043476
AcrIIA3	60	60	cluster_60	0.9993892481010194
AcrIIA30	135	135	cluster_135	0.9996092519067917
AcrIIA31	116	116	cluster_116	0.9995752329119413
AcrIIA32	137	137	cluster_137	0.9999497359570536
AcrIIA33	164	164	cluster_164	0.9997677411869331
AcrIIA33_Seq	149	149	cluster_149	0.9994639567179976
AcrIIA34	105	105	cluster_105	0.9993773603122867
AcrIIA4	97	97	cluster_97	0.9999091625531389
AcrIIA5	153	153	cluster_153	0.9995571366578822
AcrIIA6	187	187	cluster_187	0.9999803210918065
AcrIIA7	8	8	cluster_8	0.9999955314007112
AcrIIA8	21	21	cluster_21	0.9999552617206738
AcrIIA9	157	157	cluster_157	0.9999605869394664
AcrIIC1	143	143	cluster_143	0.9969579914773475
AcrIIC2	11	11	cluster_11	0.9991591008326757
AcrIIC3	96	96	cluster_96	0.9995089612960814
AcrIIC4	75	75	cluster_75	0.993342388387387
AcrIIC4_2	200	200	cluster_200	0.9927770902260177
AcrIIC5	166	166	cluster_166	0.9990177298400686
AcrIIC6	51	51	cluster_51	0.999745902145792
AcrIIC7	99	99	cluster_99	0.9999676411623316
AcrIIC8	167	167	cluster_167	0.9999197374777591
AcrIIC9	187	187	cluster_187	0.9999850853272978
AcrIIIB1	50	50	cluster_50	0.9994906655043467
AcrIIIB2	85	85	cluster_85	0.9997329335637364
AcrIIIB2_2	195	195	cluster_195	0.9998341577144252
AcrIII_1	10	10	cluster_10	0.9999206797528515
AcrVA1	132	132	cluster_132	0.9995713216713069
AcrVA2	84	84	cluster_84	0.9996706854127889
AcrVA3	117	117	cluster_117	0.9995295673125904
AcrVA3_2	204	204	cluster_204	0.9993027529808912
AcrVA4	186	186	cluster_186	0.999590022367223
AcrVA5	176	176	cluster_176	0.9999742045712485
AcrVIA1_Lse	76	76	cluster_76	0.9974555889286035
AcrVIA1_Lwa	154	154	cluster_154	0.9992668239028525
AcrVIA2	76	76	cluster_76	0.9992807925414208
AcrVIA2_new	148	148	cluster_148	0.9999213020832164
AcrVIA3	20	20	cluster_20	0.9997491197493669
AcrVIA4	80	80	cluster_80	0.9995415635621018
AcrVIA5	158	158	cluster_158	0.9997803011676846
AcrVIA6	62	62	cluster_62	0.9996944716891449
AcrVIA7	44	44	cluster_44	0.9998751104714044
AcrVIB1	65	65	cluster_65	0.9994155835620532
Adfb	190	190	cluster_190	0.9993447813002369
Adfm_1	181	181	cluster_181	0.999999108363348
Adfm_2	181	181	cluster_181	0.9999991419362697
Adfm_3	181	181	cluster_181	0.999997359479232
Adfm_4	181	181	cluster_181	0.9999991498526413
Adfn_t4	196	196	cluster_196	0.9999972385363403
Apyc1_J14	0	0	cluster_0	0.9999988490549157
Apyc1_apo2	0	0	cluster_0	0.9999986820477282
ArdB_2	2	2	cluster_2	0.9999874764383917
B0K3Z4	0	0	cluster_0	0.999999152842256
B116	10	10	cluster_10	0.9999424507793074
B1BPP5	17	17	cluster_17	0.9999925801147942
B1BRH0	5	5	cluster_5	0.9999989655068376
B1TGJ5	0	0	cluster_0	0.9999990189904815
B1YAT2	181	181	cluster_181	0.9999988912227972
B3PH38	192	192	cluster_192	0.9999771149278681
B6BPJ7	0	0	cluster_0	0.9999992379664207
B6H2T3	181	181	cluster_181	0.9999988572301101
B6SED9	6	6	cluster_6	0.9999991086409024
B7IDU8	0	0	cluster_0	0.9999989524664701
B7LT90	181	181	cluster_181	0.9999992600609529
B7MXV1	0	0	cluster_0	0.9999991217699192
B8GSH5	10	10	cluster_10	0.9999329137884816
B8HVE5	5	5	cluster_5	0.999998439917618
B9E5Y5	17	17	cluster_17	0.999992203411152
B9MKS6	0	0	cluster_0	0.9999977411139378
BAB1_1016	0	0	cluster_0	0.9999992355479492
BxaP	202	202	cluster_202	0.999989911710025
C0EPR3	6	6	cluster_6	0.9999991527495309
C0XQ07	4	4	cluster_4	0.9999994723617982
C2BHM6	74	74	cluster_74	0.999995530026092
C2JYC7	5	5	cluster_5	0.9999989580645838
C3J8H4	6	6	cluster_6	0.9999991416516185
C3MLM8	181	181	cluster_181	0.9999987895822476
C3MRG2	183	183	cluster_183	0.9999985855488398
C3NMS3	0	0	cluster_0	0.9999990435570791
C4GDV7	5	5	cluster_5	0.9999987344213054
C4GE54	12	12	cluster_12	0.9999946152804614
C4IFE1	17	17	cluster_17	0.9999916551767926
C4XY30	181	181	cluster_181	0.9999991567692401
C5BV22	4	4	cluster_4	0.9999994241109805
C5CBX3	181	181	cluster_181	0.9999992967385355
C5CD92	0	0	cluster_0	0.9999988227975432
C5DBE3	181	181	cluster_181	0.9999989400520457
C5DPK4	181	181	cluster_181	0.9999989632301753
C6BS54	0	0	cluster_0	0.9999990387228052
C6E1F8	196	196	cluster_196	0.9999972963561465
C6I012	10	10	cluster_10	0.9999633224513547
C6REY4	4	4	cluster_4	0.9999994543082114
C6orf130	181	181	cluster_181	0.9999991493928956
C7DIF0	5	5	cluster_5	0.9999989601941052
C7MWC2	0	0	cluster_0	0.999999133318173
C7N974	175	175	cluster_175	0.9999983925562579
C8P4G5	4	4	cluster_4	0.9999993724762141
C8P9V9	5	5	cluster_5	0.9999989498314785
C8S330	4	4	cluster_4	0.9999993771016519
C8XGA4	127	127	cluster_127	0.9999980003172705
CbTad1	17	17	cluster_17	0.9999854636461599
CbbQO	74	74	cluster_74	0.9999906587982901
D0GLT2	0	0	cluster_0	0.999998520284306
D0I8M6	0	0	cluster_0	0.9999987072070275
D0L9N6	0	0	cluster_0	0.9999990734387499
D0R4I9	0	0	cluster_0	0.9999991153113328
D1PZV3	6	6	cluster_6	0.9999990949640079
D1QM66	0	0	cluster_0	0.9999992993351674
D2PT81	0	0	cluster_0	0.9999990705535816
D2RED5	183	183	cluster_183	0.9999987397079784
D2U875	134	134	cluster_134	0.9993713446692389
D2ZT08	2	2	cluster_2	0.9999886579235515
D3CS69	197	197	cluster_197	0.9999978840412631
D3DJN7	181	181	cluster_181	0.9999988795338908
D3HPQ1	0	0	cluster_0	0.9999988955160437
D3I9X6	6	6	cluster_6	0.9999990467788062
D3PZI6	4	4	cluster_4	0.9999995002815011
D4CXS6	181	181	cluster_181	0.9999992327601268
D4GEB4	0	0	cluster_0	0.999998733808482
D5Q8H4	175	175	cluster_175	0.9999984272974558
D5TZT1	183	183	cluster_183	0.9999987986502272
D6AD11	181	181	cluster_181	0.9999992719924646
D6CK63	2	2	cluster_2	0.9999877160753974
D6CK84	2	2	cluster_2	0.9999732488871346
D7BEY3	0	0	cluster_0	0.9999991214419868
D7CIS2	0	0	cluster_0	0.9999991755403467
D7V0Q4	131	131	cluster_131	0.9999754518298891
D8IFH6	4	4	cluster_4	0.999999447024517
D9SMC3	0	0	cluster_0	0.9999985609157405
D9Z5R4	2	2	cluster_2	0.9999850359192328
Dap1	163	163	cluster_163	0.9997413299625197
Dap2	81	81	cluster_81	0.9996355298511362
DarG	181	181	cluster_181	0.9999992116144516
E0M497	101	101	cluster_101	0.9999878283503421
E0N6C4	11	11	cluster_11	0.9992223252871392
E0PAY1	4	4	cluster_4	0.9999994443642518
E0SP98	183	183	cluster_183	0.9999986473221733
E1GVJ3	4	4	cluster_4	0.999999449121369
E1IEG3	0	0	cluster_0	0.999999030859426
E1QRA6	181	181	cluster_181	0.9999989247013955
E1RBN7	0	0	cluster_0	0.9999985701072729
E1THR5	4	4	cluster_4	0.9999993894668836
E3BPY5	182	182	cluster_182	0.9999973194535283
E3EDP1	0	0	cluster_0	0.9999992646594917
E3GB47	0	0	cluster_0	0.9999991217592389
E3ZMW7	15	15	cluster_15	0.9995348188400105
E4L131	6	6	cluster_6	0.9999988668872436
E4NR84	0	0	cluster_0	0.9999989392618808
E4Q3Q1	0	0	cluster_0	0.999998519706217
E4Q4D3	4	4	cluster_4	0.9999994186591301
E4T0C7	0	0	cluster_0	0.9999992981893226
E4T2V2	4	4	cluster_4	0.9999994777974075
E4TDT4	6	6	cluster_6	0.9999991791936826
E5XRX0	197	197	cluster_197	0.9999986715410705
E5YBU0	2	2	cluster_2	0.9999902373977638
E6K2E4	6	6	cluster_6	0.9999992457865132
E6KJ32	187	187	cluster_187	0.9999889702612597
E6LZ20	6	6	cluster_6	0.9999990239260846
E6VU55	0	0	cluster_0	0.9999990496214507
E6WMN4	192	192	cluster_192	0.9999749449481046
E6YNK2	74	74	cluster_74	0.9999978159336835
E7C7Q5	74	74	cluster_74	0.9999976383428536
E8KCP5	6	6	cluster_6	0.9999987164584824
E8LS42	4	4	cluster_4	0.999999434093069
E8U8K7	0	0	cluster_0	0.9999992414964765
E8V5K6	0	0	cluster_0	0.9999992148367117
E9DMF0	6	6	cluster_6	0.9999988061133848
EF2626	5	5	cluster_5	0.9999988034336813
ELAC_like	0	0	cluster_0	0.9999988227390572
F0GY62	5	5	cluster_5	0.999998968257072
F0NBZ6	183	183	cluster_183	0.9999986186827177
F0NF32	183	183	cluster_183	0.9999982139037564
F0NQC7	0	0	cluster_0	0.9999989406802614
F0SZ01	0	0	cluster_0	0.9999991495295212
F1A0J3	4	4	cluster_4	0.999999435553105
F1W253	0	0	cluster_0	0.9999989909026117
F2F8W9	0	0	cluster_0	0.999999123822971
F2J1A1	2	2	cluster_2	0.9999889570944356
F2JJV9	10	10	cluster_10	0.9999211714096106
F2JNY8	131	131	cluster_131	0.999978185812141
F2JQW1	21	21	cluster_21	0.9999640504577018
F2LW61	0	0	cluster_0	0.9999991740258857
F4GVJ5	196	196	cluster_196	0.9999976038749123
F4HA28	6	6	cluster_6	0.9999989142044076
F4PDI7	5	5	cluster_5	0.9999987734209873
F4QG12	2	2	cluster_2	0.999988933973335
F5L3W1	175	175	cluster_175	0.9999987418100299
F5LCS0	162	162	cluster_162	0.9998007968051004
F7XRG4	0	0	cluster_0	0.9999991113491215
F8CHX3	0	0	cluster_0	0.9999988081518977
F8L508	6	6	cluster_6	0.9999987949741597
F8WVN9	0	0	cluster_0	0.999999065014745
G0V7Y2	181	181	cluster_181	0.9999992091585167
G0W4Z1	181	181	cluster_181	0.9999991868954609
G0XAE9	74	74	cluster_74	0.9999981907813146
G1VB32	0	0	cluster_0	0.9999991002380881
G2EBB7	6	6	cluster_6	0.999999047942036
G2FGJ4	0	0	cluster_0	0.9999990570037522
G2IQJ8	4	4	cluster_4	0.9999994093709959
G2PZ64	0	0	cluster_0	0.9999985619335204
G2SRV6	4	4	cluster_4	0.999999444974155
G2Z1W1	5	5	cluster_5	0.9999989603057995
G3A9J7	7	7	cluster_7	0.9999983072665638
G3WZY9	181	181	cluster_181	0.9999991211118942
G4H7Q6	0	0	cluster_0	0.9999992366506857
G4R899	0	0	cluster_0	0.9999988160905239
G4THL9	181	181	cluster_181	0.9999992393723632
G7LKY7	155	155	cluster_155	0.9995519309978862
G7Z5F2	0	0	cluster_0	0.9999992945884548
G8BNL8	181	181	cluster_181	0.999998932408235
G8LVT2	0	0	cluster_0	0.9999991875934279
G8SAD7	181	181	cluster_181	0.9999993012487096
G8Y3U7	4	4	cluster_4	0.9999994276384149
G9C944	6	6	cluster_6	0.9999989524193654
G9ERV3	2	2	cluster_2	0.9999888123921069
G9ESX7	0	0	cluster_0	0.9999988776118204
G9QHB6	175	175	cluster_175	0.9999988223129576
G9ZKW1	4	4	cluster_4	0.9999994149717842
GDAP2	181	181	cluster_181	0.9999981903785606
Gp48	197	197	cluster_197	0.9999987577686958
H0Q061	4	4	cluster_4	0.9999994216660423
H1PYD6	181	181	cluster_181	0.9999993047480265
H1XY25	0	0	cluster_0	0.9999991439954155
H2AWT7	181	181	cluster_181	0.9999991915200507
H2C1R3	183	183	cluster_183	0.99999861860176
H2D731	32	32	cluster_32	0.9999706153047494
H2J4U8	0	0	cluster_0	0.9999990407115594
H5SU10	0	0	cluster_0	0.9999988635316798
H5TF96	192	192	cluster_192	0.9999697696452773
H6LJG0	17	17	cluster_17	0.9999899106209622
H6MW96	0	0	cluster_0	0.9999990588312547
H6QBF5	181	181	cluster_181	0.999998821800859
H8FX63	4	4	cluster_4	0.9999994326245487
H8H2X4	181	181	cluster_181	0.999999391732142
H8IUK1	4	4	cluster_4	0.9999994302897458
H9F507	181	181	cluster_181	0.9999987555446427
H_NS	209	209	cluster_209	0.9996666855501157
I0A2T8	183	183	cluster_183	0.9999986160376204
I0IDL0	0	0	cluster_0	0.9999992052731338
I0SDX3	145	145	cluster_145	0.9999948689136845
I0WHS3	4	4	cluster_4	0.9999994804695412
I2GJU6	0	0	cluster_0	0.9999993282662452
I2H2G6	4	4	cluster_4	0.9999994651173257
I2H8Y3	181	181	cluster_181	0.9999987952819639
I3DXZ8	17	17	cluster_17	0.9999925074865057
I3II56	4	4	cluster_4	0.9999994632531591
I3R891	0	0	cluster_0	0.9999989780461119
I3TGM9	143	143	cluster_143	0.9979294668793876
I3X734	0	0	cluster_0	0.99999890561314
I3XGC4	2	2	cluster_2	0.9999858089119233
I3XSP7	183	183	cluster_183	0.9999988200725838
I4ECN6	0	0	cluster_0	0.9999991475753601
I5AYN0	4	4	cluster_4	0.9999994476277005
I7LJN0	0	0	cluster_0	0.9999990100680024
I7LKY3	175	175	cluster_175	0.9999980817889034
J2N4L2	182	182	cluster_182	0.9999971159837286
J3MYK5	0	0	cluster_0	0.9999982202731443
J4U4H4	181	181	cluster_181	0.9999989214296179
J7LE71	127	127	cluster_127	0.9999982274688327
J7SA85	181	181	cluster_181	0.9999993264643745
J8DGG5	0	0	cluster_0	0.9999991081183118
J8PR60	181	181	cluster_181	0.9999990360317463
J9R0M4	6	6	cluster_6	0.9999990225184383
J9VXX2	4	4	cluster_4	0.9999994383520184
J9Z1Z2	74	74	cluster_74	0.9999980015859486
J9Z874	2	2	cluster_2	0.9999894966281775
JSS1_004	201	201	cluster_201	0.9999393613489576
K0DZK5	2	2	cluster_2	0.9999899625531085
K0XEV7	6	6	cluster_6	0.9999992062162643
K1ZGX1	74	74	cluster_74	0.9999976947847032
K5CDS7	6	6	cluster_6	0.999999039355197
K5YAM8	6	6	cluster_6	0.9999988632977803
K6CGJ1	0	0	cluster_0	0.9999991003019141
K6U8K7	0	0	cluster_0	0.9999984987266392
K6ZFD8	192	192	cluster_192	0.9999432692854024
K8EET1	187	187	cluster_187	0.9999872197674564
K8P3G1	103	103	cluster_103	0.9999954165037941
K8WXV6	192	192	cluster_192	0.9999758165827931
K9E5N2	192	192	cluster_192	0.9999768771691695
K9T8W9	6	6	cluster_6	0.9999992794044489
K9WVY6	6	6	cluster_6	0.9999988811877681
K9ZME4	6	6	cluster_6	0.9999988916488479
L0DKZ4	0	0	cluster_0	0.9999992872721598
L0MF84	0	0	cluster_0	0.9999990283667352
L2F6P0	6	6	cluster_6	0.9999987017415016
L7WB38	4	4	cluster_4	0.9999994749452777
L9M8I9	4	4	cluster_4	0.9999994060890739
L9WX20	181	181	cluster_181	0.9999988768379303
M0EFF1	0	0	cluster_0	0.9999990563126265
M0J8Y8	0	0	cluster_0	0.9999989582112525
M0PD02	181	181	cluster_181	0.9999990742887664
M1N346	0	0	cluster_0	0.9999984513637761
M1ZUJ6	17	17	cluster_17	0.9999941706971941
M3C3G5	181	181	cluster_181	0.9999993622670628
M3CBW8	181	181	cluster_181	0.9999992096096512
M3ENH3	0	0	cluster_0	0.9999987818184848
M7CY03	72	72	cluster_72	0.999906291422327
M8E239	175	175	cluster_175	0.999998826901625
M9RMS5	181	181	cluster_181	0.9999991836627176
MBLBt2	0	0	cluster_0	0.9999985752171842
MacroD2	181	181	cluster_181	0.9999978931643861
Mcbe1	6	6	cluster_6	0.9999991276281174
N0B3L3	0	0	cluster_0	0.9999991016251888
N4WMM7	131	131	cluster_131	0.9999775500537395
N6UPZ8	4	4	cluster_4	0.9999994416933835
N8XGC5	5	5	cluster_5	0.9999988363893668
N9FD96	6	6	cluster_6	0.9999990503371116
N9LLF2	0	0	cluster_0	0.9999990517853752
NAMPT_HUMAN_2	5	5	cluster_5	0.9999990479808281
NAMPT_XANC	5	5	cluster_5	0.9999990174138993
NSP3	181	181	cluster_181	0.99999873137231
NadM-Nudix	7	7	cluster_7	0.9999982247187141
NadM-Nudix_2	7	7	cluster_7	0.9999978404129659
O32492	202	202	cluster_202	0.9999901774317718
OR342	181	181	cluster_181	0.9999990951810855
ORF14_SIFV	9	9	cluster_9	0.9996261039590365
ORF1a	181	181	cluster_181	0.9999989709772059
ORF99_AFV1	9	9	cluster_9	0.9995746924479042
P0DW58	17	17	cluster_17	0.9999924771499465
P0DW61	17	17	cluster_17	0.9999919660497408
P1234	181	181	cluster_181	0.9999991499096362
P27504	0	0	cluster_0	0.9999989673180982
PAP39	4	4	cluster_4	0.9999986769056453
PAP41	4	4	cluster_4	0.9999985433423246
PQQ	0	0	cluster_0	0.9999990624304589
PhnP	0	0	cluster_0	0.9999991973428751
PhnP_new	0	0	cluster_0	0.9999992616326098
Poa1p	181	181	cluster_181	0.9999989999431438
Prps1	4	4	cluster_4	0.9999994779337537
Prs	4	4	cluster_4	0.9999990040719793
Prs_2	4	4	cluster_4	0.9999994378451569
Prs_3	4	4	cluster_4	0.9999993841957198
Prs_like4	4	4	cluster_4	0.9999994162348363
Prs_like5	4	4	cluster_4	0.9999988022943079
Prs_like6	4	4	cluster_4	0.9999983574324314
Q0W2M9	0	0	cluster_0	0.9999992849739862
Q11BI1	4	4	cluster_4	0.999998749453805
Q14558	4	4	cluster_4	0.9999989297403419
Q18AD5	131	131	cluster_131	0.9999772634500235
Q1AXL6	4	4	cluster_4	0.9999994371003831
Q1H9Y8	2	2	cluster_2	0.9999901905326507
Q1R0S7	181	181	cluster_181	0.9999992887543239
Q1YNI8	0	0	cluster_0	0.9999990824319024
Q21RG5	0	0	cluster_0	0.9999989995546573
Q2B023	0	0	cluster_0	0.9999990822419124
Q2RTP6	0	0	cluster_0	0.9999992206449425
Q2SNP3	0	0	cluster_0	0.9999988282998518
Q46666	182	182	cluster_182	0.9999973674038419
Q4C9L3	6	6	cluster_6	0.99999906495331
Q5W2N9	183	183	cluster_183	0.9999976273601446
Q5WD89	0	0	cluster_0	0.9999986945999767
Q6FXN3	181	181	cluster_181	0.9999989529247065
Q6YRS0	12	12	cluster_12	0.9999950976000254
Q7BTG7	0	0	cluster_0	0.9999992151956394
Q7V111	4	4	cluster_4	0.9999993969901401
Q81VZ0	4	4	cluster_4	0.9999994081513716
Q82MI4	181	181	cluster_181	0.9999993326986519
Q899I8	4	4	cluster_4	0.9999994313484787
Q8A8B0	181	181	cluster_181	0.9999993381655444
Q92B51	177	177	cluster_177	0.9994645679254778
Q92B53	60	60	cluster_60	0.9994189437618599
Q96XL5	183	183	cluster_183	0.9999979521744214
Q97HV8	17	17	cluster_17	0.999992124669461
Q9HKF7	6	6	cluster_6	0.9999987956965894
Q9HYM9	0	0	cluster_0	0.9999991928118318
Q9L5T8	6	6	cluster_6	0.999999122930226
R2NVV8	88	88	cluster_88	0.9999688167182682
R2PVR0	187	187	cluster_187	0.9999854208601744
R4VEK2	5	5	cluster_5	0.9999988405759626
R4YKB0	5	5	cluster_5	0.9999978284109226
R5PU21	0	0	cluster_0	0.999999062847912
R6A0U4	6	6	cluster_6	0.9999992535140473
R6WSC2	0	0	cluster_0	0.9999991144267999
R7K5G7	4	4	cluster_4	0.9999994283328033
R7L7N2	0	0	cluster_0	0.9999993869500651
R7LI90	0	0	cluster_0	0.999999143053044
R7LRF9	175	175	cluster_175	0.999998304738537
R7MJS5	0	0	cluster_0	0.9999991022979918
R9H9A4	6	6	cluster_6	0.9999982661958569
R9JFM2	131	131	cluster_131	0.9999788511711769
R9JR69	6	6	cluster_6	0.9999992340043552
R9KBL4	131	131	cluster_131	0.9999801356797018
R9KGD5	131	131	cluster_131	0.9999798781592052
R9LM86	0	0	cluster_0	0.9999991047059407
R9T6Q5	175	175	cluster_175	0.9999988008208461
RNaseZ	0	0	cluster_0	0.9999990372498088
RT	182	182	cluster_182	0.9999973430814844
RelB	189	189	cluster_189	0.9999318866291343
Retron_Ec86	182	182	cluster_182	0.9999956441664749
Retron_Eco7	182	182	cluster_182	0.9999972187900166
Rnase_ZS1	0	0	cluster_0	0.9999988166512958
S0FVF5	192	192	cluster_192	0.9999778661210326
S2DHQ3	4	4	cluster_4	0.9999993126990004
S2ZRG0	5	5	cluster_5	0.9999989418296047
S3ZMV0	0	0	cluster_0	0.9999989799858123
S5DP89	5	5	cluster_5	0.9999987295329256
S5M2E5	6	6	cluster_6	0.9999992027772716
S7J1U3	0	0	cluster_0	0.9999991217157433
S7VCM6	0	0	cluster_0	0.9999987428856907
SCO6735	181	181	cluster_181	0.9999992551602958
SSB	198	198	cluster_198	0.9988908246898762
SSO0001	183	183	cluster_183	0.9999987800439757
SptTad2	8	8	cluster_8	0.9999953822992899
T0G607	0	0	cluster_0	0.9999991251566558
T0MZV7	0	0	cluster_0	0.9999985955607025
T0TYP3	187	187	cluster_187	0.9999808887479591
T0V962	32	32	cluster_32	0.9999603053927839
T0VAQ3	187	187	cluster_187	0.9999875466609779
T0VF20	164	164	cluster_164	0.9997677411869331
T2GCV4	6	6	cluster_6	0.999999147109722
T4VQ08	17	17	cluster_17	0.999992522645919
T6c	0	0	cluster_0	0.9999980917938198
TM_1162	0	0	cluster_0	0.9999991601065115
TTHA0132	181	181	cluster_181	0.9999989923176411
U2EH18	175	175	cluster_175	0.9999981294121943
U2GIS6	6	6	cluster_6	0.9999987904003292
U2PCT2	20	20	cluster_20	0.9997447066496559
U2PMB8	20	20	cluster_20	0.9997374755715186
U2QH01	131	131	cluster_131	0.9999787070270288
U2RDR1	88	88	cluster_88	0.999975554562444
U2RPB0	131	131	cluster_131	0.999977282516481
U2RQ17	131	131	cluster_131	0.9999792248636524
U2USN5	131	131	cluster_131	0.9999778480005657
U2WME6	0	0	cluster_0	0.9999989813634445
U4T8B1	17	17	cluster_17	0.9999937943815974
U6EDJ1	0	0	cluster_0	0.9999991472477174
U6JG90	0	0	cluster_0	0.9999987825270745
U7NZV5	4	4	cluster_4	0.9999994469104782
UPF0173	0	0	cluster_0	0.999999003898053
V4NBI6	5	5	cluster_5	0.9999989921275332
V4QEG6	74	74	cluster_74	0.9999978899620416
V6Q7C0	187	187	cluster_187	0.9999882892010102
V9TV52	8	8	cluster_8	0.9999957036678639
V9XQ52	181	181	cluster_181	0.9999992047186607
VEEV	181	181	cluster_181	0.9999992464831617
W0E700	0	0	cluster_0	0.9999990845501185
W0FV27	2	2	cluster_2	0.999991304135997
W0TG97	4	4	cluster_4	0.9999994490861199
W1J585	101	101	cluster_101	0.9999889514120949
W1JB07	6	6	cluster_6	0.9999992654025557
W1Q4I4	187	187	cluster_187	0.9999865487314712
W1XDH8	2	2	cluster_2	0.9999913901436501
W2BYD1	5	5	cluster_5	0.9999989380448981
W2U084	0	0	cluster_0	0.9999991437257552
W2U2M7	4	4	cluster_4	0.9999994764745533
W4DCD3	0	0	cluster_0	0.9999992058548978
W4EUE1	131	131	cluster_131	0.9999776553614858
W4QLD7	17	17	cluster_17	0.9999888534749923
W6S7X8	32	32	cluster_32	0.9999645395631249
W6SKQ6	185	185	cluster_185	0.999429082354482
W7DGV3	10	10	cluster_10	0.9999204841359071
W7EFV9	4	4	cluster_4	0.999999452314547
W7IT41	6	6	cluster_6	0.9999989854876737
W7KJM6	10	10	cluster_10	0.9999385368212869
W7KMI1	183	183	cluster_183	0.9999986996877909
W7L5K1	0	0	cluster_0	0.9999991143360177
W7QK02	4	4	cluster_4	0.9999994661350148
W7RGJ2	6	6	cluster_6	0.9999989906887048
W9DQP3	0	0	cluster_0	0.9999992223239232
W9GTC4	0	0	cluster_0	0.9999991138061708
X2GUQ4	3	3	cluster_3	0.9999838016745971
X5ETH5	6	6	cluster_6	0.999998682336179
X5YDJ9	0	0	cluster_0	0.9999991511596866
X6BRF7	103	103	cluster_103	0.9999957848081736
X6FDL4	0	0	cluster_0	0.9999988766873946
X8K7U9	116	116	cluster_116	0.9995054883966938
X8K9K5	32	32	cluster_32	0.9999656497296906
YMDB	181	181	cluster_181	0.9999992484361673
YhfI_2	0	0	cluster_0	0.9999991172441721
ZipD	0	0	cluster_0	0.9999991227607951
abc1	78	78	cluster_78	0.9998835208317575
abc2	57	57	cluster_57	0.9995796937407245
aca1	1	1	cluster_1	0.9999721641907416
aca10	1	1	cluster_1	0.9999452125239562
aca11	73	73	cluster_73	0.9999377961764578
aca12	32	32	cluster_32	0.9999670520365094
aca13	142	142	cluster_142	0.9999312492729133
aca2	3	3	cluster_3	0.9999832083033233
aca2_2	3	3	cluster_3	0.9999233373645576
aca3	1	1	cluster_1	0.9999580802749207
aca4	139	139	cluster_139	0.9984752350974061
aca5	146	146	cluster_146	0.9998797004613345
aca6	1	1	cluster_1	0.9999714142793124
aca7	1	1	cluster_1	0.9999624914260463
aca8	39	39	cluster_39	0.9997573888810862
aca9	1	1	cluster_1	0.9999654017421562
acb1	14	14	cluster_14	0.9999985572035475
acb1_2	14	14	cluster_14	0.9999986714720219
acb2	57	57	cluster_57	0.9994390771903774
acrx	61	61	cluster_61	0.9999539224864498
adfa	115	115	cluster_115	0.9997121069304105
adnd_p0020	118	118	cluster_118	0.9999896292685116
adnd_p0021	46	46	cluster_46	0.9998203613590293
alt	152	152	cluster_152	0.9998450051718345
apyc1	0	0	cluster_0	0.9999987115358199
arda	12	12	cluster_12	0.9999953689937601
arda_2	12	12	cluster_12	0.9999944973721533
ardb	2	2	cluster_2	0.9999594619012824
ardc	103	103	cluster_103	0.9999939819419779
ardk	139	139	cluster_139	0.9996693547510761
ardk_2	184	184	cluster_184	0.9787701045932324
ardr	165	165	cluster_165	0.9996627937950019
ardu	12	12	cluster_12	0.9999942635658915
arn	184	184	cluster_184	0.9948170562441259
atd1	100	100	cluster_100	0.9999757502201154
bet	199	199	cluster_199	0.9998371852914427
dam	6	6	cluster_6	0.9999992080090596
dam_3	6	6	cluster_6	0.9999991146176467
danM	6	6	cluster_6	0.9999987845805791
dara	54	54	cluster_54	0.9997686282044433
darb	138	138	cluster_138	0.9999583347478603
ddra	170	170	cluster_170	0.9998031113004687
ddrb	178	178	cluster_178	0.9999277960673529
dmd	16	16	cluster_16	0.9994097899736134
dmd_2	16	16	cluster_16	0.999496594011716
dsad1	37	37	cluster_37	0.9998153207511311
gad1	28	28	cluster_28	0.9997206607907384
gad2	162	162	cluster_162	0.9998495905547434
gam	86	86	cluster_86	0.9995806864093488
gnarl1	98	98	cluster_98	0.9996396589657519
gnarl2	29	29	cluster_29	0.9997668789600843
gnarl3	121	121	cluster_121	0.9996315338565622
gp4	210	210	cluster_210	0.9997262580882121
gp4_5	110	110	cluster_110	0.999872100239282
gp5_5	211	211	cluster_211	0.9994203243138053
gp5_9	25	25	cluster_25	0.9998439815999535
had1	24	24	cluster_24	0.9994873516811269
hdf	141	141	cluster_141	0.9998482265594681
hia5	6	6	cluster_6	0.999998993991458
hin1523	6	6	cluster_6	0.9999988457028143
ipi	43	43	cluster_43	0.9996970858057865
ipii	40	40	cluster_40	0.9992236248783468
klca	2	2	cluster_2	0.999989636144723
klca_2	2	2	cluster_2	0.9999902290634556
lar	87	87	cluster_87	0.9999705611520354
mom	35	35	cluster_35	0.9999712170319999
namat_sp	5	5	cluster_5	0.999998918828558
narp1_adps	4	4	cluster_4	0.9999971415025319
narp1_namat	5	5	cluster_5	0.9999944945291022
narp2_nampt	5	5	cluster_5	0.9999987591762105
narp2_nmnat	7	7	cluster_7	0.999998118538361
nip	71	71	cluster_71	0.9999382453195338
nma1821	6	6	cluster_6	0.9999989325208589
ntase	127	127	cluster_127	0.9999977479901058
ocr	112	112	cluster_112	0.9996309424066001
orba	31	31	cluster_31	0.9997412318451999
orf126	94	94	cluster_94	0.9997037506892144
orf148	133	133	cluster_133	0.9995695873770927
parp14	181	181	cluster_181	0.9999987461560906
prsA	4	4	cluster_4	0.99999942331028
prsA_2	4	4	cluster_4	0.9999993962631314
prs_R32	4	4	cluster_4	0.9999994665987352
psia	77	77	cluster_77	0.999991166843403
psib	123	123	cluster_123	0.999991261390463
racc	126	126	cluster_126	0.9997849547008181
rad	22	22	cluster_22	0.999995246376133
ral	26	26	cluster_26	0.9998464935368262
rep	181	181	cluster_181	0.9999988006058461
rep_bat	181	181	cluster_181	0.9999988940903712
rexb	159	159	cluster_159	0.9999904924324766
samase	93	93	cluster_93	0.9997864193994909
stp	64	64	cluster_64	0.9998775538075898
tRNase	0	0	cluster_0	0.9999989336615385
tRNase_Z	0	0	cluster_0	0.9999983773885505
tad1	17	17	cluster_17	0.9999922200143692
tad1_cm	17	17	cluster_17	0.9999917789620062
tad2	8	8	cluster_8	0.9999955024392723
tad2_spo1	8	8	cluster_8	0.9999953638072261
tifa	108	108	cluster_108	0.9991275097810673
ugi	13	13	cluster_13	0.9995907742182052
ugi_3	13	13	cluster_13	0.9995775654858333
ulx	101	101	cluster_101	0.9999891926454496
vcrx089	74	74	cluster_74	0.9999981965950093
vcrx090	156	156	cluster_156	0.9997798869701563
vcrx091	83	83	cluster_83	0.9987810382579807
vcrx092	144	144	cluster_144	0.9995448922383298
vcrx093	89	89	cluster_89	0.9999991936111045
ydiL	3	3	cluster_3	0.99998282689077
