query_id	true_label	pred_label	predicted_family	judge_score
5004	194	194	cluster_194	0.9952992950939455
5021	203	203	cluster_203	0.9932512969034709
5061	193	193	cluster_193	0.9952168986025383
5277	191	191	cluster_191	0.9937943874797549
A0A022FQ66	2	2	cluster_2	0.9999802126590145
A0A022PJQ7	2	2	cluster_2	0.9999796864411536
A0A023UEJ4	165	165	cluster_165	0.9990063858653745
A0A024L1D8	2	2	cluster_2	0.9999801753022456
A0A024QGA6	131	131	cluster_131	0.9999836692298185
A0A031LKV0	181	181	cluster_181	0.9999924583959715
A0A037Y2Z6	101	101	cluster_101	0.9999755144018215
A0A059FD34	74	74	cluster_74	0.9999523946021063
A0A060QSC4	12	12	cluster_12	0.9999824788571393
A0A060UYH7	74	74	cluster_74	0.99995309652303
A0A060V0H9	74	74	cluster_74	0.9999539720402333
A0A061FDP0	0	0	cluster_0	0.9999995685212067
A0A061JKK5	128	128	cluster_128	0.9989668557132885
A0A061JKM6	72	72	cluster_72	0.9999519245825834
A0A061K8L9	181	181	cluster_181	0.9999922053310545
A0A061NAH7	10	10	cluster_10	0.9999782715456113
A0A066TD26	3	3	cluster_3	0.9999726815078719
A0A068XU97	5	5	cluster_5	0.9999904729117939
A0A071M9Y6	3	3	cluster_3	0.999972803596494
A0A072NT49	4	4	cluster_4	0.9999856198161442
A0A074V975	6	6	cluster_6	0.9999800942925947
A0A075G9T6	4	4	cluster_4	0.9999856190623448
A0A075HDM8	0	0	cluster_0	0.9999995764695304
A0A075KJR3	0	0	cluster_0	0.9999995518656813
A0A075MD29	2	2	cluster_2	0.9999805397126844
A0A075UZM1	197	197	cluster_197	0.9999723131219477
A0A076H4T2	0	0	cluster_0	0.9999995710216107
A0A076HTW2	0	0	cluster_0	0.9999995765981563
A0A076LMU3	35	35	cluster_35	0.9994468612186613
A0A077LMF9	66	66	cluster_66	0.9990534343337678
A0A077M123	0	0	cluster_0	0.9999995669936258
A0A077P3P9	8	8	cluster_8	0.9999752151221758
A0A077PJ20	182	182	cluster_182	0.9999678911142712
A0A077PJP8	6	6	cluster_6	0.9999806212863449
A0A077XSF1	6	6	cluster_6	0.9999801308026925
A0A080M5T3	10	10	cluster_10	0.9999784447432564
A0A081L7U3	181	181	cluster_181	0.9999922858135516
A0A081R364	32	32	cluster_32	0.9999373343120104
A0A084XW58	10	10	cluster_10	0.9999791684593172
A0A085A7R8	2	2	cluster_2	0.9999802922663994
A0A085FYV1	123	123	cluster_123	0.9999402505459831
A0A085WQN3	0	0	cluster_0	0.999999564354383
A0A085ZJZ9	181	181	cluster_181	0.9999923581233491
A0A086AAF2	0	0	cluster_0	0.999999575391574
A0A086AUP6	181	181	cluster_181	0.9999923785952693
A0A086TMN3	2	2	cluster_2	0.9999801284268903
A0A087DU63	192	192	cluster_192	0.9999819622354651
A0A088F1Q9	8	8	cluster_8	0.9999749239839504
A0A088FMV2	2	2	cluster_2	0.9999802433953981
A0A089JW37	0	0	cluster_0	0.9999995621734951
A0A089K5E1	0	0	cluster_0	0.9999995744677398
A0A089PL63	4	4	cluster_4	0.9999855679729889
A0A090EBH1	6	6	cluster_6	0.9999807497522413
A0A090FIW3	181	181	cluster_181	0.9999922450753763
A0A090R008	101	101	cluster_101	0.9999747840702151
A0A090Z3E4	175	175	cluster_175	0.9999778129470318
A0A091CB71	131	131	cluster_131	0.9999836311804985
A0A091UP68	4	4	cluster_4	0.9999854586437272
A0A093RSA7	192	192	cluster_192	0.9999823452703848
A0A094L0U5	192	192	cluster_192	0.9999823304928191
A0A094WH89	6	6	cluster_6	0.9999806129043344
A0A096AXJ0	69	69	cluster_69	0.999961541247224
A0A096C4V4	4	4	cluster_4	0.9999857157568608
A0A097AQP5	0	0	cluster_0	0.999999581305076
A0A098AYR1	0	0	cluster_0	0.9999995748312411
A0A099KKJ8	74	74	cluster_74	0.9999537966989365
A0A099P9D6	181	181	cluster_181	0.9999925950569709
A0A099WDU6	10	10	cluster_10	0.9999795568329176
A0A099WPG8	88	88	cluster_88	0.9999750631330977
A0A099ZF20	181	181	cluster_181	0.9999926861099617
A0A0A0AR11	181	181	cluster_181	0.9999927556192804
A0A0A0DCP1	35	35	cluster_35	0.9994736121936674
A0A0A0QVC5	123	123	cluster_123	0.999939224029041
A0A0A0UU49	88	88	cluster_88	0.9999723966814176
A0A0A2EC71	0	0	cluster_0	0.9999995606066824
A0A0A2GC59	6	6	cluster_6	0.9999804756056822
A0A0A2UY57	0	0	cluster_0	0.9999995736259101
A0A0A2WXT2	0	0	cluster_0	0.9999995753330548
A0A0A5GA11	8	8	cluster_8	0.999975195873486
A0A0A8E5Z3	7	7	cluster_7	0.9999772123000934
A0A0A8ECR9	197	197	cluster_197	0.9999722102629707
A0A0A8ERN0	5	5	cluster_5	0.9999904732248353
A0A0A8VG70	2	2	cluster_2	0.9999805080769335
A0A0B1BAN6	126	126	cluster_126	0.9994995181574624
A0A0B3AHQ9	0	0	cluster_0	0.9999995735389731
A0A0B3W1I8	17	17	cluster_17	0.9999898391742044
A0A0B5EMS7	0	0	cluster_0	0.9999995710717521
A0A0B5I6N9	181	181	cluster_181	0.9999923742002477
A0A0B5KHN4	0	0	cluster_0	0.9999995646052525
A0A0B7H6B7	0	0	cluster_0	0.9999995743916279
A0A0C1D7Z4	181	181	cluster_181	0.9999924005977838
A0A0C1H6K8	0	0	cluster_0	0.9999995692623426
A0A0C1LZT9	131	131	cluster_131	0.9999836020380322
A0A0C1U6Y8	175	175	cluster_175	0.9999777380299507
A0A0C2XB47	181	181	cluster_181	0.9999924877459794
A0A0C3E4H7	192	192	cluster_192	0.9999818747857739
A0A0C3HTZ0	89	89	cluster_89	0.9999476151358623
A0A0C3MC11	6	6	cluster_6	0.9999803162586293
A0A0C5H2W7	2	2	cluster_2	0.9999798901817991
A0A0C5XPN5	2	2	cluster_2	0.9999800342975208
A0A0C6EG58	131	131	cluster_131	0.9999833890073416
A0A0C7MUR0	181	181	cluster_181	0.9999924967422823
A0A0C7P103	0	0	cluster_0	0.999999570017282
A0A0D0ETF2	6	6	cluster_6	0.9999804336644792
A0A0D0FXU7	6	6	cluster_6	0.9999807506489268
A0A0D0IW64	196	196	cluster_196	0.9999678374106002
A0A0D0WRH1	181	181	cluster_181	0.9999923235665785
A0A0D3K3H9	4	4	cluster_4	0.9999859034132113
A0A0D3LA01	0	0	cluster_0	0.9999995651202066
A0A0D5CKF3	181	181	cluster_181	0.9999922771719196
A0A0D5XR64	89	89	cluster_89	0.9999471761681186
A0A0D6DWU9	131	131	cluster_131	0.9999836935872107
A0A0D6XRM7	5	5	cluster_5	0.9999905104300911
A0A0D7W0Y3	0	0	cluster_0	0.9999995764551972
A0A0D8LBA6	2	2	cluster_2	0.9999803505309716
A0A0D8ZSQ7	12	12	cluster_12	0.9999817141883036
A0A0E0UT28	97	97	cluster_97	0.999741771438129
A0A0E0UVH5	15	15	cluster_15	0.9991430122426462
A0A0E0UW46	177	177	cluster_177	0.9993129062043881
A0A0E0UY76	181	181	cluster_181	0.9999923327810324
A0A0E0UYK7	181	181	cluster_181	0.9999923920655448
A0A0E0XWM1	6	6	cluster_6	0.9999806789783013
A0A0E1NKP5	12	12	cluster_12	0.9999819372463086
A0A0E2AWD3	6	6	cluster_6	0.9999795005155309
A0A0E2HUQ3	12	12	cluster_12	0.999981832232123
A0A0E2Q264	187	187	cluster_187	0.9999543197433032
A0A0E2Z4Q9	6	6	cluster_6	0.999980989954568
A0A0E3K7D2	183	183	cluster_183	0.9999685202055519
A0A0E3KIA9	12	12	cluster_12	0.9999815876549137
A0A0E3PW44	0	0	cluster_0	0.9999995667879293
A0A0E3QX18	0	0	cluster_0	0.9999995655714424
A0A0E3S4J9	0	0	cluster_0	0.9999995634909089
A0A0F0DN23	5	5	cluster_5	0.9999902759225745
A0A0F1AW96	89	89	cluster_89	0.9999475626015529
A0A0F2JC73	0	0	cluster_0	0.9999995770448086
A0A0F2L6M4	10	10	cluster_10	0.999979930063899
A0A0F2NHV6	74	74	cluster_74	0.9999524568720566
A0A0F3IMY4	101	101	cluster_101	0.999971792557241
A0A0F3QCL8	0	0	cluster_0	0.9999995717933596
A0A0F4LRR3	0	0	cluster_0	0.9999995599646334
A0A0F5EY39	6	6	cluster_6	0.9999801767814241
A0A0F5FQJ7	0	0	cluster_0	0.9999995712631908
A0A0F5YLB7	181	181	cluster_181	0.9999922284837849
A0A0F6AJ29	0	0	cluster_0	0.9999995674134059
A0A0F6B0V6	3	3	cluster_3	0.9999722192015139
A0A0F6MNM7	131	131	cluster_131	0.9999835687896821
A0A0F6MV49	4	4	cluster_4	0.999985539272336
A0A0F6W0P6	5	5	cluster_5	0.999990368245024
A0A0F7CQ77	181	181	cluster_181	0.9999923772057057
A0A0F7HJY6	0	0	cluster_0	0.9999995673406981
A0A0F7JE63	101	101	cluster_101	0.999975620219241
A0A0F8DCR5	0	0	cluster_0	0.9999995640359889
A0A0F8UDL9	0	0	cluster_0	0.9999995634087487
A0A0F8W1N2	127	127	cluster_127	0.9998246277181735
A0A0F8WC35	197	197	cluster_197	0.9999717838248695
A0A0F8YC37	17	17	cluster_17	0.9999895535423098
A0A0F9AHB9	17	17	cluster_17	0.9999899310655265
A0A0F9AQS0	7	7	cluster_7	0.9999772219762065
A0A0F9C2J6	197	197	cluster_197	0.9999716743564315
A0A0F9CIJ6	6	6	cluster_6	0.9999808713679836
A0A0F9DWZ7	17	17	cluster_17	0.9999899622827133
A0A0F9EMJ1	197	197	cluster_197	0.9999719743775835
A0A0F9ETL9	14	14	cluster_14	0.9999867185008592
A0A0F9F1U2	197	197	cluster_197	0.9999720091579979
A0A0F9LXL1	197	197	cluster_197	0.999972069431649
A0A0F9NFV1	197	197	cluster_197	0.9999721233303078
A0A0F9NKV7	197	197	cluster_197	0.999971852750307
A0A0F9Q6A3	4	4	cluster_4	0.9999856431157546
A0A0F9RAN6	17	17	cluster_17	0.9999891011940568
A0A0F9RAV8	6	6	cluster_6	0.9999802207423599
A0A0F9RWS4	17	17	cluster_17	0.9999898627540925
A0A0F9RZA9	196	196	cluster_196	0.999968536302914
A0A0F9SBM5	196	196	cluster_196	0.9999690516970552
A0A0F9T152	197	197	cluster_197	0.999971860170237
A0A0F9T9R9	197	197	cluster_197	0.999971548521808
A0A0F9UEM3	181	181	cluster_181	0.9999920960350219
A0A0F9UZD9	181	181	cluster_181	0.9999923329248606
A0A0F9XR49	192	192	cluster_192	0.9999819650430157
A0A0G0AQP7	4	4	cluster_4	0.9999856141171913
A0A0G0HCE9	4	4	cluster_4	0.9999856654214919
A0A0G0MI32	181	181	cluster_181	0.9999922633148026
A0A0G0PSR2	0	0	cluster_0	0.9999995785714109
A0A0G0PTH8	196	196	cluster_196	0.9999676572970674
A0A0G0TNE4	4	4	cluster_4	0.9999857709840092
A0A0G0WAD7	0	0	cluster_0	0.9999995819166663
A0A0G1VAR5	202	202	cluster_202	0.9999711869505491
A0A0G2K831	181	181	cluster_181	0.9999927836808584
A0A0G3GW64	4	4	cluster_4	0.9999856094755089
A0A0G3M711	6	6	cluster_6	0.9999800569206654
A0A0G3WH58	10	10	cluster_10	0.9999783082758616
A0A0G4LZI3	4	4	cluster_4	0.9999854559589135
A0A0G4P7U7	181	181	cluster_181	0.9999925959574419
A0A0H1R0N1	0	0	cluster_0	0.9999995676926289
A0A0H1WCG7	145	145	cluster_145	0.9999860150186481
A0A0H2SMB7	0	0	cluster_0	0.9999995687445441
A0A0H2UV12	168	168	cluster_168	0.9991568566460581
A0A0H2XJF5	123	123	cluster_123	0.9999392917277746
A0A0H2Z5B8	0	0	cluster_0	0.9999995607260861
A0A0H3CCB1	74	74	cluster_74	0.9999527426299846
A0A0H3CVI7	0	0	cluster_0	0.9999995633432627
A0A0H3FJB2	2	2	cluster_2	0.9999801594657965
A0A0H3JFM6	3	3	cluster_3	0.9999716105522077
A0A0H3NHP7	182	182	cluster_182	0.9999678697570675
A0A0H3ZUM5	101	101	cluster_101	0.9999753657264745
A0A0J0YTE9	8	8	cluster_8	0.9999750731853683
A0A0J1BZR6	0	0	cluster_0	0.9999995627527007
A0A0J4IIG3	77	77	cluster_77	0.9999485038513746
A0A0J5FWW0	101	101	cluster_101	0.9999743735885427
A0A0J5IU09	6	6	cluster_6	0.9999805776040701
A0A0J5IU53	36	36	cluster_36	0.9990891915117718
A0A0J5P1Y4	6	6	cluster_6	0.9999799045515148
A0A0J6E3P8	8	8	cluster_8	0.9999752231352754
A0A0J6ESB5	10	10	cluster_10	0.9999790944816579
A0A0J8GT29	6	6	cluster_6	0.9999806458381653
A0A0J8VKV5	123	123	cluster_123	0.9999402247909406
A0A0J9FJ14	181	181	cluster_181	0.9999924069938494
A0A0K1FK66	4	4	cluster_4	0.9999857442505763
A0A0K1SKI8	181	181	cluster_181	0.9999925580194673
A0A0K1UGF5	89	89	cluster_89	0.9999473905675712
A0A0K2CSF0	123	123	cluster_123	0.9999395593304349
A0A0K2JCM2	0	0	cluster_0	0.9999995526020692
A0A0K4SA34	2	2	cluster_2	0.9999800899482434
A0A0K9YU99	181	181	cluster_181	0.9999923722136713
A0A0L0AWP9	192	192	cluster_192	0.9999823628989885
A0A0L6JM76	181	181	cluster_181	0.9999924386360435
A0A0L6JTM2	0	0	cluster_0	0.9999995555665547
A0A0L7Z181	192	192	cluster_192	0.9999824048676285
A0A0L8VVC2	181	181	cluster_181	0.9999925538455057
A0A0M1JI45	10	10	cluster_10	0.9999787293344363
A0A0M2KB22	123	123	cluster_123	0.99993872530075
A0A0M2LTT0	4	4	cluster_4	0.9999857076788959
A0A0M2SI15	0	0	cluster_0	0.9999995722077548
A0A0M2VJJ9	6	6	cluster_6	0.9999802530311241
A0A0M3AV27	4	4	cluster_4	0.9999857139621896
A0A0M4LGY3	0	0	cluster_0	0.999999569207064
A0A0M8PX65	0	0	cluster_0	0.999999547794173
A0A0M8SU46	0	0	cluster_0	0.9999995687571829
A0A0N0E893	5	5	cluster_5	0.9999903684701327
A0A0N0GE38	0	0	cluster_0	0.9999995690707456
A0A0N1BJ23	0	0	cluster_0	0.9999995712615379
A0A0N1MT78	74	74	cluster_74	0.9999527068462666
A0A0N5CK15	5	5	cluster_5	0.9999904312955994
A0A0N7MNF7	181	181	cluster_181	0.9999925125523275
A0A0N9WNT5	74	74	cluster_74	0.9999536919292427
A0A0P0NW10	4	4	cluster_4	0.9999857144405988
A0A0P0SIP2	0	0	cluster_0	0.9999995707388243
A0A0P1F7Z2	0	0	cluster_0	0.9999995747781626
A0A0P7DUX0	5	5	cluster_5	0.9999902037895755
A0A0P7Y0W5	74	74	cluster_74	0.9999527274503589
A0A0P8KB23	0	0	cluster_0	0.9999995659132465
A0A0P9CBZ5	0	0	cluster_0	0.9999995746343999
A0A0P9FRG7	0	0	cluster_0	0.999999577693679
A0A0P9LNQ5	0	0	cluster_0	0.9999995661193013
A0A0Q0VTU5	4	4	cluster_4	0.9999857216634354
A0A0Q1HTA6	4	4	cluster_4	0.9999858093964163
A0A0Q2Y1H1	6	6	cluster_6	0.9999806194937977
A0A0Q4G265	74	74	cluster_74	0.9999526084581611
A0A0Q4IKH9	2	2	cluster_2	0.999980213666083
A0A0Q4IMH8	74	74	cluster_74	0.999953001736819
A0A0Q4QPZ9	0	0	cluster_0	0.9999995772277397
A0A0Q4RLX9	181	181	cluster_181	0.9999923376796985
A0A0Q4U8Z6	0	0	cluster_0	0.999999557970277
A0A0Q5TPT2	0	0	cluster_0	0.9999995746241979
A0A0Q6T6X2	5	5	cluster_5	0.9999903730988813
A0A0Q7GIB9	0	0	cluster_0	0.9999995778911018
A0A0Q7IKP4	182	182	cluster_182	0.9999682233485315
A0A0Q7UW68	0	0	cluster_0	0.9999995726872789
A0A0Q8CTT3	5	5	cluster_5	0.9999904317305953
A0A0Q8J9F8	181	181	cluster_181	0.9999923117813254
A0A0Q8PK38	17	17	cluster_17	0.9999899074924311
A0A0Q8ZQU0	197	197	cluster_197	0.9999721125872767
A0A0Q9K4U4	0	0	cluster_0	0.9999995646005662
A0A0Q9L7H0	4	4	cluster_4	0.9999856667190588
A0A0Q9S1R8	0	0	cluster_0	0.9999995646317176
A0A0R0AZ31	7	7	cluster_7	0.9999774828660827
A0A0R1ERC2	131	131	cluster_131	0.9999836279376976
A0A0R1MAP6	0	0	cluster_0	0.999999574400998
A0A0R1QRV3	181	181	cluster_181	0.9999922851882657
A0A0R1SCG7	0	0	cluster_0	0.999999568104954
A0A0R1WBN8	131	131	cluster_131	0.9999837388120477
A0A0R2B0H2	181	181	cluster_181	0.9999923077271888
A0A0R2B3V3	0	0	cluster_0	0.9999995750158356
A0A0R2BIA5	175	175	cluster_175	0.9999787390220248
A0A0R2BT53	88	88	cluster_88	0.9999763903513984
A0A0R2CF16	12	12	cluster_12	0.9999822938364366
A0A0R2FL22	175	175	cluster_175	0.9999786038449633
A0A0R2FV42	88	88	cluster_88	0.9999765615585643
A0A0R2I6L3	187	187	cluster_187	0.9999533409403637
A0A0R2LRF1	4	4	cluster_4	0.9999855944500795
A0A0R2NNE2	0	0	cluster_0	0.9999995655261806
A0A0R2ZXH4	0	0	cluster_0	0.9999995570458967
A0A0R3LMC4	0	0	cluster_0	0.9999995522678495
A0A0R3WBI4	0	0	cluster_0	0.9999995534201602
A0A0S6TY66	5	5	cluster_5	0.9999904573192777
A0A0S7ZER4	196	196	cluster_196	0.9999682729911883
A0A0S8HPU2	0	0	cluster_0	0.9999995655676144
A0A0S8IH39	0	0	cluster_0	0.9999995645926767
A0A0T6BWL9	10	10	cluster_10	0.9999787325083501
A0A0T6TWZ1	4	4	cluster_4	0.9999857118318198
A0A0T8U657	145	145	cluster_145	0.9999861643968803
A0A0U0XGR3	0	0	cluster_0	0.9999995670861157
A0A0U3FPI9	183	183	cluster_183	0.9999682036023183
A0A0U3FU83	10	10	cluster_10	0.9999779608929279
A0A0U3P3P4	187	187	cluster_187	0.9999534416263645
A0A0U3PWS2	4	4	cluster_4	0.9999857892552689
A0A0U4CTS4	0	0	cluster_0	0.9999995739598792
A0A0U5E0X7	2	2	cluster_2	0.99998024829275
A0A0U5JCJ5	4	4	cluster_4	0.9999854645193722
A0A0U5JS89	5	5	cluster_5	0.9999905287038305
A0A0V0JC76	0	0	cluster_0	0.9999995589906032
A0A0W0SUP1	6	6	cluster_6	0.9999807011815869
A0A0W0U2S0	0	0	cluster_0	0.9999995629800025
A0A0W0UL45	0	0	cluster_0	0.999999565103963
A0A0W0Y7B1	6	6	cluster_6	0.9999807153691845
A0A0W0YLA8	192	192	cluster_192	0.9999823002420303
A0A0W1A5A1	0	0	cluster_0	0.9999995677527219
A0A0W1DGP0	103	103	cluster_103	0.9999692955730204
A0A0W1FAV9	0	0	cluster_0	0.9999995813571193
A0A0X3W124	5	5	cluster_5	0.9999904676628147
A0A0X4EW64	182	182	cluster_182	0.9999679330360169
A0A0X8VB38	21	21	cluster_21	0.9995218999076549
A0A0X8VCV4	21	21	cluster_21	0.9995148279656316
A0A0Z8H928	145	145	cluster_145	0.9999858988850194
A0A0Z8V8E1	4	4	cluster_4	0.9999857671196293
A0A101FKK0	4	4	cluster_4	0.999985771116332
A0A101VWW1	0	0	cluster_0	0.9999995720499966
A0A101XGX5	0	0	cluster_0	0.9999995702878558
A0A101XLL2	0	0	cluster_0	0.9999995751192778
A0A103Y532	5	5	cluster_5	0.9999906463799361
A0A109QJ75	175	175	cluster_175	0.9999779020016945
A0A117M7I7	0	0	cluster_0	0.9999995706672709
A0A120BE14	0	0	cluster_0	0.9999995667738028
A0A120DAC5	74	74	cluster_74	0.9999527898976065
A0A120M0K1	181	181	cluster_181	0.9999921514802027
A0A124IG39	131	131	cluster_131	0.999983529717691
A0A125DME0	196	196	cluster_196	0.9999687163280438
A0A126R9X6	103	103	cluster_103	0.9999697942903863
A0A126ZAY1	7	7	cluster_7	0.9999774604611662
A0A127VIK4	0	0	cluster_0	0.9999995737762097
A0A132EEN6	74	74	cluster_74	0.9999535227309099
A0A133L5A5	4	4	cluster_4	0.9999856708257151
A0A133NFH4	4	4	cluster_4	0.999985702546816
A0A133VFN5	4	4	cluster_4	0.9999855673070246
A0A134A2N4	4	4	cluster_4	0.9999856906863077
A0A134AEI2	131	131	cluster_131	0.9999835855415034
A0A136M114	181	181	cluster_181	0.999992346879544
A0A136Q4J0	181	181	cluster_181	0.999992226074634
A0A136WG86	21	21	cluster_21	0.9994964732938593
A0A137SQ48	6	6	cluster_6	0.9999803436575714
A0A139CIC0	4	4	cluster_4	0.9999856585593931
A0A139N676	145	145	cluster_145	0.9999860592879984
A0A139N961	0	0	cluster_0	0.9999995718591063
A0A139P1M4	58	58	cluster_58	0.9994846181889062
A0A139QDZ9	187	187	cluster_187	0.9999536012589892
A0A139R393	145	145	cluster_145	0.9999861741999946
A0A142Y7P6	0	0	cluster_0	0.9999995685300643
A0A142Y9S1	0	0	cluster_0	0.9999995761314062
A0A143CBR9	127	127	cluster_127	0.999820009583183
A0A143HAB6	131	131	cluster_131	0.9999833582167905
A0A143X725	192	192	cluster_192	0.9999822040160387
A0A143YQ43	187	187	cluster_187	0.9999525246862305
A0A143YVB8	187	187	cluster_187	0.9999529946973863
A0A147JWS3	181	181	cluster_181	0.9999923754677069
A0A149V1L2	0	0	cluster_0	0.9999995703245458
A0A149ZRP9	4	4	cluster_4	0.9999856085198768
A0A150J123	0	0	cluster_0	0.9999995680754561
A0A150LZM1	0	0	cluster_0	0.9999995737847815
A0A150M5G9	175	175	cluster_175	0.9999780369436643
A0A150PQ86	181	181	cluster_181	0.9999924140903429
A0A150W206	181	181	cluster_181	0.9999924383193043
A0A150XQF2	5	5	cluster_5	0.9999904530821743
A0A151A5X9	74	74	cluster_74	0.9999532344444123
A0A151EQV0	0	0	cluster_0	0.9999995703514112
A0A151F9T7	181	181	cluster_181	0.9999924353014651
A0A154W8E2	0	0	cluster_0	0.9999995775129296
A0A157ZM07	2	2	cluster_2	0.9999804440780434
A0A158E846	2	2	cluster_2	0.9999803857732724
A0A158K434	2	2	cluster_2	0.9999802296536334
A0A158KKV3	181	181	cluster_181	0.9999921375053634
A0A160IIY0	0	0	cluster_0	0.9999995733326075
A0A160LKL7	188	188	cluster_188	0.9986749481153211
A0A160P8M8	181	181	cluster_181	0.9999924143111965
A0A162A316	181	181	cluster_181	0.9999923453515137
A0A162J7X2	10	10	cluster_10	0.9999802377667166
A0A162KRJ4	4	4	cluster_4	0.9999856761226934
A0A163G4C6	0	0	cluster_0	0.9999995672213983
A0A164HW10	197	197	cluster_197	0.999972071012687
A0A164LDK9	0	0	cluster_0	0.999999556709781
A0A164P6K4	0	0	cluster_0	0.9999995532846998
A0A165YJ41	0	0	cluster_0	0.9999995705999633
A0A166S7D1	0	0	cluster_0	0.9999995532184851
A0A168NV23	0	0	cluster_0	0.9999995665464327
A0A172YI12	0	0	cluster_0	0.9999995576525209
A0A173LR23	181	181	cluster_181	0.9999923614724748
A0A173V1H0	131	131	cluster_131	0.9999832962334559
A0A174G083	12	12	cluster_12	0.999982065186156
A0A174GF35	5	5	cluster_5	0.9999905319616796
A0A174PEE4	131	131	cluster_131	0.9999835868491694
A0A174U9J5	131	131	cluster_131	0.9999834089001887
A0A174YSQ4	131	131	cluster_131	0.9999835419901121
A0A176RW35	74	74	cluster_74	0.9999535619407393
A0A176YTA3	0	0	cluster_0	0.9999995518450756
A0A177MZK8	0	0	cluster_0	0.999999556163623
A0A177Q209	0	0	cluster_0	0.9999995644858948
A0A178M4R4	5	5	cluster_5	0.9999903974369232
A0A179C6T0	131	131	cluster_131	0.999983664111072
A0A182FT06	181	181	cluster_181	0.9999928280019759
A0A192THX4	74	74	cluster_74	0.9999535007146139
A0A193LJL4	0	0	cluster_0	0.9999995531366729
A0A194QCK1	4	4	cluster_4	0.9999855713624273
A0A194XUH0	181	181	cluster_181	0.9999926836966417
A0A197ZZQ4	0	0	cluster_0	0.9999995682843988
A0A1A0QYA8	74	74	cluster_74	0.9999534569136932
A0A1A2L641	0	0	cluster_0	0.999999572479833
A0A1A3GW59	197	197	cluster_197	0.9999722340043484
A0A1A6AXE0	5	5	cluster_5	0.999990568337686
A0A1A6TMK4	3	3	cluster_3	0.9999498781582067
A0A1A7P9K2	6	6	cluster_6	0.9999800060529914
A0A1A8ZFP0	181	181	cluster_181	0.999992356126187
A0A1A9A7J9	181	181	cluster_181	0.9999922975096127
A0A1A9RHS4	6	6	cluster_6	0.9999801967517504
A0A1B1LR26	77	77	cluster_77	0.9999465942566097
A0A1B1Y7K9	6	6	cluster_6	0.9999801354671325
A0A1B2HGV0	181	181	cluster_181	0.9999923497433506
A0A1B2J064	4	4	cluster_4	0.9999856206788774
A0A1B2LYZ6	22	22	cluster_22	0.9994435700817044
A0A1B3JH68	6	6	cluster_6	0.9999805465570811
A0A1B3MUQ6	182	182	cluster_182	0.9999677816590062
A0A1B4XJ35	74	74	cluster_74	0.9999536920280186
A0A1B4XR51	0	0	cluster_0	0.9999995764879537
A0A1B7JBR3	181	181	cluster_181	0.9999921812468545
A0A1B7VHR6	6	6	cluster_6	0.9999804457512482
A0A1B8QDX4	7	7	cluster_7	0.9999770956336714
A0A1B8UY59	0	0	cluster_0	0.9999995617969324
A0A1B8X306	0	0	cluster_0	0.999999568090608
A0A1B9C076	10	10	cluster_10	0.9999789082239823
A0A1B9DSX8	0	0	cluster_0	0.9999995773773523
A0A1B9E2E2	0	0	cluster_0	0.9999995740833441
A0A1B9EPD5	0	0	cluster_0	0.999999570021669
A0A1B9ESM3	0	0	cluster_0	0.9999995738541825
A0A1B9JSK2	3	3	cluster_3	0.9999729658707445
A0A1B9K1D4	3	3	cluster_3	0.999973287403535
A0A1B9K570	3	3	cluster_3	0.9999728499915741
A0A1B9KS85	3	3	cluster_3	0.9999730054659134
A0A1B9L1J3	3	3	cluster_3	0.9999729328707092
A0A1B9L2V1	3	3	cluster_3	0.9999727412120735
A0A1B9LHQ7	3	3	cluster_3	0.9999725522499344
A0A1B9MY75	6	6	cluster_6	0.999980215005114
A0A1C0YMM9	181	181	cluster_181	0.9999924138385378
A0A1C3JCC1	0	0	cluster_0	0.9999995605256204
A0A1C3NJG3	0	0	cluster_0	0.9999995554552428
A0A1C3RF79	181	181	cluster_181	0.9999922980042917
A0A1C3TKG8	181	181	cluster_181	0.9999922712002919
A0A1C4F3C2	0	0	cluster_0	0.9999995708340953
A0A1C4F401	0	0	cluster_0	0.999999569874368
A0A1C4MX46	197	197	cluster_197	0.9999719506804223
A0A1C5I9Z1	181	181	cluster_181	0.9999922981565984
A0A1C5JD09	5	5	cluster_5	0.9999904771914765
A0A1C5KZ25	127	127	cluster_127	0.9998169765744387
A0A1C5SB18	6	6	cluster_6	0.9999804581069368
A0A1C5XFJ6	5	5	cluster_5	0.9999904434881846
A0A1C6C7J0	4	4	cluster_4	0.9999856975383751
A0A1C6CZP6	5	5	cluster_5	0.9999904897002793
A0A1C6DZ79	6	6	cluster_6	0.9999802454783614
A0A1C6EFW4	131	131	cluster_131	0.9999834025852181
A0A1C6I0S4	17	17	cluster_17	0.9999896630198417
A0A1C6ITB5	4	4	cluster_4	0.999985692951404
A0A1C6RTL5	181	181	cluster_181	0.999992333550834
A0A1C7DGU8	74	74	cluster_74	0.9999531672518511
A0A1C7FHV4	101	101	cluster_101	0.9999749299043581
A0A1C8ZSL6	183	183	cluster_183	0.9999684170138017
A0A1C8ZU78	181	181	cluster_181	0.9999925481123272
A0A1D2RB07	0	0	cluster_0	0.9999995812194715
A0A1D8D1Q4	4	4	cluster_4	0.9999857023594622
A0A1D8ISJ5	0	0	cluster_0	0.9999995733934325
A0A1D8JJT9	0	0	cluster_0	0.9999995774749351
A0A1E1V916	0	0	cluster_0	0.9999995668233139
A0A1E3VIA2	0	0	cluster_0	0.9999995664933637
A0A1E4EFE9	6	6	cluster_6	0.9999801335111382
A0A1E4JDK2	181	181	cluster_181	0.9999923519920618
A0A1E4T9D4	4	4	cluster_4	0.9999858214598336
A0A1E5KWS5	177	177	cluster_177	0.9992619393225303
A0A1E5L422	175	175	cluster_175	0.9999782669168064
A0A1E5LEX7	4	4	cluster_4	0.999985631686087
A0A1E5LG21	175	175	cluster_175	0.999977756299736
A0A1E5TB99	0	0	cluster_0	0.9999995780436299
A0A1E5W4D4	5	5	cluster_5	0.9999906963396322
A0A1E7I4V9	35	35	cluster_35	0.9994494239410682
A0A1E7J2E8	4	4	cluster_4	0.9999857159365345
A0A1E7TTQ6	7	7	cluster_7	0.9999774527489362
A0A1E7WG41	192	192	cluster_192	0.9999822052988222
A0A1E7YKH6	10	10	cluster_10	0.9999790114759077
A0A1E7YNM8	10	10	cluster_10	0.9999795563355475
A0A1E7Z003	2	2	cluster_2	0.9999804076904616
A0A1E9AC89	0	0	cluster_0	0.9999995764344756
A0A1E9M799	4	4	cluster_4	0.9999856260126458
A0A1F0BGK7	164	164	cluster_164	0.999569227404682
A0A1F2HAF5	32	32	cluster_32	0.9999435929941585
A0A1F2P9K0	4	4	cluster_4	0.9999856419732952
A0A1F2PG48	17	17	cluster_17	0.999989994514786
A0A1F2VT02	0	0	cluster_0	0.9999995690301399
A0A1F3W1X1	4	4	cluster_4	0.9999855946964136
A0A1F4ARS0	181	181	cluster_181	0.9999925223906327
A0A1F4AZG2	208	208	cluster_208	0.9999360434326064
A0A1F4F7V3	181	181	cluster_181	0.9999925051263414
A0A1F4LP69	7	7	cluster_7	0.9999774932818667
A0A1F4USJ5	6	6	cluster_6	0.999980859903691
A0A1F5BJ97	0	0	cluster_0	0.9999995726010124
A0A1F5DF56	0	0	cluster_0	0.9999995719215521
A0A1F5GG10	6	6	cluster_6	0.9999803417644381
A0A1F5GUK5	0	0	cluster_0	0.999999580177759
A0A1F5VFX1	196	196	cluster_196	0.9999684324472929
A0A1F6AQR9	4	4	cluster_4	0.9999856401916658
A0A1F6EFM2	196	196	cluster_196	0.9999687393603077
A0A1F6HPL9	0	0	cluster_0	0.9999995785317204
A0A1F6I7N2	4	4	cluster_4	0.9999856743779086
A0A1F6NQT2	196	196	cluster_196	0.9999680691765648
A0A1F6X1A8	196	196	cluster_196	0.9999680810466669
A0A1F7L8I2	0	0	cluster_0	0.9999995683232719
A0A1F7N3F6	181	181	cluster_181	0.9999923730706043
A0A1F7NFX9	4	4	cluster_4	0.9999857796463199
A0A1F8PPZ4	4	4	cluster_4	0.9999857361168489
A0A1F8R8K3	0	0	cluster_0	0.9999995716425251
A0A1F8RU46	181	181	cluster_181	0.9999921040142817
A0A1F8SAD0	0	0	cluster_0	0.9999995671614351
A0A1F8XSD0	0	0	cluster_0	0.9999995751341622
A0A1F8ZV63	4	4	cluster_4	0.9999856462001999
A0A1F9DBZ5	0	0	cluster_0	0.9999995648775771
A0A1F9HA29	0	0	cluster_0	0.9999995740981527
A0A1F9KVV0	4	4	cluster_4	0.9999856479441555
A0A1F9NCF4	181	181	cluster_181	0.9999926961683395
A0A1F9QIW1	4	4	cluster_4	0.9999857534747468
A0A1F9Z010	0	0	cluster_0	0.9999995780286925
A0A1G0BKX2	182	182	cluster_182	0.9999677359709424
A0A1G0CSV7	143	143	cluster_143	0.9993686804285111
A0A1G0I640	17	17	cluster_17	0.9999894742830592
A0A1G0J8E4	192	192	cluster_192	0.999982303210027
A0A1G0KYC2	10	10	cluster_10	0.9999775502388137
A0A1G1C9R6	202	202	cluster_202	0.9999710833150495
A0A1G1JSD3	0	0	cluster_0	0.9999995808144969
A0A1G1WCG5	4	4	cluster_4	0.9999857869487045
A0A1G2BKX2	196	196	cluster_196	0.9999684470846931
A0A1G2DAK2	196	196	cluster_196	0.9999683721735068
A0A1G2DLD5	196	196	cluster_196	0.999968531984795
A0A1G2PV46	196	196	cluster_196	0.9999680837152406
A0A1G2YJ25	0	0	cluster_0	0.9999995656528352
A0A1G2ZG32	181	181	cluster_181	0.9999924194868991
A0A1G2ZLC2	0	0	cluster_0	0.9999995682751023
A0A1G3BNI5	0	0	cluster_0	0.9999995726304963
A0A1G3CF43	0	0	cluster_0	0.9999995816196768
A0A1G3FW94	0	0	cluster_0	0.9999995685428241
A0A1G3R824	0	0	cluster_0	0.9999995667744407
A0A1G3X0Z7	69	69	cluster_69	0.9999606223122681
A0A1G3XAY0	69	69	cluster_69	0.9999605850679283
A0A1G4INP2	181	181	cluster_181	0.9999924744942116
A0A1G4INU5	181	181	cluster_181	0.9999924932048642
A0A1G4IPS1	181	181	cluster_181	0.9999925644486557
A0A1G4IVI2	181	181	cluster_181	0.9999925975090784
A0A1G4K391	181	181	cluster_181	0.9999924993259872
A0A1G4ML12	181	181	cluster_181	0.9999923918322547
A0A1G4XIF4	8	8	cluster_8	0.999975346370477
A0A1G5A2M3	7	7	cluster_7	0.9999774519928871
A0A1G5JRB5	10	10	cluster_10	0.99997837947832
A0A1G5R6P7	182	182	cluster_182	0.999967774110838
A0A1G5RRT3	4	4	cluster_4	0.9999857531401202
A0A1G5UZ44	0	0	cluster_0	0.9999995754779024
A0A1G6AV57	192	192	cluster_192	0.9999822041161199
A0A1G6HJ04	131	131	cluster_131	0.9999834911593869
A0A1G6LWF8	10	10	cluster_10	0.9999789262697141
A0A1G6MQW5	0	0	cluster_0	0.9999995681502558
A0A1G6Q9J4	4	4	cluster_4	0.9999856657498123
A0A1G6RQT7	10	10	cluster_10	0.9999773629630647
A0A1G7MHN5	3	3	cluster_3	0.9999533088114161
A0A1G7MHU2	95	95	cluster_95	0.9999559630118257
A0A1G7PJ31	4	4	cluster_4	0.9999856142256035
A0A1G7QPP8	5	5	cluster_5	0.9999904874947979
A0A1G7QRG2	0	0	cluster_0	0.9999995769620633
A0A1G7V5D0	4	4	cluster_4	0.9999857904263046
A0A1G8SKN3	7	7	cluster_7	0.9999774650899321
A0A1G8WXR9	0	0	cluster_0	0.9999995685707667
A0A1G8YLB1	182	182	cluster_182	0.9999675978010248
A0A1G8ZRR5	0	0	cluster_0	0.999999561213782
A0A1G9FY32	10	10	cluster_10	0.9999782846804249
A0A1G9Q3H8	0	0	cluster_0	0.9999995725867729
A0A1G9QLE4	0	0	cluster_0	0.9999995725755757
A0A1G9TUK6	5	5	cluster_5	0.9999904989482086
A0A1H0C537	0	0	cluster_0	0.9999995637351533
A0A1H0MR88	10	10	cluster_10	0.9999784365024409
A0A1H0YLH4	187	187	cluster_187	0.9999531493030281
A0A1H2DS63	181	181	cluster_181	0.9999922271432958
A0A1H2SHE7	17	17	cluster_17	0.9999899302181652
A0A1H2SSX1	0	0	cluster_0	0.999999566531883
A0A1H2ZJX7	181	181	cluster_181	0.9999922369346631
A0A1H3EXL3	5	5	cluster_5	0.9999905008500323
A0A1H3GMI2	0	0	cluster_0	0.9999995818165605
A0A1H3K265	2	2	cluster_2	0.9999801978701588
A0A1H3MTU6	4	4	cluster_4	0.9999858414423972
A0A1H3YQJ5	4	4	cluster_4	0.9999856130738982
A0A1H4CIZ1	0	0	cluster_0	0.9999995697661822
A0A1H4DRL7	131	131	cluster_131	0.9999836109543424
A0A1H4DSX5	0	0	cluster_0	0.9999995630329641
A0A1H4IPG7	4	4	cluster_4	0.9999857018152126
A0A1H4NVS0	0	0	cluster_0	0.9999995724008272
A0A1H4VPV8	5	5	cluster_5	0.9999904013681914
A0A1H5FI15	181	181	cluster_181	0.9999923142659597
A0A1H5IR94	181	181	cluster_181	0.9999923452700077
A0A1H5VDI7	0	0	cluster_0	0.9999995750251155
A0A1H7CVY6	5	5	cluster_5	0.99999043657129
A0A1H7LTN4	182	182	cluster_182	0.9999676251283436
A0A1H7MRG8	17	17	cluster_17	0.9999900324041712
A0A1H7TH46	4	4	cluster_4	0.9999856555948512
A0A1H7THN1	181	181	cluster_181	0.9999924312503363
A0A1H7WPN9	0	0	cluster_0	0.9999995606405675
A0A1H8GL17	162	162	cluster_162	0.9981702496168888
A0A1H8PNK7	5	5	cluster_5	0.9999903051157448
A0A1H9C708	181	181	cluster_181	0.9999920562371741
A0A1H9L8I5	91	91	cluster_91	0.9992480883474233
A0A1H9L9M4	130	130	cluster_130	0.9983770198040438
A0A1H9TP36	4	4	cluster_4	0.9999856453534289
A0A1I0BRD2	10	10	cluster_10	0.9999771486812263
A0A1I0FXI9	10	10	cluster_10	0.9999788841034968
A0A1I0MB11	0	0	cluster_0	0.9999995660396379
A0A1I0Q234	181	181	cluster_181	0.9999924696795708
A0A1I0WG66	175	175	cluster_175	0.9999780340539619
A0A1I1INV1	192	192	cluster_192	0.999982225310435
A0A1I1KIS0	181	181	cluster_181	0.9999923177603744
A0A1I1P4I8	192	192	cluster_192	0.9999817746362852
A0A1I1RE35	5	5	cluster_5	0.9999902869399554
A0A1I1VK68	181	181	cluster_181	0.9999922601607599
A0A1I2CS77	5	5	cluster_5	0.9999904811988778
A0A1I2JWM9	6	6	cluster_6	0.9999801593631275
A0A1I2KQJ7	17	17	cluster_17	0.999989842083056
A0A1I2MEI7	175	175	cluster_175	0.9999777879148243
A0A1I2NX48	10	10	cluster_10	0.9999784852877527
A0A1I2UAD6	175	175	cluster_175	0.9999785167299413
A0A1I3C4G8	187	187	cluster_187	0.999953114642828
A0A1I3JBG6	0	0	cluster_0	0.9999995769880377
A0A1I3JLQ6	7	7	cluster_7	0.9999771120720656
A0A1I3L5G2	197	197	cluster_197	0.999971932478642
A0A1I3Q8W3	0	0	cluster_0	0.9999995645558064
A0A1I3SB37	101	101	cluster_101	0.9999748083353865
A0A1I3T8U4	202	202	cluster_202	0.9999712047982862
A0A1I3UWZ8	0	0	cluster_0	0.999999566995894
A0A1I3WS07	0	0	cluster_0	0.9999995754139932
A0A1I4GXB2	95	95	cluster_95	0.9999559016151568
A0A1I4RI07	2	2	cluster_2	0.9999803521787519
A0A1I4TND6	2	2	cluster_2	0.9999805786296325
A0A1I4XG85	0	0	cluster_0	0.9999995720519341
A0A1I5E017	5	5	cluster_5	0.9999905267045364
A0A1I5E0D2	0	0	cluster_0	0.9999995696095285
A0A1I5I607	74	74	cluster_74	0.9999524369109399
A0A1I5Q1T5	4	4	cluster_4	0.9999856671017712
A0A1I5V5H5	187	187	cluster_187	0.9999534287725199
A0A1I5X599	0	0	cluster_0	0.9999995563894911
A0A1I5XTZ7	181	181	cluster_181	0.9999923820554891
A0A1I5YPP8	0	0	cluster_0	0.9999995743939685
A0A1I6B824	0	0	cluster_0	0.9999995692730869
A0A1I6GMV4	181	181	cluster_181	0.9999924424660631
A0A1I6GVL3	0	0	cluster_0	0.9999995731586601
A0A1I6QK36	0	0	cluster_0	0.9999995545293897
A0A1I6SRP3	0	0	cluster_0	0.9999995545729775
A0A1I6X577	127	127	cluster_127	0.9998183150855443
A0A1I7JFP2	130	130	cluster_130	0.9983600621617926
A0A1I9YHY1	181	181	cluster_181	0.9999922850266312
A0A1I9YL63	181	181	cluster_181	0.9999924331240596
A0A1J4TT91	4	4	cluster_4	0.9999855994983946
A0A1J4ZNF8	4	4	cluster_4	0.9999856195515043
A0A1J5ARL7	4	4	cluster_4	0.9999856480549603
A0A1J5IAB4	74	74	cluster_74	0.999952727934213
A0A1J5L4E8	0	0	cluster_0	0.9999995752179415
A0A1J5M198	4	4	cluster_4	0.9999857005295412
A0A1J5W0G8	5	5	cluster_5	0.9999902797909167
A0A1K1QM14	4	4	cluster_4	0.9999856545471777
A0A1L0D6L2	181	181	cluster_181	0.999992548105691
A0A1L3F3L4	0	0	cluster_0	0.9999995705153705
A0A1L3J6Y5	5	5	cluster_5	0.9999906242448166
A0A1L6JHZ0	4	4	cluster_4	0.9999857284534739
A0A1L6ZGS2	0	0	cluster_0	0.999999571665542
A0A1L7BDP5	181	181	cluster_181	0.9999924706219894
A0A1L8SNE3	60	60	cluster_60	0.9989437950912816
A0A1L8ZBJ2	0	0	cluster_0	0.9999995739846698
A0A1M3D7Y6	181	181	cluster_181	0.9999922207308339
A0A1M3G903	181	181	cluster_181	0.9999923729552761
A0A1M3HC70	0	0	cluster_0	0.9999995763438335
A0A1M3PTM8	74	74	cluster_74	0.9999528704375752
A0A1M4MMS6	0	0	cluster_0	0.9999995806538822
A0A1M4U465	5	5	cluster_5	0.9999905298682188
A0A1M4XM49	0	0	cluster_0	0.9999995692213065
A0A1M4Z3W3	175	175	cluster_175	0.9999789408697013
A0A1M5F5N8	0	0	cluster_0	0.9999995771143376
A0A1M5FS56	0	0	cluster_0	0.9999995764084777
A0A1M5PI21	5	5	cluster_5	0.9999905043104635
A0A1M5R1U5	0	0	cluster_0	0.9999995659030861
A0A1M5U4W7	175	175	cluster_175	0.9999786371112795
A0A1M5VSQ7	4	4	cluster_4	0.9999857198236252
A0A1M5WDI8	5	5	cluster_5	0.9999902207752667
A0A1M5Y5B8	4	4	cluster_4	0.9999857017701491
A0A1M6AKE2	6	6	cluster_6	0.9999806954477418
A0A1M6AQW1	181	181	cluster_181	0.9999923718390764
A0A1M6I4B2	0	0	cluster_0	0.9999995737231796
A0A1M6JXG0	5	5	cluster_5	0.9999904937421403
A0A1M6ML92	182	182	cluster_182	0.9999673478334287
A0A1M6SW16	0	0	cluster_0	0.9999995694412527
A0A1M6SY72	0	0	cluster_0	0.9999995693776307
A0A1M6UCK5	0	0	cluster_0	0.9999995688218891
A0A1M6UKT5	131	131	cluster_131	0.999983803818129
A0A1M6ZJ53	181	181	cluster_181	0.9999923637647384
A0A1M7BB17	66	66	cluster_66	0.9990535459209651
A0A1M7GJ37	103	103	cluster_103	0.9999693198196589
A0A1M7H633	4	4	cluster_4	0.9999856612846159
A0A1M7SWZ4	0	0	cluster_0	0.9999995602084122
A0A1N7MA92	181	181	cluster_181	0.9999924441289068
A0A1N7PY11	0	0	cluster_0	0.9999995540783265
A0A1N7Q497	175	175	cluster_175	0.9999785384425185
A0A1P8WH29	181	181	cluster_181	0.9999923102169376
A0A1Q2D7N3	187	187	cluster_187	0.9999525055219607
A0A1Q2M990	181	181	cluster_181	0.9999924041780284
A0A1Q3A7L9	181	181	cluster_181	0.99999247737577
A0A1Q3EZI5	181	181	cluster_181	0.9999928032397281
A0A1Q4BS88	2	2	cluster_2	0.9999801743892779
A0A1Q4FXP4	4	4	cluster_4	0.9999856740508662
A0A1Q4GHQ2	0	0	cluster_0	0.9999995686786687
A0A1Q5DXY2	5	5	cluster_5	0.9999905016180252
A0A1Q5EC26	181	181	cluster_181	0.9999924347332368
A0A1Q5FPK3	5	5	cluster_5	0.9999904941040091
A0A1Q5TMZ9	101	101	cluster_101	0.9999740123869449
A0A1Q5TTT4	192	192	cluster_192	0.9999821996559202
A0A1Q6Q0I4	0	0	cluster_0	0.9999995746438903
A0A1Q6TNA4	0	0	cluster_0	0.9999995766311591
A0A1Q7B2D7	0	0	cluster_0	0.999999578022807
A0A1Q7CTU1	0	0	cluster_0	0.9999995706675759
A0A1Q7FUE9	0	0	cluster_0	0.9999995777278359
A0A1Q8BP49	0	0	cluster_0	0.9999995747704286
A0A1Q8EDD3	145	145	cluster_145	0.9999859477700891
A0A1Q8G327	192	192	cluster_192	0.9999823387977449
A0A1Q8IKU1	2	2	cluster_2	0.9999804609074087
A0A1Q8KZT9	0	0	cluster_0	0.9999995620188418
A0A1Q8TW92	0	0	cluster_0	0.9999995798766654
A0A1Q9NAB9	0	0	cluster_0	0.9999995717050454
A0A1Q9P1L7	0	0	cluster_0	0.999999573061666
A0A1R1C5B7	8	8	cluster_8	0.9999760075869734
A0A1R1DGS1	8	8	cluster_8	0.999975665322103
A0A1R2IZ24	4	4	cluster_4	0.9999857058174726
A0A1R3U154	0	0	cluster_0	0.999999568182679
A0A1R4EC97	7	7	cluster_7	0.9999771522633466
A0A1R4H0Z7	10	10	cluster_10	0.9999792402892109
A0A1R4I4T4	192	192	cluster_192	0.9999822188840799
A0A1R4I521	208	208	cluster_208	0.9999389829532837
A0A1R4KMQ4	6	6	cluster_6	0.9999804417194098
A0A1S1LTB0	127	127	cluster_127	0.999819782071662
A0A1S1MVM1	5	5	cluster_5	0.999990475650133
A0A1S1NYL7	0	0	cluster_0	0.9999995554856802
A0A1S2F044	0	0	cluster_0	0.9999995681524425
A0A1S2GX66	4	4	cluster_4	0.999985259086501
A0A1S2LP72	131	131	cluster_131	0.999983874444639
A0A1S2NXE9	181	181	cluster_181	0.9999923835182608
A0A1S3LQQ9	4	4	cluster_4	0.9999854141842162
A0A1S3VNX4	0	0	cluster_0	0.9999995561474802
A0A1S6ILQ2	187	187	cluster_187	0.9999531164575819
A0A1S8MDU3	17	17	cluster_17	0.9999897361813306
A0A1S8RGI6	17	17	cluster_17	0.9999897442655798
A0A1S8RT55	10	10	cluster_10	0.9999810786349591
A0A1S8TUK6	10	10	cluster_10	0.9999782553201392
A0A1S8TVS1	10	10	cluster_10	0.9999785648248537
A0A1S8TXJ1	17	17	cluster_17	0.9999895943311642
A0A1S8Y7Q7	3	3	cluster_3	0.9999634038074955
A0A1T1BHT4	0	0	cluster_0	0.9999995691088162
A0A1T2X8Y5	4	4	cluster_4	0.9999857343834373
A0A1T4LBJ0	0	0	cluster_0	0.9999995746651894
A0A1T4M1X5	4	4	cluster_4	0.9999856684751814
A0A1T4MHW6	127	127	cluster_127	0.9998233091246158
A0A1T4UJR3	101	101	cluster_101	0.9999747543933558
A0A1T5MNG6	10	10	cluster_10	0.9999805350011781
A0A1U0TF54	127	127	cluster_127	0.999818833793616
A0A1U7FPN9	0	0	cluster_0	0.999999585869145
A0A1U7S3Y4	181	181	cluster_181	0.9999926894381751
A0A1U7Z6H3	0	0	cluster_0	0.9999995697018118
A0A1U8B2F9	5	5	cluster_5	0.9999906423352315
A0A1U9MCA1	0	0	cluster_0	0.9999995534217867
A0A1U9MGS0	181	181	cluster_181	0.9999922845374549
A0A1U9NBV7	192	192	cluster_192	0.9999823567668602
A0A1V0B6A5	72	72	cluster_72	0.9999479073369631
A0A1V0B6D0	107	107	cluster_107	0.9991094244493617
A0A1V0B8Y1	0	0	cluster_0	0.9999995552516359
A0A1V0RMF0	0	0	cluster_0	0.9999995560001043
A0A1V2DQJ6	72	72	cluster_72	0.9999497640172457
A0A1V3J7M0	6	6	cluster_6	0.9999800159347724
A0A1V3L0J1	6	6	cluster_6	0.9999800422001369
A0A1V4A9M4	197	197	cluster_197	0.9999720105977142
A0A1V4B133	5	5	cluster_5	0.9999902988689461
A0A1V4EV71	4	4	cluster_4	0.9999857898928914
A0A1V4ZJ08	0	0	cluster_0	0.9999995648044966
A0A1V4ZP38	6	6	cluster_6	0.9999809152788777
A0A1V5CZ70	6	6	cluster_6	0.9999809101388187
A0A1V5HPT2	8	8	cluster_8	0.9999753234934209
A0A1V5KB67	17	17	cluster_17	0.999989798515111
A0A1V5N5Q3	0	0	cluster_0	0.999999569181657
A0A1V5PPR0	181	181	cluster_181	0.9999921017751071
A0A1V5U6S6	10	10	cluster_10	0.9999790002650719
A0A1V5UQ03	0	0	cluster_0	0.9999995738616363
A0A1V6I629	6	6	cluster_6	0.999980172814237
A0A1V6M2U5	181	181	cluster_181	0.9999922323790702
A0A1V6S7A5	4	4	cluster_4	0.9999857627457349
A0A1V8NS37	126	126	cluster_126	0.9995167445783542
A0A1V8X676	187	187	cluster_187	0.9999526893149138
A0A1W1VH94	5	5	cluster_5	0.9999904951178576
A0A1W1WEU1	6	6	cluster_6	0.9999808050357488
A0A1W1WNP6	10	10	cluster_10	0.9999794915034679
A0A1W1YNX3	0	0	cluster_0	0.99999957001458
A0A1W2BRI2	5	5	cluster_5	0.9999904847482015
A0A1W2D969	74	74	cluster_74	0.9999526292044975
A0A1W6AHY6	8	8	cluster_8	0.9999753107809208
A0A1W6CLP6	5	5	cluster_5	0.9999904465431784
A0A1W6CTW9	74	74	cluster_74	0.9999527332263118
A0A1W6K186	183	183	cluster_183	0.9999677617623197
A0A1W6K1S7	10	10	cluster_10	0.9999777860961744
A0A1W6MHU4	5	5	cluster_5	0.9999904376664364
A0A1W6MPH5	0	0	cluster_0	0.9999995739682649
A0A1W6N218	196	196	cluster_196	0.9999678302018307
A0A1W6WHP2	8	8	cluster_8	0.9999751004499856
A0A1W6ZQ17	181	181	cluster_181	0.999992368154348
A0A1W9HZY9	0	0	cluster_0	0.9999995648669343
A0A1W9KPZ5	2	2	cluster_2	0.9999802603648488
A0A1W9MC48	0	0	cluster_0	0.9999995695292737
A0A1W9PEH3	181	181	cluster_181	0.9999924486565047
A0A1X0IUT7	127	127	cluster_127	0.9998207702269784
A0A1X1B873	4	4	cluster_4	0.9999856783155084
A0A1X1H6B1	0	0	cluster_0	0.9999995719731072
A0A1X1HY39	32	32	cluster_32	0.9999436411299305
A0A1X1J1V9	4	4	cluster_4	0.9999856640534233
A0A1X1XLM2	74	74	cluster_74	0.99995302054024
A0A1X2L9R5	0	0	cluster_0	0.9999995670770059
A0A1X3DHA7	11	11	cluster_11	0.9991802969683419
A0A1X6WLV6	187	187	cluster_187	0.9999521778350725
A0A1X7HJW3	0	0	cluster_0	0.999999565970998
A0A1X7K6W3	175	175	cluster_175	0.9999781087155379
A0A1X7M7A3	2	2	cluster_2	0.9999801598574494
A0A1X7M8H1	123	123	cluster_123	0.9999397693169743
A0A1X7R423	181	181	cluster_181	0.9999924700764531
A0A1X9M5R3	17	17	cluster_17	0.9999897120948208
A0A1Y0BX23	74	74	cluster_74	0.999953424928428
A0A1Y2FME0	181	181	cluster_181	0.999992628025192
A0A1Y3CMF3	182	182	cluster_182	0.9999684475364417
A0A1Y3PMH4	175	175	cluster_175	0.999978193098426
A0A1Y3VTL1	182	182	cluster_182	0.9999668730100112
A0A1Y3YDN6	131	131	cluster_131	0.9999836403172956
A0A1Y4AQM8	6	6	cluster_6	0.9999803787957374
A0A1Y4CGH8	0	0	cluster_0	0.9999995729009806
A0A1Y4CHA4	181	181	cluster_181	0.9999923054168902
A0A1Y4EL13	181	181	cluster_181	0.999992648011109
A0A1Y4QHK9	5	5	cluster_5	0.9999904961706619
A0A1Y4QT93	12	12	cluster_12	0.999981817493506
A0A1Y4REQ5	5	5	cluster_5	0.9999904610511333
A0A1Y4UIP6	21	21	cluster_21	0.9995304977517482
A0A1Y5TLU8	0	0	cluster_0	0.9999995710007603
A0A1Y6CX56	10	10	cluster_10	0.9999792525092853
A0A1Y6JR09	0	0	cluster_0	0.9999995652759837
A0A1Z1SSS3	192	192	cluster_192	0.9999823113269136
A0A1Z1WNE8	197	197	cluster_197	0.9999719660303809
A0A1Z3MM24	208	208	cluster_208	0.9999361449739107
A0A1Z3N374	77	77	cluster_77	0.9999429721214079
A0A1Z4KT24	6	6	cluster_6	0.9999803294196972
A0A1Z4UY07	6	6	cluster_6	0.9999804491171713
A0A1Z4V321	6	6	cluster_6	0.9999805368878485
A0A1Z5J072	181	181	cluster_181	0.9999921252779755
A0A1Z8KS14	74	74	cluster_74	0.9999524681112264
A0A1Z8NHF7	0	0	cluster_0	0.9999995699655051
A0A1Z8Q4M4	4	4	cluster_4	0.9999857568130537
A0A1Z8WVY5	4	4	cluster_4	0.9999858291847926
A0A1Z9DSL2	74	74	cluster_74	0.9999524814759857
A0A1Z9PQT9	197	197	cluster_197	0.9999719526622912
A0A200IH09	0	0	cluster_0	0.9999995693982406
A0A202FD55	0	0	cluster_0	0.9999995722132413
A0A202FDH6	4	4	cluster_4	0.9999857501857189
A0A202FFP0	0	0	cluster_0	0.9999995642591379
A0A212ISN0	2	2	cluster_2	0.9999802349350502
A0A212K2G6	4	4	cluster_4	0.999985686762052
A0A212QKM8	0	0	cluster_0	0.9999995550157053
A0A212QQE2	0	0	cluster_0	0.9999995727341799
A0A218MAT1	150	150	cluster_150	0.9993009757774496
A0A223KWZ6	4	4	cluster_4	0.9999856394663824
A0A226QL20	175	175	cluster_175	0.99997777473938
A0A228JAQ3	2	2	cluster_2	0.9999803717046596
A0A229UPI0	181	181	cluster_181	0.9999923053680503
A0A231IL21	18	18	cluster_18	0.9989397059101258
A0A231VCK6	181	181	cluster_181	0.9999923246854332
A0A235B546	175	175	cluster_175	0.999978323639185
A0A235HT16	6	6	cluster_6	0.9999803689730624
A0A238JNU6	0	0	cluster_0	0.9999995548965281
A0A239C0B9	74	74	cluster_74	0.9999543297377569
A0A239HH27	5	5	cluster_5	0.9999904995641196
A0A239LYW3	181	181	cluster_181	0.9999922986901856
A0A239N0J7	48	48	cluster_48	0.9995826643953507
A0A239RAF9	164	164	cluster_164	0.9995855392812087
A0A242A951	0	0	cluster_0	0.9999995752641743
A0A242DAN4	187	187	cluster_187	0.9999531473960868
A0A242NU13	3	3	cluster_3	0.9999732148497052
A0A242PCX4	3	3	cluster_3	0.9999729306589743
A0A246IS24	7	7	cluster_7	0.9999772491207289
A0A246J547	4	4	cluster_4	0.9999856825208864
A0A250B1N9	6	6	cluster_6	0.9999807481007957
A0A251X6R3	10	10	cluster_10	0.999978702071868
A0A252B2Y5	0	0	cluster_0	0.9999995534240427
A0A252E6L3	6	6	cluster_6	0.9999804294984922
A0A254N980	5	5	cluster_5	0.9999904476446433
A0A254SQP9	131	131	cluster_131	0.999983717776216
A0A254STI5	131	131	cluster_131	0.999983486539667
A0A255XNW7	0	0	cluster_0	0.9999995693726698
A0A256CBL9	6	6	cluster_6	0.9999799718163808
A0A256CUD3	6	6	cluster_6	0.9999799040508769
A0A256XGS3	183	183	cluster_183	0.999966823532554
A0A256Z414	183	183	cluster_183	0.999967144575919
A0A256ZHR2	181	181	cluster_181	0.9999923083458448
A0A256ZSR7	0	0	cluster_0	0.9999995563836707
A0A257NHQ1	4	4	cluster_4	0.999985575531713
A0A258HTF9	0	0	cluster_0	0.9999995681699179
A0A258K8D2	0	0	cluster_0	0.9999995713908411
A0A259KT61	74	74	cluster_74	0.9999525879868689
A0A259KUG4	89	89	cluster_89	0.9999469694813664
A0A259S0K0	10	10	cluster_10	0.9999784799671163
A0A260BLQ3	5	5	cluster_5	0.9999903482206978
A0A260S5G1	127	127	cluster_127	0.9998194586556518
A0A261GGX9	0	0	cluster_0	0.9999995668173896
A0A261UKS7	2	2	cluster_2	0.9999803515926565
A0A261VBK0	2	2	cluster_2	0.9999803873243786
A0A265B851	78	78	cluster_78	0.9992242753046191
A0A265Q3I6	181	181	cluster_181	0.9999923392121588
A0A267MHJ1	10	10	cluster_10	0.9999793006685332
A0A267T4X9	8	8	cluster_8	0.9999745754544932
A0A268EWY5	0	0	cluster_0	0.9999995686839127
A0A269PHS7	208	208	cluster_208	0.9999356596479527
A0A271M736	175	175	cluster_175	0.999977692098078
A0A285B057	208	208	cluster_208	0.9999364552442612
A0A285BWU2	3	3	cluster_3	0.999946784552221
A0A285HZ86	181	181	cluster_181	0.9999922539022403
A0A285KPX0	0	0	cluster_0	0.9999995675823363
A0A285MW28	4	4	cluster_4	0.9999856938884918
A0A285NXY6	0	0	cluster_0	0.9999995803453092
A0A285UZM7	2	2	cluster_2	0.9999801879423577
A0A285Z185	0	0	cluster_0	0.9999995735700149
A0A286C305	4	4	cluster_4	0.9999857893147734
A0A286NCJ3	123	123	cluster_123	0.9999401896143275
A0A286REB3	5	5	cluster_5	0.9999905951841545
A0A290S6E1	182	182	cluster_182	0.9999674978665697
A0A290WR51	4	4	cluster_4	0.9999856611048963
A0A2A2CGD2	12	12	cluster_12	0.9999818890507938
A0A2A2F509	192	192	cluster_192	0.9999825625776355
A0A2A2IGD2	17	17	cluster_17	0.9999899119559332
A0A2A2RAP4	0	0	cluster_0	0.9999995614044282
A0A2A2SIC8	103	103	cluster_103	0.9999692305422814
A0A2A2TLY5	12	12	cluster_12	0.9999819540605651
A0A2A3HEN0	131	131	cluster_131	0.9999834173253107
A0A2A4IS08	175	175	cluster_175	0.9999771261442101
A0A2A4SGW7	4	4	cluster_4	0.9999854329642168
A0A2A4V845	12	12	cluster_12	0.9999820735237694
A0A2A4VJI7	0	0	cluster_0	0.999999570396501
A0A2A4Y1J4	0	0	cluster_0	0.9999995736537021
A0A2A5F7P9	74	74	cluster_74	0.9999529542620927
A0A2A5GME0	4	4	cluster_4	0.9999857583850776
A0A2A5HWB0	192	192	cluster_192	0.9999818800927204
A0A2A5IL80	181	181	cluster_181	0.9999923241516124
A0A2A5MBJ2	77	77	cluster_77	0.9999468450113879
A0A2A5SJY8	5	5	cluster_5	0.9999905209018778
A0A2A8PQG1	0	0	cluster_0	0.9999995796814439
A0A2A9KER2	192	192	cluster_192	0.9999820041114889
A0A2B7YIP4	5	5	cluster_5	0.9999905582721326
A0A2C1YS31	74	74	cluster_74	0.9999528921505533
A0A2C6MEB7	202	202	cluster_202	0.9999712345886852
A0A2C9XRN6	187	187	cluster_187	0.9999532594381523
A0A2D0JYJ6	8	8	cluster_8	0.9999745749798824
A0A2D0KQ84	192	192	cluster_192	0.9999823490437502
A0A2D0TCG3	143	143	cluster_143	0.9993789192696638
A0A2D3NA01	0	0	cluster_0	0.9999995733269478
A0A2D4IHF8	181	181	cluster_181	0.9999928114856989
A0A2D4YEQ9	5	5	cluster_5	0.999990383293701
A0A2D5GV95	197	197	cluster_197	0.9999722207325126
A0A2D5PDF3	101	101	cluster_101	0.9999749797505149
A0A2D5UF79	0	0	cluster_0	0.9999995873777632
A0A2D6A0H5	0	0	cluster_0	0.9999995627711218
A0A2D6L7C9	196	196	cluster_196	0.9999680368822589
A0A2D6RPE3	2	2	cluster_2	0.9999801906330752
A0A2D6XED8	197	197	cluster_197	0.9999714817266859
A0A2D7FMW5	0	0	cluster_0	0.9999995652715903
A0A2D7LA31	0	0	cluster_0	0.9999995747563716
A0A2D7VY46	197	197	cluster_197	0.999971831471262
A0A2D8X1J3	181	181	cluster_181	0.9999922466692761
A0A2D8YCW9	2	2	cluster_2	0.9999804681769991
A0A2D9CD79	197	197	cluster_197	0.999972063308828
A0A2D9FYK5	0	0	cluster_0	0.9999995718493785
A0A2D9NEE6	4	4	cluster_4	0.9999855967201555
A0A2D9NLD2	4	4	cluster_4	0.9999857840229919
A0A2E0EJH7	4	4	cluster_4	0.9999856835065031
A0A2E0QV49	181	181	cluster_181	0.9999922903591613
A0A2E0S6S3	197	197	cluster_197	0.9999720550124622
A0A2E0UTH9	0	0	cluster_0	0.9999995714132622
A0A2E0WPV3	181	181	cluster_181	0.9999924231857027
A0A2E1MFC3	0	0	cluster_0	0.9999995715655438
A0A2E2ARG5	0	0	cluster_0	0.9999995685113962
A0A2E2TH90	6	6	cluster_6	0.999980797396893
A0A2E3ATU2	0	0	cluster_0	0.9999995659190982
A0A2E3FA80	103	103	cluster_103	0.9999696400118765
A0A2E3QAV7	74	74	cluster_74	0.9999529816802138
A0A2E3RHC0	4	4	cluster_4	0.999985716813385
A0A2E4ECJ4	196	196	cluster_196	0.9999683582387268
A0A2E4HC86	0	0	cluster_0	0.9999995702901977
A0A2E4R5B3	2	2	cluster_2	0.9999805341920466
A0A2E4W6S8	196	196	cluster_196	0.999968632226505
A0A2E5G198	101	101	cluster_101	0.9999740630929849
A0A2E6NIA8	6	6	cluster_6	0.9999800846781172
A0A2E6RCL9	4	4	cluster_4	0.999985602147022
A0A2E6RJG0	4	4	cluster_4	0.999985789919367
A0A2E6V9J1	4	4	cluster_4	0.9999856342605463
A0A2E7C120	6	6	cluster_6	0.9999800163474486
A0A2E7NHH5	107	107	cluster_107	0.9991119489030243
A0A2E8DPZ3	0	0	cluster_0	0.9999995682914037
A0A2E8FJA5	4	4	cluster_4	0.9999857677651848
A0A2E8I6S1	181	181	cluster_181	0.9999922383022738
A0A2E8SQE9	0	0	cluster_0	0.9999995709299563
A0A2E9GUL1	0	0	cluster_0	0.9999995676005193
A0A2E9PM81	208	208	cluster_208	0.9999373975755828
A0A2E9VNP9	0	0	cluster_0	0.9999995688261322
A0A2F0PKE0	2	2	cluster_2	0.9999801685340249
A0A2G1YCB1	0	0	cluster_0	0.999999575328675
A0A2G2PYR1	0	0	cluster_0	0.9999995766356335
A0A2G3NNQ6	164	164	cluster_164	0.9995823058433275
A0A2G4G253	4	4	cluster_4	0.9999858003522301
A0A2G6B5U0	0	0	cluster_0	0.9999995683505345
A0A2G6HXB9	0	0	cluster_0	0.9999995451324626
A0A2G6KSS3	10	10	cluster_10	0.9999799474268477
A0A2G6PAZ4	0	0	cluster_0	0.9999995731870036
A0A2G6R9Y4	0	0	cluster_0	0.9999995711075219
A0A2G7LY47	162	162	cluster_162	0.9981437287160536
A0A2G8ED98	0	0	cluster_0	0.9999995707379232
A0A2G8IWB5	0	0	cluster_0	0.9999995738316594
A0A2G8TKU2	192	192	cluster_192	0.999982334182633
A0A2H0MH21	0	0	cluster_0	0.999999570677744
A0A2H1A4K1	181	181	cluster_181	0.9999925958808843
A0A2H3NJW0	0	0	cluster_0	0.9999995660083596
A0A2H4SUW1	4	4	cluster_4	0.9999858104268123
A0A2H6JVR1	74	74	cluster_74	0.999953957954564
A0A2H9LHW0	4	4	cluster_4	0.9999856073404829
A0A2H9R844	6	6	cluster_6	0.9999805043319147
A0A2I0CTK9	72	72	cluster_72	0.9999499927943062
A0A2I0N238	0	0	cluster_0	0.9999995687459419
A0A2I0P6N6	0	0	cluster_0	0.9999995808369052
A0A2I0PFE9	0	0	cluster_0	0.9999995679961288
A0A2I1YIM9	145	145	cluster_145	0.9999858302478921
A0A2J2H904	0	0	cluster_0	0.9999995740766385
A0A2J4YC37	77	77	cluster_77	0.9999470926024442
A0A2J6XI66	10	10	cluster_10	0.9999797921123229
A0A2J6XUB7	175	175	cluster_175	0.9999781921744887
A0A2J9EBG2	2	2	cluster_2	0.9999799347369065
A0A2K0XN27	6	6	cluster_6	0.9999802731940471
A0A2K1NA12	0	0	cluster_0	0.9999995701051921
A0A2K1NXU4	0	0	cluster_0	0.999999571809235
A0A2K4FBN1	4	4	cluster_4	0.9999857207912681
A0A2K4X7W8	4	4	cluster_4	0.9999856948678946
A0A2K8KP06	4	4	cluster_4	0.9999857311815138
A0A2K8U9A4	10	10	cluster_10	0.9999787529302233
A0A2K8XG76	0	0	cluster_0	0.9999995735039384
A0A2K9A9G9	69	69	cluster_69	0.9999604376303071
A0A2K9AKL0	69	69	cluster_69	0.9999611771110364
A0A2L1KKU0	12	12	cluster_12	0.9999811165394985
A0A2L2L8H5	17	17	cluster_17	0.9999898951428043
A0A2M7I920	192	192	cluster_192	0.9999821465390822
A0A2M7L7G7	74	74	cluster_74	0.9999536104642878
A0A2M7MXE9	10	10	cluster_10	0.9999787908805259
A0A2M7QWV1	4	4	cluster_4	0.9999856360394468
A0A2M7W8F3	10	10	cluster_10	0.9999790103195675
A0A2M7XU08	4	4	cluster_4	0.9999856644378932
A0A2M8DQ32	196	196	cluster_196	0.9999689253913044
A0A2M8IUC2	0	0	cluster_0	0.9999995790477803
A0A2M8NDD4	6	6	cluster_6	0.9999802675188014
A0A2M8P0C8	181	181	cluster_181	0.999992212873119
A0A2M9CHV0	4	4	cluster_4	0.9999857199713952
A0A2M9G8P7	0	0	cluster_0	0.9999995669976746
A0A2M9W5Q6	181	181	cluster_181	0.9999923627911961
A0A2M9WD73	2	2	cluster_2	0.9999805785099831
A0A2N0MIG9	0	0	cluster_0	0.9999995756500291
A0A2N0TIU2	192	192	cluster_192	0.9999816597223256
A0A2N0ZUH1	7	7	cluster_7	0.9999771193631996
A0A2N1ANJ5	3	3	cluster_3	0.9999665209006441
A0A2N1D2K8	0	0	cluster_0	0.9999995673277533
A0A2N1F7E7	6	6	cluster_6	0.9999802331114777
A0A2N1QA23	69	69	cluster_69	0.9999599347883545
A0A2N1QC67	69	69	cluster_69	0.9999610626851204
A0A2N2FHN1	35	35	cluster_35	0.999473213453064
A0A2N2GHZ1	4	4	cluster_4	0.9999856637423924
A0A2N2KA53	4	4	cluster_4	0.9999855916209082
A0A2N3A0D8	4	4	cluster_4	0.9999855266542922
A0A2N3C204	6	6	cluster_6	0.9999805391297365
A0A2N3C5G9	4	4	cluster_4	0.999985817409852
A0A2N3IHP0	6	6	cluster_6	0.9999802251534908
A0A2N3KYR1	0	0	cluster_0	0.9999995724768311
A0A2N3L043	5	5	cluster_5	0.9999904202890981
A0A2N3T8R6	2	2	cluster_2	0.9999803662357698
A0A2N3W4F9	181	181	cluster_181	0.9999923519970303
A0A2N4UJB0	74	74	cluster_74	0.9999533553637604
A0A2N5DTW1	101	101	cluster_101	0.9999746427244472
A0A2N5DUJ8	0	0	cluster_0	0.9999995556533066
A0A2N5IBP4	196	196	cluster_196	0.9999687139388643
A0A2N5KH08	0	0	cluster_0	0.9999995852553912
A0A2N5MHH9	0	0	cluster_0	0.9999995771503839
A0A2N5N3I1	0	0	cluster_0	0.9999995776968233
A0A2N5PGS8	12	12	cluster_12	0.9999818809535397
A0A2N5WBP8	131	131	cluster_131	0.9999837471777178
A0A2N5X4W8	181	181	cluster_181	0.9999924017591729
A0A2N6AXN8	4	4	cluster_4	0.9999857469872053
A0A2N6C7S4	4	4	cluster_4	0.9999857750461226
A0A2N6CBB2	4	4	cluster_4	0.9999856803480985
A0A2N6KAY5	6	6	cluster_6	0.9999804281609451
A0A2N6MG60	6	6	cluster_6	0.9999803159552837
A0A2N6SND1	187	187	cluster_187	0.999953746761851
A0A2N8LXQ4	4	4	cluster_4	0.9999856818647977
A0A2N8NLZ3	197	197	cluster_197	0.9999720376879966
A0A2N9NKX9	0	0	cluster_0	0.9999995719530865
A0A2N9XW27	6	6	cluster_6	0.9999801080028223
A0A2P1BNS7	208	208	cluster_208	0.9999351050938199
A0A2P1PTR8	10	10	cluster_10	0.9999793388169175
A0A2P2FXC5	0	0	cluster_0	0.9999995604708987
A0A2P5K0D7	4	4	cluster_4	0.9999857727082448
A0A2P5Z4K2	4	4	cluster_4	0.9999858294213658
A0A2P6WK10	181	181	cluster_181	0.9999922589667616
A0A2P8G7D0	181	181	cluster_181	0.9999922327834233
A0A2P8H2F2	0	0	cluster_0	0.9999995770817948
A0A2P8L6H3	2	2	cluster_2	0.9999798841448763
A0A2P9EHU6	6	6	cluster_6	0.9999806498524729
A0A2P9EXT2	181	181	cluster_181	0.9999923792130399
A0A2R3Z6A3	0	0	cluster_0	0.9999995764641034
A0A2R4WXQ9	4	4	cluster_4	0.9999858417949157
A0A2R5FIA8	6	6	cluster_6	0.9999803345901146
A0A2R5HFY5	0	0	cluster_0	0.9999995707087701
A0A2R6ANL1	0	0	cluster_0	0.9999995705922836
A0A2R6B8C5	0	0	cluster_0	0.9999995698982007
A0A2R6BEL5	0	0	cluster_0	0.9999995736735713
A0A2R6Y0Z1	0	0	cluster_0	0.9999995724427037
A0A2R7T697	181	181	cluster_181	0.9999924413586675
A0A2R7Y0F0	10	10	cluster_10	0.9999799073636182
A0A2R7Y8A2	183	183	cluster_183	0.9999671997836997
A0A2S0K655	8	8	cluster_8	0.9999755753270683
A0A2S0LJ63	0	0	cluster_0	0.9999995738277219
A0A2S1KQG5	4	4	cluster_4	0.9999857168625338
A0A2S1XUA3	0	0	cluster_0	0.9999995699785624
A0A2S4HC21	89	89	cluster_89	0.9999471155253032
A0A2S4RR71	123	123	cluster_123	0.9999411954356778
A0A2S4RU68	0	0	cluster_0	0.9999995657584502
A0A2S5JH03	0	0	cluster_0	0.9999995660885066
A0A2S5K6A7	101	101	cluster_101	0.9999740483741433
A0A2S5L9T3	196	196	cluster_196	0.9999678114715895
A0A2S5LA01	192	192	cluster_192	0.9999821388055969
A0A2S5R234	14	14	cluster_14	0.9999865166617626
A0A2S5RI11	4	4	cluster_4	0.9999856083067292
A0A2S5Z507	2	2	cluster_2	0.9999802157405315
A0A2S5Z619	192	192	cluster_192	0.9999824528881491
A0A2S6AMN0	181	181	cluster_181	0.9999923644648878
A0A2S6SZB5	4	4	cluster_4	0.9999856567123248
A0A2S6TTH7	74	74	cluster_74	0.9999523060867612
A0A2S6V7Z2	12	12	cluster_12	0.9999822309648089
A0A2S6ZNM3	2	2	cluster_2	0.9999786766019332
A0A2S7EQT6	2	2	cluster_2	0.9999803901008084
A0A2S7K001	2	2	cluster_2	0.9999798667197746
A0A2S7YZN3	6	6	cluster_6	0.9999805667441486
A0A2S8F7P6	0	0	cluster_0	0.9999995658802124
A0A2S8F942	181	181	cluster_181	0.9999923837718605
A0A2S8HD38	4	4	cluster_4	0.9999857561403002
A0A2S8PXG1	192	192	cluster_192	0.9999821252076749
A0A2S8RGI8	2	2	cluster_2	0.9999802416209231
A0A2S8ZPF1	181	181	cluster_181	0.9999923890082747
A0A2S9IC01	6	6	cluster_6	0.9999806258454026
A0A2S9KF84	182	182	cluster_182	0.9999676611756125
A0A2S9Q9B3	0	0	cluster_0	0.9999995563057343
A0A2S9WZ83	2	2	cluster_2	0.9999803771223201
A0A2S9YTQ5	0	0	cluster_0	0.9999995683742606
A0A2S9YVE6	181	181	cluster_181	0.9999922751279796
A0A2T0B8Y6	175	175	cluster_175	0.999977331034628
A0A2T1BWK0	181	181	cluster_181	0.9999922058479326
A0A2T1DL56	6	6	cluster_6	0.9999805694754544
A0A2T1F931	12	12	cluster_12	0.9999822403066381
A0A2T1LY07	6	6	cluster_6	0.9999804858266356
A0A2T2XCT7	0	0	cluster_0	0.9999995777943087
A0A2T3NCW5	6	6	cluster_6	0.9999805992231708
A0A2T3W4Z4	5	5	cluster_5	0.9999904086006374
A0A2T4TQH1	6	6	cluster_6	0.9999803350641996
A0A2T4WYH6	4	4	cluster_4	0.999985678497783
A0A2T4X5F5	4	4	cluster_4	0.9999858311505678
A0A2T4XKB3	0	0	cluster_0	0.9999995666919391
A0A2T5D9Z6	187	187	cluster_187	0.9999551257997432
A0A2T5H7I5	4	4	cluster_4	0.9999857077349796
A0A2T5HVJ6	0	0	cluster_0	0.999999574778209
A0A2T5I7H1	2	2	cluster_2	0.9999802123363005
A0A2T5LD34	5	5	cluster_5	0.9999904030281328
A0A2T5LIX4	181	181	cluster_181	0.9999922237625398
A0A2T5PGF0	140	140	cluster_140	0.999046837279907
A0A2T5PGF7	72	72	cluster_72	0.9999489353100696
A0A2T5PGG2	66	66	cluster_66	0.9990507678436679
A0A2T7BA66	5	5	cluster_5	0.9999903507661931
A0A2T7BME0	4	4	cluster_4	0.9999857543686835
A0A2T7NVD6	5	5	cluster_5	0.999990570298939
A0A2T7WJB9	4	4	cluster_4	0.9999856219203398
A0A2T9Y7T6	5	5	cluster_5	0.9999904544475582
A0A2T9YKX1	5	5	cluster_5	0.9999904148334806
A0A2U0HXG2	0	0	cluster_0	0.9999995768043654
A0A2U0SJ71	0	0	cluster_0	0.9999995709352507
A0A2U1CRJ0	196	196	cluster_196	0.9999676108526028
A0A2U1JJX4	6	6	cluster_6	0.9999800415208228
A0A2U1TVJ0	192	192	cluster_192	0.9999822554968627
A0A2U1W0N4	74	74	cluster_74	0.9999525754609874
A0A2U1YUR8	181	181	cluster_181	0.9999920495941366
A0A2U2DH58	4	4	cluster_4	0.9999856951409183
A0A2U3ANT6	0	0	cluster_0	0.9999995721868574
A0A2U3ETA1	2	2	cluster_2	0.9999800824130545
A0A2U3LGT4	88	88	cluster_88	0.999973415918465
A0A2U8QQT7	0	0	cluster_0	0.9999995779500619
A0A2U8WDQ2	0	0	cluster_0	0.9999995684260865
A0A2U9IE31	183	183	cluster_183	0.9999678607717094
A0A2U9IN50	183	183	cluster_183	0.9999677233695267
A0A2V2BF52	2	2	cluster_2	0.9999804393078977
A0A2V2DS63	0	0	cluster_0	0.9999995704504687
A0A2V2FET8	5	5	cluster_5	0.9999904787281004
A0A2V2YR54	0	0	cluster_0	0.9999995768120417
A0A2V4DVB8	208	208	cluster_208	0.9999343666222726
A0A2V7AKU3	0	0	cluster_0	0.9999995582192793
A0A2V7F776	0	0	cluster_0	0.9999995565109439
A0A2V7JWM6	4	4	cluster_4	0.999985778459582
A0A2V7W8N2	0	0	cluster_0	0.9999995704935378
A0A2V7YKH4	0	0	cluster_0	0.9999995697792562
A0A2V7YZV7	181	181	cluster_181	0.9999923969722289
A0A2V9CTH9	0	0	cluster_0	0.9999995681235265
A0A2V9KRZ2	197	197	cluster_197	0.9999719400914351
A0A2V9M685	0	0	cluster_0	0.9999995541514024
A0A2V9RLI2	0	0	cluster_0	0.999999571846366
A0A2V9V941	0	0	cluster_0	0.9999995742876355
A0A2W1BLD8	181	181	cluster_181	0.9999927510152349
A0A2W2C8V7	181	181	cluster_181	0.9999922771380764
A0A2W2D088	5	5	cluster_5	0.9999904841635054
A0A2W2G2L3	0	0	cluster_0	0.9999995620275737
A0A2W2GTV2	0	0	cluster_0	0.9999995664023381
A0A2W4JXJ7	4	4	cluster_4	0.999985665910882
A0A2W4MJC3	4	4	cluster_4	0.999985736227712
A0A2W4VYX1	4	4	cluster_4	0.9999857166754075
A0A2W5ET01	6	6	cluster_6	0.9999801414277913
A0A2W5MYG1	103	103	cluster_103	0.9999697730709103
A0A2W5QIV7	2	2	cluster_2	0.9999805379440714
A0A2W5SDV2	0	0	cluster_0	0.9999995733442828
A0A2W6NND4	162	162	cluster_162	0.9981612040174296
A0A2W6S3T4	103	103	cluster_103	0.9999692503654148
A0A2W6XFE6	0	0	cluster_0	0.9999995706412681
A0A2W6XV23	14	14	cluster_14	0.9999867229238123
A0A2W6Z970	74	74	cluster_74	0.9999528946374322
A0A2X2E8H9	6	6	cluster_6	0.999980483035245
A0A2X2K130	0	0	cluster_0	0.999999573087861
A0A2X2Y8B4	131	131	cluster_131	0.9999836350218383
A0A2X3IQI3	17	17	cluster_17	0.9999897115128636
A0A2X3UEI2	187	187	cluster_187	0.9999515053564765
A0A2X3WLC2	32	32	cluster_32	0.9999401509123651
A0A2X3Y0U1	4	4	cluster_4	0.9999857934693068
A0A2Y8ZQ22	127	127	cluster_127	0.9998178449574187
A0A2Z2N0L6	0	0	cluster_0	0.9999995667479814
A0A2Z2NLX2	192	192	cluster_192	0.9999818171871617
A0A2Z3GX68	0	0	cluster_0	0.9999995604939189
A0A2Z3H8I5	6	6	cluster_6	0.999980583546958
A0A2Z3R0P0	74	74	cluster_74	0.9999535699729236
A0A2Z4J7X7	197	197	cluster_197	0.9999717841853819
A0A2Z5Y0T0	0	0	cluster_0	0.9999995736949995
A0A315H611	123	123	cluster_123	0.9999398767231048
A0A316EY55	0	0	cluster_0	0.999999558603203
A0A316L907	17	17	cluster_17	0.999989854143748
A0A316LM77	181	181	cluster_181	0.9999923102079558
A0A317CM25	192	192	cluster_192	0.9999823152395966
A0A317GJZ8	4	4	cluster_4	0.9999856661743723
A0A317GTL6	5	5	cluster_5	0.9999904353885144
A0A317HFC5	4	4	cluster_4	0.9999856771014379
A0A317U8K6	0	0	cluster_0	0.9999995691891361
A0A317YTT7	19	19	cluster_19	0.9994956504719917
A0A318HHK6	74	74	cluster_74	0.9999531006172834
A0A318MXT6	0	0	cluster_0	0.9999995676375506
A0A318MYU5	3	3	cluster_3	0.9999723261869877
A0A318NWL2	77	77	cluster_77	0.9999476429238764
A0A318PEB0	2	2	cluster_2	0.999980339415104
A0A326GBR2	0	0	cluster_0	0.9999995669602441
A0A327UTL6	0	0	cluster_0	0.9999995627192497
A0A327W5C5	0	0	cluster_0	0.9999995664383342
A0A328PYA0	0	0	cluster_0	0.9999995701070999
A0A328S659	8	8	cluster_8	0.9999749388046771
A0A328VF58	0	0	cluster_0	0.9999995536614892
A0A328WUX0	0	0	cluster_0	0.9999995767956621
A0A329VAE1	192	192	cluster_192	0.9999822907395216
A0A330LPU8	182	182	cluster_182	0.9999673537003746
A0A343TKR7	181	181	cluster_181	0.9999923850342266
A0A345C1G1	0	0	cluster_0	0.9999995875488286
A0A345GWQ4	5	5	cluster_5	0.9999903956643995
A0A345IFU4	4	4	cluster_4	0.999985637003813
A0A345YR51	181	181	cluster_181	0.999992286137803
A0A346MYS1	181	181	cluster_181	0.9999923781371559
A0A346Y6R3	196	196	cluster_196	0.9999683286889426
A0A347WI90	187	187	cluster_187	0.9999538371035227
A0A347WIV0	4	4	cluster_4	0.9999856838796803
A0A348S0G1	0	0	cluster_0	0.9999995689114418
A0A348TNV5	4	4	cluster_4	0.9999856933447459
A0A348V165	181	181	cluster_181	0.9999923846850344
A0A348VT33	101	101	cluster_101	0.9999747509303654
A0A348YZJ2	17	17	cluster_17	0.9999897247170834
A0A349H8B5	208	208	cluster_208	0.9999360595608764
A0A349J6Z2	4	4	cluster_4	0.9999856395585085
A0A349KXC0	192	192	cluster_192	0.9999821054649478
A0A349N1C8	4	4	cluster_4	0.9999856638622409
A0A349VUM3	6	6	cluster_6	0.9999800608686007
A0A349YL23	181	181	cluster_181	0.9999922294784604
A0A350QFJ3	6	6	cluster_6	0.999980198275851
A0A350TIN9	5	5	cluster_5	0.99999045322981
A0A350X5V4	6	6	cluster_6	0.9999805441232583
A0A350YGU3	0	0	cluster_0	0.9999995720404753
A0A351WZ22	0	0	cluster_0	0.9999995725238733
A0A351ZVL1	0	0	cluster_0	0.9999995684546857
A0A352FF67	4	4	cluster_4	0.9999856190911113
A0A352JNM8	196	196	cluster_196	0.9999685918120139
A0A352JNN0	196	196	cluster_196	0.999969073481173
A0A352M3X1	0	0	cluster_0	0.9999995725555504
A0A352QPL5	17	17	cluster_17	0.9999899753084495
A0A353MBS3	5	5	cluster_5	0.9999905998659915
A0A353P6V2	0	0	cluster_0	0.9999995714145284
A0A353RY14	12	12	cluster_12	0.9999822054088832
A0A354ERI3	103	103	cluster_103	0.9999698562343591
A0A354ZKZ4	181	181	cluster_181	0.9999920385618329
A0A355BDH1	6	6	cluster_6	0.9999802091139032
A0A355YBQ2	3	3	cluster_3	0.9999596529654315
A0A356BE34	6	6	cluster_6	0.9999809147319589
A0A356FZ26	0	0	cluster_0	0.9999995760757449
A0A356VWG0	6	6	cluster_6	0.9999803733041421
A0A356Z6W3	0	0	cluster_0	0.9999995684826718
A0A357B6C1	4	4	cluster_4	0.9999857434267825
A0A357IJB3	69	69	cluster_69	0.9999610913435494
A0A357IP45	69	69	cluster_69	0.9999605815051262
A0A357XX63	197	197	cluster_197	0.999971684664492
A0A357XX87	197	197	cluster_197	0.9999717297720591
A0A358DZ57	196	196	cluster_196	0.9999690681245282
A0A358Y7S7	0	0	cluster_0	0.9999995599495495
A0A359B4E4	0	0	cluster_0	0.9999995737090076
A0A359G4K1	0	0	cluster_0	0.9999995633152681
A0A359IKD3	175	175	cluster_175	0.9999783364870212
A0A359M9W4	196	196	cluster_196	0.999969251089782
A0A364NNL1	4	4	cluster_4	0.9999856697868454
A0A365H6E4	181	181	cluster_181	0.9999923889440453
A0A365YXU3	4	4	cluster_4	0.9999856189004468
A0A366G5N7	2	2	cluster_2	0.9999799867584374
A0A366HFN4	4	4	cluster_4	0.9999858013063546
A0A366HHD7	196	196	cluster_196	0.9999679614349032
A0A366IF28	131	131	cluster_131	0.9999835134908983
A0A366XII3	6	6	cluster_6	0.9999805270829728
A0A367F3V0	0	0	cluster_0	0.9999995726853647
A0A368AZA7	6	6	cluster_6	0.9999805630771443
A0A368LC00	4	4	cluster_4	0.9999855661432665
A0A368TYU2	192	192	cluster_192	0.9999826140068515
A0A368UDE8	6	6	cluster_6	0.9999805635443655
A0A368VQP9	17	17	cluster_17	0.9999897597468388
A0A368YFQ6	4	4	cluster_4	0.999985716312673
A0A368ZGI2	0	0	cluster_0	0.9999995747761375
A0A369AWP5	187	187	cluster_187	0.99995468165892
A0A369FI97	2	2	cluster_2	0.9999805596396333
A0A369VPI5	4	4	cluster_4	0.9999857310057687
A0A370JWK4	181	181	cluster_181	0.999992505976889
A0A370JY44	5	5	cluster_5	0.9999904581576864
A0A370LRI5	6	6	cluster_6	0.9999807171330293
A0A370V5B6	12	12	cluster_12	0.999981741673753
A0A371WYL6	181	181	cluster_181	0.9999924202658032
A0A371XBK1	0	0	cluster_0	0.9999995683883669
A0A371Z317	0	0	cluster_0	0.9999995516224324
A0A372KNT2	131	131	cluster_131	0.9999835651334796
A0A372MI20	5	5	cluster_5	0.9999905209395155
A0A373A335	197	197	cluster_197	0.9999722114846018
A0A373FBB3	2	2	cluster_2	0.9999802611584122
A0A374USP2	0	0	cluster_0	0.9999995635659222
A0A375AB17	10	10	cluster_10	0.9999793167449823
A0A376AKJ4	0	0	cluster_0	0.9999995746889015
A0A376ERJ0	181	181	cluster_181	0.9999923670553235
A0A377BFD5	165	165	cluster_165	0.9989837550820353
A0A377J5K5	6	6	cluster_6	0.9999799107697854
A0A377VUZ1	77	77	cluster_77	0.9999472886703246
A0A378CIQ4	0	0	cluster_0	0.9999995660317507
A0A378FTM5	6	6	cluster_6	0.9999807526982404
A0A378IE06	0	0	cluster_0	0.9999995683445004
A0A378JES1	0	0	cluster_0	0.9999995661449478
A0A378MSV7	6	6	cluster_6	0.9999798972846311
A0A378TSE4	6	6	cluster_6	0.9999800210556123
A0A378TTN1	182	182	cluster_182	0.9999673414900349
A0A378U177	6	6	cluster_6	0.9999799634702128
A0A378UEV7	123	123	cluster_123	0.9999393134694805
A0A378VAR2	197	197	cluster_197	0.9999722207341909
A0A379DB22	5	5	cluster_5	0.9999905252454165
A0A379FYQ1	77	77	cluster_77	0.9999462770530994
A0A379QMQ9	36	36	cluster_36	0.9990854224394703
A0A380B6A4	182	182	cluster_182	0.9999678436963957
A0A380E535	0	0	cluster_0	0.9999995740525283
A0A380FIF2	0	0	cluster_0	0.9999995812353244
A0A380G7A4	19	19	cluster_19	0.9995353358727288
A0A380H381	5	5	cluster_5	0.9999905285801001
A0A380PQ98	3	3	cluster_3	0.9999667479604927
A0A380TKX4	0	0	cluster_0	0.9999995727560347
A0A381C277	6	6	cluster_6	0.9999805907262279
A0A381I656	12	12	cluster_12	0.999980630120847
A0A381UZ76	4	4	cluster_4	0.9999857374262355
A0A382BAI4	0	0	cluster_0	0.9999995719045544
A0A385BJB6	8	8	cluster_8	0.9999752111998362
A0A385STG2	181	181	cluster_181	0.9999923536859927
A0A385YVC2	0	0	cluster_0	0.999999565502856
A0A386HQE3	0	0	cluster_0	0.9999995755267256
A0A386HUS2	0	0	cluster_0	0.9999995589484014
A0A389M0F2	192	192	cluster_192	0.9999823798574036
A0A395V1T8	69	69	cluster_69	0.9999600272284653
A0A396CLG8	4	4	cluster_4	0.9999857189516435
A0A396QHM6	12	12	cluster_12	0.9999816111601868
A0A397WQ55	0	0	cluster_0	0.9999995743992822
A0A398BBF9	0	0	cluster_0	0.9999995751405941
A0A398C9K8	0	0	cluster_0	0.9999995547186249
A0A399RM31	2	2	cluster_2	0.99998047141838
A0A3A0A916	0	0	cluster_0	0.9999995718282283
A0A3A1P4V1	103	103	cluster_103	0.9999692564795016
A0A3A1Y7S0	6	6	cluster_6	0.9999798473891511
A0A3A1YA45	6	6	cluster_6	0.9999802623176396
A0A3A1YA77	6	6	cluster_6	0.9999797264817623
A0A3A1YAT1	6	6	cluster_6	0.9999800732929504
A0A3A1YEZ2	6	6	cluster_6	0.9999797042450733
A0A3A1YFP5	6	6	cluster_6	0.9999796647586917
A0A3A1YJ11	6	6	cluster_6	0.9999793376654271
A0A3A1YQ38	4	4	cluster_4	0.9999857683686926
A0A3A4B787	0	0	cluster_0	0.999999571555611
A0A3A4NCT8	181	181	cluster_181	0.9999925108449917
A0A3A5L191	6	6	cluster_6	0.9999809537507613
A0A3A5LC89	0	0	cluster_0	0.9999995698594734
A0A3A5Q8M2	187	187	cluster_187	0.9999537710746308
A0A3A6QIG3	89	89	cluster_89	0.9999471731232653
A0A3A6T3I8	6	6	cluster_6	0.9999805193159026
A0A3A8YEA8	131	131	cluster_131	0.9999833254190287
A0A3A8YHL5	131	131	cluster_131	0.9999833869620954
A0A3A8Z8Z4	131	131	cluster_131	0.9999835180365282
A0A3A9A945	17	17	cluster_17	0.9999898451464385
A0A3A9EQ07	131	131	cluster_131	0.9999834419964548
A0A3A9F5S4	12	12	cluster_12	0.9999814356301072
A0A3A9FNS4	131	131	cluster_131	0.9999835572037692
A0A3B0AAX9	0	0	cluster_0	0.9999995661027337
A0A3B0ACS6	0	0	cluster_0	0.9999995709300438
A0A3B0UYR7	0	0	cluster_0	0.9999995725090611
A0A3B1DB49	0	0	cluster_0	0.9999995713769673
A0A3B1E0M5	6	6	cluster_6	0.999980316850943
A0A3B3WMS3	5	5	cluster_5	0.9999902209907026
A0A3B7LBY8	0	0	cluster_0	0.9999995690924823
A0A3B8IIB5	0	0	cluster_0	0.9999995796498873
A0A3B8LY80	4	4	cluster_4	0.9999857281432696
A0A3B8N9T9	0	0	cluster_0	0.9999995664551099
A0A3B8PT35	182	182	cluster_182	0.9999675460377291
A0A3B8UCU7	0	0	cluster_0	0.9999995698238476
A0A3B9AFU9	181	181	cluster_181	0.9999921947465596
A0A3B9H546	0	0	cluster_0	0.9999995616703584
A0A3B9MPG4	181	181	cluster_181	0.9999924031714471
A0A3B9ZS05	181	181	cluster_181	0.9999922014619665
A0A3C0M7H9	181	181	cluster_181	0.9999922421457581
A0A3C0SWV9	5	5	cluster_5	0.9999905420142422
A0A3C0TQB3	181	181	cluster_181	0.999992505431386
A0A3C1ACT3	0	0	cluster_0	0.9999995708321973
A0A3C1JV12	0	0	cluster_0	0.9999995697055306
A0A3C1SB15	6	6	cluster_6	0.9999808491883779
A0A3C1VBF5	0	0	cluster_0	0.9999995683194156
A0A3C1WVJ4	0	0	cluster_0	0.9999995521246116
A0A3C2BA76	8	8	cluster_8	0.9999752473969152
A0A3C2EAZ5	0	0	cluster_0	0.9999995704402773
A0A3C2EBD5	181	181	cluster_181	0.9999922439195232
A0A3D0EKS3	0	0	cluster_0	0.9999995717908128
A0A3D0HNX7	131	131	cluster_131	0.999983561785099
A0A3D0LCA9	0	0	cluster_0	0.9999995769626628
A0A3D0Q8I6	0	0	cluster_0	0.9999995732161241
A0A3D0V5K7	196	196	cluster_196	0.9999690441348144
A0A3D0V7W9	5	5	cluster_5	0.9999906661055346
A0A3D0ZAI1	0	0	cluster_0	0.9999995555658293
A0A3D1D0R6	4	4	cluster_4	0.9999856985292649
A0A3D1RAG8	6	6	cluster_6	0.9999809916020979
A0A3D1WDV7	6	6	cluster_6	0.9999806071581183
A0A3D2U8W4	0	0	cluster_0	0.9999995689668316
A0A3D2UXZ3	0	0	cluster_0	0.9999995712287846
A0A3D2Z6K3	4	4	cluster_4	0.9999857030100906
A0A3D3JLA4	0	0	cluster_0	0.9999995727981743
A0A3D3KH88	5	5	cluster_5	0.9999903486227388
A0A3D3KR12	4	4	cluster_4	0.9999857563943849
A0A3D3TFI4	181	181	cluster_181	0.999992564431894
A0A3D3V368	181	181	cluster_181	0.9999925692893323
A0A3D4HJE3	0	0	cluster_0	0.9999995719913282
A0A3D4PBQ6	0	0	cluster_0	0.9999995645162674
A0A3D4QV18	131	131	cluster_131	0.9999836911145394
A0A3D4VTE9	21	21	cluster_21	0.9994828979263247
A0A3D4WVW5	0	0	cluster_0	0.999999553825419
A0A3D5CMI5	74	74	cluster_74	0.9999525815041008
A0A3D5DBD8	74	74	cluster_74	0.9999537984304444
A0A3D5FIB2	0	0	cluster_0	0.9999995724506586
A0A3D5PPN0	4	4	cluster_4	0.9999856994011477
A0A3D5RK90	5	5	cluster_5	0.9999905310995156
A0A3D5ZMN8	4	4	cluster_4	0.999985652745947
A0A3D6BYM4	35	35	cluster_35	0.999449854033752
A0A3D6DC68	0	0	cluster_0	0.9999995664051425
A0A3D8HAH8	0	0	cluster_0	0.9999995646552867
A0A3D8MBG5	4	4	cluster_4	0.9999857694399915
A0A3D9DRL5	2	2	cluster_2	0.9999801110305776
A0A3D9Q1G1	0	0	cluster_0	0.9999995767797053
A0A3E0CJ99	2	2	cluster_2	0.9999804945306632
A0A3E0EPU0	6	6	cluster_6	0.9999801890842667
A0A3E0IKI8	19	19	cluster_19	0.9995223295840188
A0A3E0N2G0	17	17	cluster_17	0.9999899477656765
A0A3E0UJ19	6	6	cluster_6	0.9999805256903459
A0A3E0VNQ0	4	4	cluster_4	0.9999856896066822
A0A3E0WHJ6	3	3	cluster_3	0.999959239451413
A0A3E2WH76	10	10	cluster_10	0.999978786980961
A0A3E3I214	10	10	cluster_10	0.9999787137775076
A0A3E4K686	131	131	cluster_131	0.999983509770853
A0A3E4LHT4	131	131	cluster_131	0.9999832862488811
A0A3E4N492	4	4	cluster_4	0.999985671327638
A0A3F2ZUI9	17	17	cluster_17	0.9999896562849573
A0A3F3ISQ1	2	2	cluster_2	0.9999802480504294
A0A3F3ITI1	6	6	cluster_6	0.9999805477199398
A0A3G1A599	0	0	cluster_0	0.9999995753672992
A0A3G1A6D9	183	183	cluster_183	0.9999675914564959
A0A3G2HR97	192	192	cluster_192	0.9999822664862932
A0A3G2HWM1	134	134	cluster_134	0.9991696370317832
A0A3G2IGF9	5	5	cluster_5	0.9999904019934766
A0A3G4VY50	197	197	cluster_197	0.9999720478435415
A0A3G4VZP2	181	181	cluster_181	0.9999923586607448
A0A3G5FM69	4	4	cluster_4	0.9999856170267382
A0A3G5U8J6	17	17	cluster_17	0.9999899159263688
A0A3G8WTZ1	0	0	cluster_0	0.999999573670617
A0A3K0WIK0	123	123	cluster_123	0.999939406552598
A0A3L7UHB1	0	0	cluster_0	0.999999555228217
A0A3L7VHT7	0	0	cluster_0	0.9999995629910514
A0A3L8BFH7	182	182	cluster_182	0.9999680587147999
A0A3L8BSE7	4	4	cluster_4	0.9999856670318102
A0A3M0A3V2	4	4	cluster_4	0.9999856685145796
A0A3M0HXC3	181	181	cluster_181	0.999992346788049
A0A3M0LPZ6	4	4	cluster_4	0.9999856088874367
A0A3M0X0T8	10	10	cluster_10	0.999978540560827
A0A3M0XRR0	10	10	cluster_10	0.9999797595607163
A0A3M0XYH5	10	10	cluster_10	0.9999801271509302
A0A3M1DDB7	10	10	cluster_10	0.99997899372912
A0A3M1DT15	0	0	cluster_0	0.9999995557729998
A0A3M1GH90	0	0	cluster_0	0.9999995713068625
A0A3M1KZB8	0	0	cluster_0	0.9999995671307138
A0A3M1PNT2	0	0	cluster_0	0.999999568307027
A0A3M1YVL5	4	4	cluster_4	0.9999856200968877
A0A3M2BUN1	202	202	cluster_202	0.9999712190832907
A0A3M2D2P3	181	181	cluster_181	0.999992192576965
A0A3M2E234	74	74	cluster_74	0.9999529655385199
A0A3M2GT54	181	181	cluster_181	0.9999926566762048
A0A3M2H640	182	182	cluster_182	0.9999674636807541
A0A3M5P9L2	0	0	cluster_0	0.9999995677036376
A0A3M6KQG8	181	181	cluster_181	0.9999919552535272
A0A3M9MFL2	4	4	cluster_4	0.9999857639759202
A0A3N0UAY6	0	0	cluster_0	0.9999995649708003
A0A3N0WG34	0	0	cluster_0	0.999999562173406
A0A3N1R8Q5	2	2	cluster_2	0.9999805322068911
A0A3N1Y166	202	202	cluster_202	0.999971294202232
A0A3N2FUH7	0	0	cluster_0	0.9999995666732951
A0A3N2H360	0	0	cluster_0	0.9999995543510903
A0A3N2HRA9	4	4	cluster_4	0.9999857073215074
A0A3N4QDC0	5	5	cluster_5	0.999990409170098
A0A3N5I1G1	0	0	cluster_0	0.9999995624434312
A0A3N5L7F8	0	0	cluster_0	0.9999995684881796
A0A3N5R410	0	0	cluster_0	0.9999995680919018
A0A3N5ULF5	4	4	cluster_4	0.9999857344771599
A0A3N6WRG8	0	0	cluster_0	0.9999995661962827
A0A3N6ZUU2	4	4	cluster_4	0.9999856209538227
A0A3N8QGS6	5	5	cluster_5	0.9999903619544706
A0A3N9TN25	131	131	cluster_131	0.9999835528803195
A0A3N9WNG4	0	0	cluster_0	0.9999995704030131
A0A3P0MYC9	4	4	cluster_4	0.9999857003839943
A0A3P1CKM3	8	8	cluster_8	0.9999752370974645
A0A3P8KN77	4	4	cluster_4	0.9999856618547853
A0A3P8XVE9	5	5	cluster_5	0.9999903710506726
A0A3Q2HVL2	4	4	cluster_4	0.9999853975752431
A0A3Q2XIQ1	5	5	cluster_5	0.9999903519241146
A0A3R0NDZ3	22	22	cluster_22	0.9994435969703586
A0A3R1CV92	2	2	cluster_2	0.9999804528431921
A0A3R6D7B9	12	12	cluster_12	0.9999818223680175
A0A3R6F478	0	0	cluster_0	0.9999995615036477
A0A3R6HIT3	6	6	cluster_6	0.9999804768337369
A0A3R6JNN0	12	12	cluster_12	0.9999815889266875
A0A3R6TRH6	0	0	cluster_0	0.9999995759206606
A0A3R7LQ10	0	0	cluster_0	0.9999995561155223
A0A3R9IEB6	58	58	cluster_58	0.9994821539618121
A0A3R9JUC2	32	32	cluster_32	0.9999400880466358
A0A3R9PEI6	58	58	cluster_58	0.9994705921504048
A0A3S0AAQ0	4	4	cluster_4	0.9999857054311891
A0A3S0J5G8	131	131	cluster_131	0.9999835897195535
A0A3S0PK49	74	74	cluster_74	0.9999533738948371
A0A3S0WV14	4	4	cluster_4	0.9999857504788006
A0A3S0YE09	95	95	cluster_95	0.9999580401485161
A0A3S1D8R6	0	0	cluster_0	0.99999957538831
A0A3S3HUX2	0	0	cluster_0	0.9999995817325873
A0A3S3K6H0	0	0	cluster_0	0.9999995664388525
A0A3S3KBV0	0	0	cluster_0	0.9999995718174471
A0A3S3QNP4	5	5	cluster_5	0.9999904153679997
A0A3S3TU31	103	103	cluster_103	0.9999698361050112
A0A3S4ZAF1	6	6	cluster_6	0.9999802719655811
A0A3S6QN32	5	5	cluster_5	0.9999904913476946
A0A3T0C4N7	123	123	cluster_123	0.9999400426572663
A0A3T0D9H4	175	175	cluster_175	0.9999776905306558
A0A3T1B2R1	181	181	cluster_181	0.9999923595927908
A0A3T1RCS4	97	97	cluster_97	0.9997306623331583
A0A3T1X9X6	177	177	cluster_177	0.9993598836609733
A0A3T2AXG5	60	60	cluster_60	0.9989896480447379
A0A3T2F729	88	88	cluster_88	0.9999738302301191
A0A3T2MVY0	60	60	cluster_60	0.9989852290181483
A0A3V8I3C3	2	2	cluster_2	0.9999800327854363
A0A3Y4YM45	2	2	cluster_2	0.9999800188141399
A0A3Y7R4C8	181	181	cluster_181	0.9999921636240168
A0A3Y8HY14	126	126	cluster_126	0.9994991722657824
A0A3Y9C7R9	2	2	cluster_2	0.9999811603025291
A0A401FPL3	0	0	cluster_0	0.9999995681576241
A0A401HPW2	4	4	cluster_4	0.9999856539043015
A0A401YZ32	197	197	cluster_197	0.9999721614176948
A0A402A7T4	181	181	cluster_181	0.9999921210989134
A0A402BPV8	10	10	cluster_10	0.9999793184342537
A0A402WM19	123	123	cluster_123	0.9999402745324474
A0A410G0G1	74	74	cluster_74	0.9999532869888426
A0A410Q6T0	4	4	cluster_4	0.9999857265019896
A0A410WW78	74	74	cluster_74	0.9999529386271032
A0A410WWV0	162	162	cluster_162	0.9981601690643253
A0A410WWZ6	181	181	cluster_181	0.9999923018287226
A0A411A2U9	10	10	cluster_10	0.9999792176534186
A0A412CE59	4	4	cluster_4	0.999985698191967
A0A412PKW5	131	131	cluster_131	0.9999837082248356
A0A412PMP7	145	145	cluster_145	0.999986259011485
A0A413UYB9	6	6	cluster_6	0.9999803283563028
A0A413YZN1	0	0	cluster_0	0.9999995455464441
A0A414KCC6	69	69	cluster_69	0.9999604527057829
A0A414PQA1	0	0	cluster_0	0.9999995607721126
A0A414ZR15	181	181	cluster_181	0.9999922922697995
A0A415G998	69	69	cluster_69	0.9999593172108199
A0A415RZ02	0	0	cluster_0	0.9999995694816116
A0A416KAH0	0	0	cluster_0	0.9999995470242111
A0A417WLZ7	0	0	cluster_0	0.9999995474060596
A0A417XYG7	196	196	cluster_196	0.999967268232445
A0A418QG41	5	5	cluster_5	0.9999904176134118
A0A418RRP5	10	10	cluster_10	0.9999792846808578
A0A418UR93	4	4	cluster_4	0.9999856859815266
A0A418VUK1	0	0	cluster_0	0.9999995560408964
A0A418ZRC5	0	0	cluster_0	0.9999995759263083
A0A419F0H9	181	181	cluster_181	0.9999924953805538
A0A419HTD4	197	197	cluster_197	0.9999720521678983
A0A419I4X8	0	0	cluster_0	0.9999995693079012
A0A419N368	2	2	cluster_2	0.9999799496373039
A0A420YSP6	131	131	cluster_131	0.9999837542428187
A0A421BGW8	187	187	cluster_187	0.9999523802466626
A0A423KD17	0	0	cluster_0	0.9999995545249288
A0A423Y426	0	0	cluster_0	0.9999995563417224
A0A424WKD2	4	4	cluster_4	0.9999856680379765
A0A426JXT2	0	0	cluster_0	0.9999995568718049
A0A426UUZ1	127	127	cluster_127	0.9998212287361736
A0A427G398	182	182	cluster_182	0.9999672347947683
A0A427L2N6	182	182	cluster_182	0.99996792842959
A0A428G6C4	145	145	cluster_145	0.9999860651713607
A0A428I9S0	145	145	cluster_145	0.9999857614888032
A0A428K3Z0	181	181	cluster_181	0.9999923819047605
A0A429BEP7	181	181	cluster_181	0.999992350575604
A0A429EHP0	4	4	cluster_4	0.9999856588793853
A0A429GQQ8	183	183	cluster_183	0.9999667104476132
A0A429S0X5	181	181	cluster_181	0.9999923240036549
A0A429ZXU3	187	187	cluster_187	0.9999541772873772
A0A430A7U1	187	187	cluster_187	0.9999526211281449
A0A430AKP9	175	175	cluster_175	0.9999785200126694
A0A430ANI8	187	187	cluster_187	0.9999524617388182
A0A430AR30	12	12	cluster_12	0.9999824970013986
A0A430AWU8	187	187	cluster_187	0.9999535953246617
A0A430ED63	0	0	cluster_0	0.9999995694322448
A0A430HL11	192	192	cluster_192	0.9999825400198409
A0A431HEB2	181	181	cluster_181	0.9999922594998811
A0A432EPJ8	74	74	cluster_74	0.9999533670825671
A0A432M5V3	5	5	cluster_5	0.9999904917329004
A0A432RAJ0	0	0	cluster_0	0.9999995653596381
A0A432XBR7	4	4	cluster_4	0.999985727989322
A0A433ECE3	4	4	cluster_4	0.9999856129691275
A0A433JR76	4	4	cluster_4	0.9999857808297515
A0A433PXY1	5	5	cluster_5	0.9999903746266495
A0A433SCZ2	143	143	cluster_143	0.9993629639296719
A0A439RWR8	0	0	cluster_0	0.9999995556899288
A0A442RUK6	6	6	cluster_6	0.9999805773723056
A0A443IKX7	0	0	cluster_0	0.9999995720061086
A0A443SAZ4	4	4	cluster_4	0.9999854951537747
A0A444W6D1	4	4	cluster_4	0.9999856574318376
A0A447EB45	8	8	cluster_8	0.999975340444194
A0A448MN61	4	4	cluster_4	0.9999857497610838
A0A453MDW1	5	5	cluster_5	0.9999905538035101
A0A455SNB3	181	181	cluster_181	0.9999921564160323
A0A459NDX2	15	15	cluster_15	0.9991613012197359
A0A461F3T8	30	30	cluster_30	0.9994683073758658
A0A482IT11	2	2	cluster_2	0.9999803390629188
A0A482YCT0	4	4	cluster_4	0.9999857442404866
A0A483LRA2	36	36	cluster_36	0.9991035766693891
A0A483M5B8	182	182	cluster_182	0.999967688890097
A0A484H2U4	181	181	cluster_181	0.999992679078261
A0A484WSI6	2	2	cluster_2	0.999980416196807
A0A485A6B6	95	95	cluster_95	0.9999560164502947
A0A486QYV8	2	2	cluster_2	0.9999803181584558
A0A494X515	8	8	cluster_8	0.9999750929835808
A0A494YWQ0	0	0	cluster_0	0.9999995733852035
A0A495ANY9	0	0	cluster_0	0.9999995649887579
A0A495QUJ5	181	181	cluster_181	0.9999920649457268
A0A495Z8Y4	10	10	cluster_10	0.9999795846754094
A0A496A3P2	17	17	cluster_17	0.9999897807377739
A0A496RKS8	197	197	cluster_197	0.9999720625994662
A0A496RMK7	0	0	cluster_0	0.9999995689360623
A0A496SBE8	10	10	cluster_10	0.9999801605878107
A0A496W7T8	10	10	cluster_10	0.9999791008881612
A0A496ZSI4	10	10	cluster_10	0.9999794395645237
A0A497EZH3	0	0	cluster_0	0.9999995638718905
A0A497F8K6	183	183	cluster_183	0.9999632789616302
A0A497FAL9	4	4	cluster_4	0.999985749754719
A0A497FIS2	183	183	cluster_183	0.9999658733204707
A0A497FLI7	183	183	cluster_183	0.9999670469441962
A0A497GB35	183	183	cluster_183	0.99996748138867
A0A497GQ43	183	183	cluster_183	0.9999670703732445
A0A497KL12	10	10	cluster_10	0.9999787907768772
A0A497L833	4	4	cluster_4	0.9999856336625906
A0A497QC46	10	10	cluster_10	0.9999801134882698
A0A497R1B5	10	10	cluster_10	0.9999794655047206
A0A497RND4	183	183	cluster_183	0.9999674270705449
A0A497RP41	10	10	cluster_10	0.9999798844406886
A0A497RZ24	0	0	cluster_0	0.9999995748266195
A0A497S1L5	183	183	cluster_183	0.9999668266129711
A0A497TNW5	74	74	cluster_74	0.9999538616006766
A0A497V0Y4	6	6	cluster_6	0.99997988123076
A0A497VDZ9	7	7	cluster_7	0.9999775481086424
A0A497XLC0	181	181	cluster_181	0.9999921715584834
A0A498DAH5	0	0	cluster_0	0.9999995768398443
A0A498GT66	0	0	cluster_0	0.9999995635533474
A0A4B9HZ04	114	114	cluster_114	0.9987312469506892
A0A4C2EBJ2	181	181	cluster_181	0.999992578541732
A0A4D6Y092	4	4	cluster_4	0.999985882772734
A0A4D7CWX2	187	187	cluster_187	0.999952367163762
A0A4E0QQE6	181	181	cluster_181	0.999992435898199
A0A4P1RZQ5	181	181	cluster_181	0.9999923883947612
A0A4P6JQ53	0	0	cluster_0	0.9999995495997119
A0A4P6PZ27	127	127	cluster_127	0.9998201074218278
A0A4P8C2L9	2	2	cluster_2	0.9999801149013741
A0A4P8J0F4	2	2	cluster_2	0.9999804434953797
A0A4P8SJX8	101	101	cluster_101	0.9999745732125032
A0A4P8XNE5	0	0	cluster_0	0.9999995676655364
A0A4P9K4P8	74	74	cluster_74	0.9999534063609613
A0A4Q0IUC2	6	6	cluster_6	0.9999801166233201
A0A4Q1DIN8	101	101	cluster_101	0.9999749090914947
A0A4Q1ZVD2	5	5	cluster_5	0.999990495314443
A0A4Q3AGJ3	14	14	cluster_14	0.9999865045892002
A0A4Q3ATZ9	14	14	cluster_14	0.9999868384080074
A0A4Q3R8U3	0	0	cluster_0	0.99999955554383
A0A4Q5LYN6	181	181	cluster_181	0.9999923926483961
A0A4Q5U1U9	0	0	cluster_0	0.9999995635494217
A0A4Q6F417	182	182	cluster_182	0.9999669504069236
A0A4Q7VB52	0	0	cluster_0	0.9999995463614195
A0A4Q8ACW6	4	4	cluster_4	0.9999856622018474
A0A4Q9XSE4	192	192	cluster_192	0.9999822726989268
A0A4Q9Z1K5	0	0	cluster_0	0.9999995736885193
A0A4R0HSB2	0	0	cluster_0	0.9999995677383385
A0A4R0XMA3	2	2	cluster_2	0.9999801224201651
A0A4R1G9S4	0	0	cluster_0	0.9999995807053528
A0A4R1JLY5	0	0	cluster_0	0.9999995628081766
A0A4R1K3B8	0	0	cluster_0	0.9999995725206445
A0A4R1MMG4	5	5	cluster_5	0.9999903788362285
A0A4R1MX83	2	2	cluster_2	0.9999803944507665
A0A4R1QAL5	17	17	cluster_17	0.9999899215835842
A0A4R1RVG4	17	17	cluster_17	0.999989856318832
A0A4R1YW23	0	0	cluster_0	0.9999995669642755
A0A4R2DPT7	181	181	cluster_181	0.9999922146552415
A0A4R2EF97	0	0	cluster_0	0.9999995698323202
A0A4R2KJA8	192	192	cluster_192	0.9999824897195805
A0A4R2PEQ4	181	181	cluster_181	0.9999924206549224
A0A4R2Q4Y6	0	0	cluster_0	0.9999995777914887
A0A4R2QJ05	0	0	cluster_0	0.9999995590474496
A0A4R2RZ97	0	0	cluster_0	0.999999573259531
A0A4R2U2V4	10	10	cluster_10	0.999979350209047
A0A4R3LAE7	10	10	cluster_10	0.9999790711493733
A0A4R3LBU8	181	181	cluster_181	0.9999922847551372
A0A4R3ML31	10	10	cluster_10	0.9999783242502228
A0A4R3VL61	4	4	cluster_4	0.999985706919998
A0A4R4DZ96	0	0	cluster_0	0.999999575660653
A0A4R4HJC9	6	6	cluster_6	0.9999804976806969
A0A4R4M6K5	197	197	cluster_197	0.9999721026826692
A0A4R4NHR6	181	181	cluster_181	0.9999921032415945
A0A4R4QXI2	4	4	cluster_4	0.9999856671971786
A0A4R4QZH1	181	181	cluster_181	0.9999922110122164
A0A4R4TJ46	181	181	cluster_181	0.9999920103705504
A0A4R4UEA0	0	0	cluster_0	0.9999995703680679
A0A4R4X8Y9	0	0	cluster_0	0.9999995595336079
A0A4R4ZD88	181	181	cluster_181	0.9999920856421615
A0A4R5CB95	197	197	cluster_197	0.9999722704683602
A0A4R5F960	0	0	cluster_0	0.9999995613003276
A0A4R5GWZ2	5	5	cluster_5	0.9999901832418031
A0A4R5M6B8	2	2	cluster_2	0.9999803496436946
A0A4R6DST9	2	2	cluster_2	0.9999799212057862
A0A4R6E1F4	123	123	cluster_123	0.9999396136886088
A0A4R6KVI2	0	0	cluster_0	0.9999995714462555
A0A4R6PUX2	4	4	cluster_4	0.9999856245467739
A0A4R6QZM3	2	2	cluster_2	0.9999800263448606
A0A4R7NS98	0	0	cluster_0	0.9999995544920635
A0A4R9L6P0	181	181	cluster_181	0.9999923298342023
A0A4S0NR19	181	181	cluster_181	0.9999922757506883
A0A4S1M510	0	0	cluster_0	0.9999995688571659
A0A4S2A8K4	181	181	cluster_181	0.9999923940798833
A0A4S2B1U0	6	6	cluster_6	0.9999798881178179
A0A4S2HEK4	0	0	cluster_0	0.9999995673102557
A0A4S2HLL9	131	131	cluster_131	0.9999833826644551
A0A4S2IUB2	181	181	cluster_181	0.9999923904942107
A0A4S2SAL5	197	197	cluster_197	0.9999721923150843
A0A4S3B6V0	187	187	cluster_187	0.999952543872103
A0A4S3FML8	0	0	cluster_0	0.9999995692075914
A0A4S4F3I2	192	192	cluster_192	0.9999826997640228
A0A4S4G970	181	181	cluster_181	0.999992218941739
A0A4S8KV54	181	181	cluster_181	0.9999925254627713
A0A4U0NCN0	0	0	cluster_0	0.9999995691514452
A0A4U0YW96	0	0	cluster_0	0.9999995732722031
A0A4U1AC05	181	181	cluster_181	0.999992229455222
A0A4U1D0V0	0	0	cluster_0	0.9999995734864201
A0A4U1YS20	182	182	cluster_182	0.9999675184464154
A0A4U2XZV3	131	131	cluster_131	0.9999835308821726
A0A4U3K012	131	131	cluster_131	0.9999833502886722
A0A4U6LVM4	182	182	cluster_182	0.9999673403608905
A0A4U7C7Y5	4	4	cluster_4	0.9999857633023373
A0A4U8UC56	6	6	cluster_6	0.9999801733357019
A0A4U9REB6	17	17	cluster_17	0.9999898084020783
A0A4U9YF73	0	0	cluster_0	0.9999995761621172
A0A4V2ABJ0	7	7	cluster_7	0.9999772758631952
A0A4V2FPH6	4	4	cluster_4	0.9999858263668268
A0A4V2S6N8	197	197	cluster_197	0.9999719105080722
A0A4V2Y2J6	0	0	cluster_0	0.9999995650722417
A0A4V3CQV1	5	5	cluster_5	0.9999905033324327
A0A4V3CXT8	4	4	cluster_4	0.9999856893466814
A0A4V3CZW7	127	127	cluster_127	0.9998194386773626
A0A4V3DYX3	0	0	cluster_0	0.9999995706206314
A0A4V3NZE7	196	196	cluster_196	0.9999682420424529
A0A4V6AM47	0	0	cluster_0	0.999999573002456
A0A4V6RRT1	5	5	cluster_5	0.9999904604580422
A0A4W2F7B3	5	5	cluster_5	0.9999906823667343
A0A4W3HCE6	5	5	cluster_5	0.9999904620450526
A0A4W3JBC5	5	5	cluster_5	0.9999904503211281
A0A4W4EW30	5	5	cluster_5	0.9999904184982503
A0A4Y1YSB6	72	72	cluster_72	0.9999450162472734
A0A4Y1ZFM4	131	131	cluster_131	0.9999837585216182
A0A4Y3QYZ0	197	197	cluster_197	0.9999721572570062
A0A4Y3R5C5	0	0	cluster_0	0.9999995712082346
A0A4Y8L9A8	0	0	cluster_0	0.9999995725887513
A0A4Y8MVI2	5	5	cluster_5	0.9999903475037203
A0A4Y8PD16	0	0	cluster_0	0.9999995589116113
A0A4Y8RLR5	4	4	cluster_4	0.9999857685040708
A0A4Y8VPF8	6	6	cluster_6	0.9999801668687482
A0A4Y9JJH1	4	4	cluster_4	0.9999857673408326
A0A4Z0D7U7	187	187	cluster_187	0.9999523661292752
A0A4Z0F9K9	4	4	cluster_4	0.9999858726096237
A0A4Z0H805	181	181	cluster_181	0.9999923727298592
A0A4Z0HXU7	74	74	cluster_74	0.999953658343151
A0A4Z0JP96	131	131	cluster_131	0.999983642012529
A0A4Z0NCU8	0	0	cluster_0	0.9999995756102777
A0A4Z0NE75	4	4	cluster_4	0.9999858120222341
A0A4Z0V1U5	6	6	cluster_6	0.999979967570685
A0A4Z0YIS4	5	5	cluster_5	0.9999904441691667
A0A4Z1DW91	4	4	cluster_4	0.9999857122011621
A0A501WD88	0	0	cluster_0	0.9999995745824564
A0A501XZK6	192	192	cluster_192	0.9999822219245664
A0A502LL84	6	6	cluster_6	0.9999798923676344
A0A502TN86	0	0	cluster_0	0.999999553182596
A0A505GWI8	0	0	cluster_0	0.9999995691119901
A0A506QVN3	123	123	cluster_123	0.9999403302772093
A0A510JAN2	131	131	cluster_131	0.9999835702769418
A0A510JDA2	175	175	cluster_175	0.9999782244423497
A0A510JFC9	44	44	cluster_44	0.9991987470128862
A0A510JJY5	131	131	cluster_131	0.9999835711694022
A0A510JME1	20	20	cluster_20	0.9993512374392711
A0A510JR49	175	175	cluster_175	0.9999784922006435
A0A510KHG9	131	131	cluster_131	0.9999835679121224
A0A510KJY8	131	131	cluster_131	0.9999834453269908
A0A510KLP4	131	131	cluster_131	0.9999836980915018
A0A510KNZ7	20	20	cluster_20	0.9993403219708098
A0A510KSA8	131	131	cluster_131	0.9999834574000824
A0A510US90	2	2	cluster_2	0.9999802048989431
A0A510X843	5	5	cluster_5	0.9999905368027925
A0A510YAV0	4	4	cluster_4	0.9999856607161659
A0A511ML65	197	197	cluster_197	0.9999721438054346
A0A511MX35	0	0	cluster_0	0.9999995639933523
A0A511MYD2	181	181	cluster_181	0.9999924576824952
A0A511X359	0	0	cluster_0	0.9999995732913964
A0A512CFK1	0	0	cluster_0	0.9999995657700964
A0A515D1B8	0	0	cluster_0	0.9999995620163578
A0A517Q4Z9	181	181	cluster_181	0.9999922512559956
A0A517TD48	0	0	cluster_0	0.9999995645152857
A0A517YJM3	0	0	cluster_0	0.9999995706273545
A0A518BCU5	181	181	cluster_181	0.9999924373260505
A0A518DW15	181	181	cluster_181	0.9999923081539065
A0A518FK98	0	0	cluster_0	0.99999957086044
A0A518IEE8	4	4	cluster_4	0.9999857784774123
A0A518JT24	0	0	cluster_0	0.9999995627247631
A0A518VCG5	162	162	cluster_162	0.9981713528382465
A0A519BY68	74	74	cluster_74	0.9999529488061845
A0A519KTE0	181	181	cluster_181	0.9999923736280146
A0A519LD37	0	0	cluster_0	0.999999567393342
A0A519M3F3	5	5	cluster_5	0.9999903927032459
A0A519NBR5	5	5	cluster_5	0.9999903973969244
A0A519QZK7	181	181	cluster_181	0.9999923053577828
A0A520BPW9	5	5	cluster_5	0.9999904752175421
A0A520HBN0	0	0	cluster_0	0.9999995761272296
A0A520LMN6	4	4	cluster_4	0.9999858365919642
A0A520TS31	4	4	cluster_4	0.9999856596777136
A0A521A0Q5	181	181	cluster_181	0.9999923117179287
A0A521BLU3	6	6	cluster_6	0.9999803133439408
A0A521D3U7	0	0	cluster_0	0.999999579157041
A0A521LND6	74	74	cluster_74	0.9999523403113738
A0A521S914	4	4	cluster_4	0.9999855940272789
A0A521W6Y4	192	192	cluster_192	0.9999826753842771
A0A521XFB1	182	182	cluster_182	0.9999672960636476
A0A522CGR3	5	5	cluster_5	0.9999904396462119
A0A522M9Z3	2	2	cluster_2	0.9999801270030628
A0A522RZL9	2	2	cluster_2	0.9999800887283665
A0A522UUT7	182	182	cluster_182	0.9999670532806064
A0A522Z5Z1	4	4	cluster_4	0.9999858063453312
A0A523AI26	0	0	cluster_0	0.9999995764979118
A0A523AU92	10	10	cluster_10	0.9999786489011231
A0A523EM32	0	0	cluster_0	0.9999995738941804
A0A523FCE9	74	74	cluster_74	0.9999523648914763
A0A523FGJ2	0	0	cluster_0	0.9999995766183697
A0A523JJ78	181	181	cluster_181	0.9999924180269703
A0A523NTV5	181	181	cluster_181	0.9999924123289329
A0A523QCU8	4	4	cluster_4	0.9999857741061616
A0A523SVI7	4	4	cluster_4	0.9999856658548633
A0A523UBK5	181	181	cluster_181	0.99999256538535
A0A523Z2X7	182	182	cluster_182	0.9999670111265739
A0A524CHJ9	0	0	cluster_0	0.9999995741478734
A0A524DMY5	0	0	cluster_0	0.9999995729997466
A0A524GBL3	0	0	cluster_0	0.9999995795369614
A0A524GHJ7	181	181	cluster_181	0.9999924862354408
A0A524KJA0	4	4	cluster_4	0.9999857613721621
A0A524LTP6	0	0	cluster_0	0.9999995776424283
A0A524MJK2	0	0	cluster_0	0.999999567309261
A0A525CYY5	0	0	cluster_0	0.9999995770719673
A0A525VUT9	0	0	cluster_0	0.9999995747217832
A0A527J387	103	103	cluster_103	0.9999693336888984
A0A529UF78	0	0	cluster_0	0.9999995535674743
A0A532DHT2	181	181	cluster_181	0.9999922622176888
A0A532F2A4	2	2	cluster_2	0.9999805620222729
A0A533B6V9	4	4	cluster_4	0.99998566894003
A0A533VKW9	4	4	cluster_4	0.9999857934628076
A0A533Y148	4	4	cluster_4	0.9999857383001433
A0A534K9N3	0	0	cluster_0	0.9999995742182909
A0A534SGE7	0	0	cluster_0	0.9999995660416101
A0A535EE55	0	0	cluster_0	0.9999995594093467
A0A535F4F6	0	0	cluster_0	0.9999995750700341
A0A535W483	0	0	cluster_0	0.9999995578100324
A0A535X5K7	0	0	cluster_0	0.999999566531677
A0A535YZI6	4	4	cluster_4	0.9999857431373392
A0A536EA16	127	127	cluster_127	0.9998199523307553
A0A536WML5	181	181	cluster_181	0.999992570043405
A0A537FLV4	0	0	cluster_0	0.9999995698970094
A0A537ISE7	4	4	cluster_4	0.9999856427424407
A0A537JHD6	0	0	cluster_0	0.9999995585295925
A0A537K3X7	0	0	cluster_0	0.9999995581789809
A0A537M1Z2	0	0	cluster_0	0.9999995670045464
A0A537TIN8	0	0	cluster_0	0.9999995527450898
A0A538B2N7	74	74	cluster_74	0.9999538782088516
A0A538MAI0	0	0	cluster_0	0.9999995648888903
A0A538PT73	181	181	cluster_181	0.9999922419816353
A0A538R8E4	4	4	cluster_4	0.9999857496538668
A0A540V7Y6	192	192	cluster_192	0.9999824132263145
A0A540VDU3	0	0	cluster_0	0.999999571755996
A0A540VY59	0	0	cluster_0	0.9999995574113199
A0A540W4N4	197	197	cluster_197	0.9999720265009585
A0A542DNJ4	197	197	cluster_197	0.9999723326765545
A0A542GA01	0	0	cluster_0	0.9999995598032184
A0A542M2Q5	0	0	cluster_0	0.9999995550503725
A0A542S6S7	0	0	cluster_0	0.9999995660134819
A0A542ZCI1	4	4	cluster_4	0.999985769580927
A0A543DWV9	4	4	cluster_4	0.9999857919345253
A0A543J1A2	5	5	cluster_5	0.9999904888940055
A0A543JG07	0	0	cluster_0	0.999999577448045
A0A550CBC0	181	181	cluster_181	0.9999926024687998
A0A552LKY8	6	6	cluster_6	0.9999803071029703
A0A553AE47	103	103	cluster_103	0.999969725140362
A0A553JR33	6	6	cluster_6	0.9999807360754124
A0A553LZU7	175	175	cluster_175	0.999977840838619
A0A554WGL8	74	74	cluster_74	0.9999527405791897
A0A557P105	6	6	cluster_6	0.999980583933081
A0A557P8M2	0	0	cluster_0	0.9999995482510495
A0A557RM39	192	192	cluster_192	0.9999825193618894
A0A558BFA2	127	127	cluster_127	0.9998188562932376
A0A558BMB5	181	181	cluster_181	0.9999922816174391
A0A558CU86	4	4	cluster_4	0.9999857632753133
A0A558DEL7	0	0	cluster_0	0.9999995637332064
A0A560LRL9	0	0	cluster_0	0.9999995541828377
A0A560WHB1	181	181	cluster_181	0.9999923470548402
A0A561EAL4	5	5	cluster_5	0.9999904380614881
A0A562JPH4	0	0	cluster_0	0.999999574559244
A0A562V0R2	181	181	cluster_181	0.9999922877086341
A0A563DK47	0	0	cluster_0	0.9999995746037356
A0A563UD12	4	4	cluster_4	0.9999857566578392
A0A563VJ93	181	181	cluster_181	0.9999921363177119
A0A564M5G3	36	36	cluster_36	0.9991168418232713
A0A564TQV2	187	187	cluster_187	0.999953749847328
A0A5A9DZI8	74	74	cluster_74	0.9999532516963664
A0A5A9E5S8	0	0	cluster_0	0.9999995787016759
A0A5A9Z273	196	196	cluster_196	0.9999678086197792
A0A5B0G4J6	2	2	cluster_2	0.9999801867069019
A0A5B0KB34	182	182	cluster_182	0.9999676757028093
A0A5B0SW81	2	2	cluster_2	0.9999801914533413
A0A5B0VGN3	89	89	cluster_89	0.9999473775757419
A0A5B2U4B2	4	4	cluster_4	0.9999856517288644
A0A5B7UPU7	197	197	cluster_197	0.9999719734862746
A0A5B7YJM2	192	192	cluster_192	0.9999815252182518
A0A5B8A1D6	5	5	cluster_5	0.9999905143453516
A0A5B8RYG9	4	4	cluster_4	0.9999857290846947
A0A5B9DEH1	181	181	cluster_181	0.9999925797536803
A0A5B9E1N1	95	95	cluster_95	0.999956160838941
A0A5B9T7R1	69	69	cluster_69	0.9999592724249646
A0A5B9YAJ4	0	0	cluster_0	0.9999995502116055
A0A5C0B4A4	4	4	cluster_4	0.9999857886479043
A0A5C1APJ2	181	181	cluster_181	0.9999923580101976
A0A5C2HB60	0	0	cluster_0	0.9999995566075189
A0A5C4RIN1	192	192	cluster_192	0.9999822997161869
A0A5C4RN57	6	6	cluster_6	0.9999806284460367
A0A5C5VGI5	0	0	cluster_0	0.999999566290565
A0A5C5ZMZ8	0	0	cluster_0	0.9999995676521918
A0A5C6BLM6	0	0	cluster_0	0.9999995634101563
A0A5C6DEG2	181	181	cluster_181	0.9999921228873229
A0A5C6ZRL7	0	0	cluster_0	0.9999995635972062
A0A5C7BP24	2	2	cluster_2	0.9999800521137598
A0A5C7F5S2	4	4	cluster_4	0.9999855694723289
A0A5C7J8S3	182	182	cluster_182	0.999967429339502
A0A5C7K5I3	208	208	cluster_208	0.9999330198267531
A0A5C7LK55	197	197	cluster_197	0.999971922537126
A0A5C7PDU2	10	10	cluster_10	0.9999773496130975
A0A5C7PYG3	17	17	cluster_17	0.999989932686701
A0A5C7RJV6	181	181	cluster_181	0.9999921938964915
A0A5C7SI98	0	0	cluster_0	0.9999995688148032
A0A5C7W3J6	89	89	cluster_89	0.9999464068776639
A0A5C7XJI3	181	181	cluster_181	0.9999921936325197
A0A5C8FYA9	175	175	cluster_175	0.9999782873068559
A0A5C8LGF4	0	0	cluster_0	0.999999572544757
A0A5C8LH63	0	0	cluster_0	0.9999995634905234
A0A5C9ECH3	0	0	cluster_0	0.9999995793742793
A0A5D0HVF6	2	2	cluster_2	0.9999794915861778
A0A5D0SHD7	0	0	cluster_0	0.9999995683230933
A0A5D2D3W3	0	0	cluster_0	0.9999995708627637
A0A5E4INC1	4	4	cluster_4	0.9999856174650996
A0A5E4JR25	181	181	cluster_181	0.999992329008531
A0A5E4JY37	0	0	cluster_0	0.9999995754090316
A0A5E4KPJ5	0	0	cluster_0	0.9999995647283554
A0A5E4L8C5	0	0	cluster_0	0.9999995683635328
A0A5E4LXF5	14	14	cluster_14	0.9999863690097324
A0A5E4WGP0	4	4	cluster_4	0.9999857164119969
A0A5E7CMV1	0	0	cluster_0	0.9999995685919527
A0A5E7IJK8	6	6	cluster_6	0.999980983037357
A0A5F1ZBA2	4	4	cluster_4	0.9999857184311945
A0A5H1ZR47	132	132	cluster_132	0.9988860641514393
A0A5I0P2Q9	182	182	cluster_182	0.9999681083046599
A0A5I4A8N0	2	2	cluster_2	0.9999802777233685
A0A5J4FV82	4	4	cluster_4	0.9999856661577399
A0A5J4JX22	0	0	cluster_0	0.9999995518014827
A0A5J4KZH2	181	181	cluster_181	0.9999921511499927
A0A5J4PCZ3	8	8	cluster_8	0.9999754906705487
A0A5J5JSF0	0	0	cluster_0	0.9999995734462969
A0A5J5W073	4	4	cluster_4	0.9999857969026509
A0A5J6G698	181	181	cluster_181	0.9999923707480205
A0A5J6IFJ0	127	127	cluster_127	0.9998202000839183
A0A5J6L562	4	4	cluster_4	0.9999856132689503
A0A5J6LBM8	4	4	cluster_4	0.9999857136161695
A0A5J6MTU5	4	4	cluster_4	0.9999857241572593
A0A5J6P6P3	2	2	cluster_2	0.9999804457600335
A0A5J6UE86	0	0	cluster_0	0.999999568895447
A0A5J6UFQ6	197	197	cluster_197	0.9999720278251109
A0A5M6D6L0	4	4	cluster_4	0.9999859198453073
A0A5N3RXH4	55	55	cluster_55	0.9994899111768529
A0A5N7NL70	4	4	cluster_4	0.9999857495183628
A0A5N8WDT0	5	5	cluster_5	0.9999904892672998
A0A5N9CY53	0	0	cluster_0	0.9999995762230811
A0A5P1X5E4	4	4	cluster_4	0.9999856526824806
A0A5P3MU93	11	11	cluster_11	0.9992513045259594
A0A5P8JN98	12	12	cluster_12	0.9999824007404883
A0A5P8LZ48	0	0	cluster_0	0.9999995821394344
A0A5P9GNE2	74	74	cluster_74	0.9999528286378604
A0A5P9Q0F7	5	5	cluster_5	0.9999905018439017
A0A5P9WBC3	18	18	cluster_18	0.9989043307542397
A0A5P9XTU2	74	74	cluster_74	0.9999534226424321
A0A5Q0BLB1	101	101	cluster_101	0.999974295491609
A0A5Q0EJ58	2	2	cluster_2	0.9999806070882056
A0A5Q0MCZ2	0	0	cluster_0	0.9999995574306135
A0A5Q0TGN5	182	182	cluster_182	0.9999675027191751
A0A5Q2N577	0	0	cluster_0	0.9999995719739396
A0A5Q2TIX2	0	0	cluster_0	0.9999995700309775
A0A5Q3HEI8	2	2	cluster_2	0.9999805764291452
A0A5Q4FR05	0	0	cluster_0	0.9999995719550774
A0A5Q4SLS9	181	181	cluster_181	0.9999923554774838
A0A5Q8CNX0	0	0	cluster_0	0.9999995550272885
A0A5R8WTF6	5	5	cluster_5	0.999990524818787
A0A5R9QDA1	0	0	cluster_0	0.9999995681345899
A0A5R9QZY2	0	0	cluster_0	0.999999555668224
A0A5S3YAX8	192	192	cluster_192	0.9999822344106757
A0A5S3Z1N3	5	5	cluster_5	0.9999902204054741
A0A5S4F714	4	4	cluster_4	0.9999858263694188
A0A5S4URY4	192	192	cluster_192	0.9999823868434281
A0A5S5B5Q2	74	74	cluster_74	0.9999536874879281
A0A5S9F1I1	0	0	cluster_0	0.9999995727140127
A0A5S9PCK2	101	101	cluster_101	0.9999742280856796
A0A5T3EBG4	2	2	cluster_2	0.9999801903503577
A0A5T5I2L7	6	6	cluster_6	0.9999805957208693
A0A5U1A8M2	101	101	cluster_101	0.9999736604866937
A0A5U3R486	123	123	cluster_123	0.9999385419648483
A0A5U6PAX8	6	6	cluster_6	0.9999804920704751
A0A5U7RS35	2	2	cluster_2	0.9999811454938258
A0A5U8KA48	123	123	cluster_123	0.9999397798461759
A0A5U8XQ26	181	181	cluster_181	0.999992180668448
A0A5V0B8P0	2	2	cluster_2	0.9999801043323441
A0A5V5V9F4	6	6	cluster_6	0.9999804308955312
A0A5W4PV75	181	181	cluster_181	0.999992255521312
A0A5X4LHR9	156	156	cluster_156	0.998507736207654
A0A5X6EVH5	123	123	cluster_123	0.9999396902490492
A0A5Z7XTM6	2	2	cluster_2	0.9999803675277609
A0A606C674	6	6	cluster_6	0.9999804251369526
A0A628U1J1	181	181	cluster_181	0.9999924348815933
A0A635RBS4	181	181	cluster_181	0.9999920449914432
A0A644ULT1	0	0	cluster_0	0.9999995717761068
A0A644VRJ8	17	17	cluster_17	0.9999898906305117
A0A645EXZ7	0	0	cluster_0	0.9999995554145034
A0A650CL96	183	183	cluster_183	0.9999680254239947
A0A650CQA2	183	183	cluster_183	0.9999677578612478
A0A651HGB7	0	0	cluster_0	0.9999995733387821
A0A653D3M8	6	6	cluster_6	0.999980809374621
A0A653P5I4	5	5	cluster_5	0.9999904568712806
A0A653S9V7	4	4	cluster_4	0.999985567110716
A0A654DR93	182	182	cluster_182	0.9999671008063468
A0A656XW61	4	4	cluster_4	0.9999856710086578
A0A657LL99	103	103	cluster_103	0.9999698032069037
A0A658IMK3	2	2	cluster_2	0.99998022754292
A0A660A3P8	4	4	cluster_4	0.9999858168102542
A0A660PZ51	4	4	cluster_4	0.9999857339063165
A0A660QVU6	0	0	cluster_0	0.9999995680567239
A0A660R8P7	0	0	cluster_0	0.9999995711138404
A0A660RFC0	175	175	cluster_175	0.9999767652540128
A0A660RL44	0	0	cluster_0	0.9999995724983455
A0A660RPZ5	0	0	cluster_0	0.9999995674299887
A0A660RZ55	10	10	cluster_10	0.9999788592630788
A0A660T930	0	0	cluster_0	0.9999995726535428
A0A660UKH2	0	0	cluster_0	0.9999995744502802
A0A660W388	181	181	cluster_181	0.9999923801784597
A0A660WRJ6	4	4	cluster_4	0.9999856365446347
A0A660YMQ6	0	0	cluster_0	0.9999995755186651
A0A661IST0	183	183	cluster_183	0.9999652243213346
A0A661JR83	5	5	cluster_5	0.9999905175797665
A0A661MAC3	4	4	cluster_4	0.9999857928376639
A0A661MH55	0	0	cluster_0	0.9999995685444184
A0A661NCX8	6	6	cluster_6	0.9999805271622676
A0A661QVG6	4	4	cluster_4	0.999985671275972
A0A661X719	181	181	cluster_181	0.9999924950383677
A0A661XIM7	10	10	cluster_10	0.9999793225710945
A0A662AH49	6	6	cluster_6	0.9999806562677426
A0A662BTY0	0	0	cluster_0	0.9999995697741045
A0A662EZ62	0	0	cluster_0	0.999999571530473
A0A662GCF9	183	183	cluster_183	0.9999627884634307
A0A662GD04	183	183	cluster_183	0.9999667022534209
A0A662HSK1	183	183	cluster_183	0.999967501315535
A0A662ID95	183	183	cluster_183	0.9999613946892962
A0A662II30	183	183	cluster_183	0.9999676695078124
A0A662IIN5	183	183	cluster_183	0.9999678769784464
A0A662ISP3	183	183	cluster_183	0.999966873665181
A0A662J1N2	183	183	cluster_183	0.9999673651857999
A0A662J5Z6	183	183	cluster_183	0.9999674251708512
A0A662J9M6	183	183	cluster_183	0.9999668815607944
A0A662PRF2	0	0	cluster_0	0.9999995699114754
A0A662RH96	4	4	cluster_4	0.9999856228360648
A0A662TG72	183	183	cluster_183	0.9999675868959088
A0A662U5H0	0	0	cluster_0	0.9999995588519884
A0A662UB66	183	183	cluster_183	0.9999675271211469
A0A662UGZ8	0	0	cluster_0	0.9999995667540852
A0A662ULF9	183	183	cluster_183	0.9999669718117782
A0A662UUH1	183	183	cluster_183	0.9999672776144896
A0A662V6X6	183	183	cluster_183	0.9999681688715514
A0A662VDP7	183	183	cluster_183	0.9999679980293686
A0A662VIH3	183	183	cluster_183	0.9999677237694651
A0A662W327	183	183	cluster_183	0.999967819472572
A0A662ZDM5	131	131	cluster_131	0.9999834306349171
A0A669CYL2	4	4	cluster_4	0.9999853919426267
A0A673A701	5	5	cluster_5	0.9999904207179511
A0A673LKU5	5	5	cluster_5	0.9999904093986852
A0A673WT73	4	4	cluster_4	0.9999854160417003
A0A679HJ12	0	0	cluster_0	0.9999995621565335
A0A6A0HK10	0	0	cluster_0	0.999999574982276
A0A6A1VVC2	0	0	cluster_0	0.9999995697926588
A0A6A4VZX9	4	4	cluster_4	0.9999855453542035
A0A6A5QZI9	181	181	cluster_181	0.9999927026152878
A0A6A7RSL7	2	2	cluster_2	0.9999804776739998
A0A6A8ACD9	181	181	cluster_181	0.9999923041496439
A0A6A8UB22	185	185	cluster_185	0.998560248419809
A0A6A9QG94	183	183	cluster_183	0.9999676717092703
A0A6A9QVF6	10	10	cluster_10	0.9999790009234027
A0A6A9SCU2	0	0	cluster_0	0.9999995831933569
A0A6B1GRP2	192	192	cluster_192	0.9999822348447825
A0A6B1K7R6	181	181	cluster_181	0.9999923047851361
A0A6B2BYY2	181	181	cluster_181	0.9999924088178581
A0A6B2C4K8	181	181	cluster_181	0.999992559379467
A0A6B2CHL7	10	10	cluster_10	0.9999789201169839
A0A6B2FVI0	181	181	cluster_181	0.9999922505199818
A0A6B2SMT1	181	181	cluster_181	0.9999924041619577
A0A6B3BV92	0	0	cluster_0	0.9999995640111135
A0A6B3KNQ2	7	7	cluster_7	0.9999775094732684
A0A6B4A2B9	17	17	cluster_17	0.9999899499874697
A0A6B4JIJ5	17	17	cluster_17	0.9999896988419827
A0A6B4JRQ0	17	17	cluster_17	0.9999897951140863
A0A6B9D1I8	2	2	cluster_2	0.999980294824002
A0A6C0H6Q5	14	14	cluster_14	0.9999865852309462
A0A6C0KTH1	6	6	cluster_6	0.9999804212922491
A0A6C0Q1J8	0	0	cluster_0	0.9999995691281998
A0A6F8UU92	4	4	cluster_4	0.9999856681230554
A0A6G0ZGV8	4	4	cluster_4	0.9999856299398987
A0A6G1RAP4	4	4	cluster_4	0.9999854225789039
A0A6G1ST23	202	202	cluster_202	0.9999704236798065
A0A6G1WXX7	4	4	cluster_4	0.999985859351999
A0A6G2I1S2	0	0	cluster_0	0.9999995753833506
A0A6G2PZK4	0	0	cluster_0	0.9999995700798266
A0A6G2X9N1	197	197	cluster_197	0.9999719553714883
A0A6G3CQI0	181	181	cluster_181	0.9999923770757503
A0A6G3LM74	4	4	cluster_4	0.9999857821607618
A0A6G3ZR53	0	0	cluster_0	0.9999995627440947
A0A6G5QF78	4	4	cluster_4	0.9999856811538238
A0A6G6SA81	6	6	cluster_6	0.9999804533823342
A0A6G6SNZ5	182	182	cluster_182	0.9999676407258277
A0A6G7KAI7	187	187	cluster_187	0.9999531066620146
A0A6G7SZE3	0	0	cluster_0	0.9999995713816109
A0A6G7WGN8	187	187	cluster_187	0.999953202194963
A0A6G8ARE3	187	187	cluster_187	0.9999542177606665
A0A6G8DJS7	181	181	cluster_181	0.9999923799117048
A0A6G8HY03	119	119	cluster_119	0.9985973352246722
A0A6G8L0R5	0	0	cluster_0	0.9999995712059921
A0A6G8U7B9	0	0	cluster_0	0.9999995794115645
A0A6G9IAT4	3	3	cluster_3	0.9999722693349022
A0A6G9QPZ4	208	208	cluster_208	0.9999367376553864
A0A6G9WBH5	0	0	cluster_0	0.9999995747681608
A0A6G9XY87	197	197	cluster_197	0.9999720691027554
A0A6G9YUC0	197	197	cluster_197	0.9999721473392023
A0A6H0A4D1	2	2	cluster_2	0.9999803445689756
A0A6H0KQQ8	0	0	cluster_0	0.9999995642382311
A0A6H1NGD5	181	181	cluster_181	0.9999923387440257
A0A6H1NLG3	0	0	cluster_0	0.9999995608391531
A0A6H1RFF8	0	0	cluster_0	0.99999955934484
A0A6H1ZDP0	197	197	cluster_197	0.9999722216139152
A0A6H2A6Q0	17	17	cluster_17	0.9999898406016657
A0A6H9HHD3	103	103	cluster_103	0.9999700846131309
A0A6H9YWH6	181	181	cluster_181	0.9999924270886129
A0A6I1AZF0	6	6	cluster_6	0.9999803410798292
A0A6I1NPH9	95	95	cluster_95	0.9999567556006346
A0A6I2G834	5	5	cluster_5	0.9999904609361653
A0A6I2G892	0	0	cluster_0	0.9999995647206682
A0A6I2IR61	0	0	cluster_0	0.9999995639581253
A0A6I2MCR1	5	5	cluster_5	0.9999905071150346
A0A6I2RCR7	0	0	cluster_0	0.9999995631740924
A0A6I2SZJ6	192	192	cluster_192	0.9999826726938463
A0A6I2ZCU0	4	4	cluster_4	0.9999856762418013
A0A6I3I697	4	4	cluster_4	0.9999857114248186
A0A6I3J634	5	5	cluster_5	0.9999905111616267
A0A6I3VZV6	4	4	cluster_4	0.9999857643583265
A0A6I4MAU5	181	181	cluster_181	0.9999923959818011
A0A6I4MZ18	0	0	cluster_0	0.9999995682996886
A0A6I4RJE5	131	131	cluster_131	0.9999835109613712
A0A6I4V6X0	4	4	cluster_4	0.9999857714184766
A0A6I5L8Z2	4	4	cluster_4	0.9999856715709284
A0A6I6A8K3	202	202	cluster_202	0.999970914687408
A0A6I6DBP1	0	0	cluster_0	0.9999995753935891
A0A6I6EK88	101	101	cluster_101	0.9999746746552396
A0A6I6JF97	0	0	cluster_0	0.9999995719876584
A0A6I6L3C8	103	103	cluster_103	0.9999693379878104
A0A6I6SB04	181	181	cluster_181	0.9999924234491502
A0A6I7N7P0	4	4	cluster_4	0.9999855729158642
A0A6I7Q4B3	10	10	cluster_10	0.9999789991247242
A0A6I7X103	4	4	cluster_4	0.999985843222382
A0A6I9QR34	5	5	cluster_5	0.9999905947246958
A0A6I9QTP4	0	0	cluster_0	0.9999995602265508
A0A6I9REQ2	0	0	cluster_0	0.999999572100606
A0A6J0IXA6	181	181	cluster_181	0.9999926984764234
A0A6J1GL88	4	4	cluster_4	0.9999857712012623
A0A6J4CYB8	6	6	cluster_6	0.9999807519603635
A0A6J4N9P1	181	181	cluster_181	0.999992102233296
A0A6J4QU75	0	0	cluster_0	0.9999995829213683
A0A6J4R0G5	0	0	cluster_0	0.9999995829767412
A0A6J5BTB0	5	5	cluster_5	0.9999903051686344
A0A6J5KD29	2	2	cluster_2	0.9999803027400178
A0A6J6H3E3	0	0	cluster_0	0.9999995819323388
A0A6L5XDL9	6	6	cluster_6	0.9999801985861275
A0A6L5YMI0	131	131	cluster_131	0.9999833511731184
A0A6L6IH44	95	95	cluster_95	0.999956413736176
A0A6L6Q8S0	7	7	cluster_7	0.9999773023008767
A0A6L6TNG5	4	4	cluster_4	0.9999856344170992
A0A6L6X137	197	197	cluster_197	0.9999719096858424
A0A6L6Y1J9	6	6	cluster_6	0.9999806476924757
A0A6L7IM16	0	0	cluster_0	0.9999995701171273
A0A6L7SQZ7	74	74	cluster_74	0.9999526708906897
A0A6L7WYW5	4	4	cluster_4	0.9999857649015359
A0A6L8E285	181	181	cluster_181	0.9999921807433775
A0A6L9SEW2	4	4	cluster_4	0.9999858003320726
A0A6M0L4R6	4	4	cluster_4	0.9999856713086338
A0A6M0LPW9	4	4	cluster_4	0.9999857220623068
A0A6M0S2Q0	17	17	cluster_17	0.9999899912207314
A0A6M1KY41	0	0	cluster_0	0.9999995761414988
A0A6M1M225	0	0	cluster_0	0.9999995597561084
A0A6M2A4R2	4	4	cluster_4	0.9999858170705443
A0A6M3HDG5	165	165	cluster_165	0.999006435160974
A0A6M3J7T5	17	17	cluster_17	0.9999899891325652
A0A6M3KZ75	17	17	cluster_17	0.9999899880532785
A0A6M3MB12	6	6	cluster_6	0.9999805575594738
A0A6M3Z7Y3	10	10	cluster_10	0.9999794167189477
A0A6M4PF13	197	197	cluster_197	0.9999718899237635
A0A6M5YL18	181	181	cluster_181	0.9999923547714136
A0A6M8UF20	77	77	cluster_77	0.9999428663088066
A0A6N0IG21	2	2	cluster_2	0.9999800023849478
A0A6N1YHM5	0	0	cluster_0	0.999999557862313
A0A6N2B5N9	5	5	cluster_5	0.9999906099625432
A0A6N2CYS6	0	0	cluster_0	0.9999995734278012
A0A6N2HNV6	181	181	cluster_181	0.9999923747518205
A0A6N2JQ07	6	6	cluster_6	0.99998048481484
A0A6N2VBM9	3	3	cluster_3	0.9999719198983711
A0A6N2VLC5	0	0	cluster_0	0.9999995460441535
A0A6N4H2V1	4	4	cluster_4	0.9999856788543262
A0A6N4STH9	5	5	cluster_5	0.9999903763352723
A0A6N6MS85	0	0	cluster_0	0.9999995659700985
A0A6N6S0A3	181	181	cluster_181	0.9999923546299563
A0A6N7ANE0	0	0	cluster_0	0.9999995778080387
A0A6N7AR73	181	181	cluster_181	0.9999924408235636
A0A6N7Y1B4	0	0	cluster_0	0.9999995714246663
A0A6N7ZPW0	127	127	cluster_127	0.9998208306083753
A0A6N7ZRP9	72	72	cluster_72	0.9999384000249254
A0A6N8FKW7	0	0	cluster_0	0.9999995772746757
A0A6N8JF31	181	181	cluster_181	0.9999923849864462
A0A6N8UT57	192	192	cluster_192	0.9999823069284447
A0A6N8WCA7	4	4	cluster_4	0.9999857773008104
A0A6N9NX40	0	0	cluster_0	0.999999550102792
A0A6P0BEU0	0	0	cluster_0	0.9999995645319564
A0A6P0N748	12	12	cluster_12	0.9999818024637607
A0A6P0UQ84	5	5	cluster_5	0.999990363266015
A0A6P1BAZ3	8	8	cluster_8	0.9999751572855314
A0A6P1UB79	182	182	cluster_182	0.9999669456184674
A0A6P1UTT3	208	208	cluster_208	0.9999347106691119
A0A6P1V6D1	2	2	cluster_2	0.999980239349721
A0A6P1V7I3	123	123	cluster_123	0.9999398284023183
A0A6P1VMY4	181	181	cluster_181	0.9999922429125737
A0A6P2DB52	181	181	cluster_181	0.9999923844198008
A0A6P4FG72	181	181	cluster_181	0.9999927895071598
A0A6P7MIQ6	5	5	cluster_5	0.9999902700030875
A0A6P8FDS4	181	181	cluster_181	0.9999927288273525
A0A6P8SI98	5	5	cluster_5	0.9999904622427078
A0A6Q2WSQ0	5	5	cluster_5	0.999990404821719
A0A6S5JWJ8	2	2	cluster_2	0.9999801939164045
A0A6V6YNQ4	181	181	cluster_181	0.9999923837796582
A0A6V8SCA1	0	0	cluster_0	0.9999995547508409
A0A6V8SNK3	5	5	cluster_5	0.99999042192068
A0A6W4RI05	88	88	cluster_88	0.9999746511700555
A0A6W5FZD9	30	30	cluster_30	0.9994678396625839
A0A729G350	3	3	cluster_3	0.999972177222802
A0A729XFV9	6	6	cluster_6	0.9999805322120499
A0A734HNA2	2	2	cluster_2	0.9999811038384485
A0A736P5Z9	182	182	cluster_182	0.9999666605319216
A0A738Z5S4	6	6	cluster_6	0.999980550374339
A0A748ZIA1	22	22	cluster_22	0.9994299948945482
A0A754AHP3	6	6	cluster_6	0.9999804632107514
A0A756I2J3	2	2	cluster_2	0.9999811737141685
A0A757YPX3	0	0	cluster_0	0.9999995694182615
A0A765TA05	182	182	cluster_182	0.9999672257353727
A0A7C0TXM2	183	183	cluster_183	0.999967299216323
A0A7C0VQU3	0	0	cluster_0	0.999999567914166
A0A7C1BH06	183	183	cluster_183	0.9999679145999082
A0A7C1BTX6	183	183	cluster_183	0.9999673365898556
A0A7C1QU62	197	197	cluster_197	0.9999718031820487
A0A7C1S9W8	0	0	cluster_0	0.9999995656484867
A0A7C1TXS0	74	74	cluster_74	0.9999534807374082
A0A7C1VJP6	17	17	cluster_17	0.9999900531042183
A0A7C1VX49	5	5	cluster_5	0.9999902133806325
A0A7C1ZEA7	181	181	cluster_181	0.9999921409414974
A0A7C1ZIE2	0	0	cluster_0	0.9999995679323105
A0A7C2CWD8	4	4	cluster_4	0.9999856891128391
A0A7C2HZI8	0	0	cluster_0	0.9999995667929393
A0A7C2LA42	183	183	cluster_183	0.9999681859545062
A0A7C2MN87	183	183	cluster_183	0.9999672239958065
A0A7C2S0Z0	181	181	cluster_181	0.9999925025268227
A0A7C2V697	0	0	cluster_0	0.999999571487612
A0A7C2Z9C4	183	183	cluster_183	0.9999675000676023
A0A7C3AJG2	0	0	cluster_0	0.9999995761822342
A0A7C3CW16	4	4	cluster_4	0.9999856082991635
A0A7C3F2E9	0	0	cluster_0	0.9999995657276569
A0A7C3HB31	181	181	cluster_181	0.9999924343347357
A0A7C3K146	0	0	cluster_0	0.9999995783920409
A0A7C3PLL5	0	0	cluster_0	0.9999995730216868
A0A7C3PSQ5	0	0	cluster_0	0.9999995712552923
A0A7C3RWM5	175	175	cluster_175	0.9999784091233666
A0A7C3WNK7	0	0	cluster_0	0.9999995707001719
A0A7C3XK16	0	0	cluster_0	0.9999995738262151
A0A7C4BXS7	0	0	cluster_0	0.9999995724167693
A0A7C4DAR2	183	183	cluster_183	0.999967844296921
A0A7C4DBW2	181	181	cluster_181	0.9999924186267292
A0A7C4DJ22	181	181	cluster_181	0.999992337240367
A0A7C4DRR7	183	183	cluster_183	0.9999683533607222
A0A7C4E5N9	181	181	cluster_181	0.9999923726317097
A0A7C4F828	183	183	cluster_183	0.9999672363313993
A0A7C4G2Y2	183	183	cluster_183	0.9999671013927989
A0A7C4H004	183	183	cluster_183	0.9999673965005262
A0A7C4H9D9	183	183	cluster_183	0.9999680483261925
A0A7C4HPT2	0	0	cluster_0	0.9999995600033915
A0A7C4JE00	4	4	cluster_4	0.9999857508864026
A0A7C4JLW6	4	4	cluster_4	0.9999856940764354
A0A7C4M7N5	0	0	cluster_0	0.9999995742257243
A0A7C4MA36	183	183	cluster_183	0.9999675480044845
A0A7C4MCK2	69	69	cluster_69	0.9999605368662818
A0A7C4NTS2	183	183	cluster_183	0.9999677185974327
A0A7C4QJW0	183	183	cluster_183	0.9999674523392993
A0A7C4S4P9	183	183	cluster_183	0.9999668096984445
A0A7C4WAS7	183	183	cluster_183	0.9999676250847294
A0A7C4WIU5	183	183	cluster_183	0.9999677695598612
A0A7C4WSM6	74	74	cluster_74	0.9999531547428171
A0A7C4X5W1	0	0	cluster_0	0.9999995701785678
A0A7C4Z5I4	0	0	cluster_0	0.9999995775092823
A0A7C4ZJC3	103	103	cluster_103	0.9999695026369058
A0A7C4ZXZ0	0	0	cluster_0	0.9999995675555755
A0A7C5EM88	4	4	cluster_4	0.9999857479398698
A0A7C5FU80	10	10	cluster_10	0.9999781134893196
A0A7C5GJK3	10	10	cluster_10	0.9999783999578331
A0A7C5MQC4	4	4	cluster_4	0.9999857648089997
A0A7C5TWZ8	183	183	cluster_183	0.9999676580972136
A0A7C5U7H6	183	183	cluster_183	0.999967895071242
A0A7C5V1E0	183	183	cluster_183	0.9999668688881377
A0A7C5X245	10	10	cluster_10	0.9999790987956694
A0A7C5X7F7	183	183	cluster_183	0.9999672898442632
A0A7C5Y5N4	183	183	cluster_183	0.9999686812542313
A0A7C5YXX6	183	183	cluster_183	0.9999677370313221
A0A7C5ZPM1	0	0	cluster_0	0.9999995726747953
A0A7C6B1J4	0	0	cluster_0	0.9999995659509439
A0A7C6HPY4	127	127	cluster_127	0.9998183054668157
A0A7C6J9T3	0	0	cluster_0	0.9999995763491419
A0A7C6LYW8	175	175	cluster_175	0.9999790746052513
A0A7C6YP57	10	10	cluster_10	0.9999784642131482
A0A7C7CPV9	4	4	cluster_4	0.9999855753350493
A0A7C7DZQ4	0	0	cluster_0	0.9999995509340627
A0A7C7EKI3	131	131	cluster_131	0.9999835044526973
A0A7C7PAV6	181	181	cluster_181	0.9999924899277718
A0A7C9GNH4	139	139	cluster_139	0.9991499004968434
A0A7C9GVB6	74	74	cluster_74	0.9999529346207583
A0A7C9PEK1	101	101	cluster_101	0.9999740346169158
A0A7C9R6Z9	0	0	cluster_0	0.9999995670306615
A0A7D4BSG0	74	74	cluster_74	0.9999527096991396
A0A7D5FZZ2	123	123	cluster_123	0.9999394037807791
A0A7D5SWX7	4	4	cluster_4	0.9999856921486143
A0A7D6BUH7	181	181	cluster_181	0.9999924356606597
A0A7D6GS78	0	0	cluster_0	0.9999995735132052
A0A7D6USB9	123	123	cluster_123	0.9999399383610458
A0A7D6VVQ1	5	5	cluster_5	0.9999904417787346
A0A7D7V7C4	4	4	cluster_4	0.999985682834078
A0A7G1G8V4	0	0	cluster_0	0.9999995695547513
A0A7G1N7U8	127	127	cluster_127	0.9998195754496016
A0A7G2IRC4	181	181	cluster_181	0.9999921842883519
A0A7G2RV69	5	5	cluster_5	0.9999906080157815
A0A7G2SAS3	5	5	cluster_5	0.9999903956588212
A0A7G2T5W9	6	6	cluster_6	0.9999802051517878
A0A7G5MXF6	10	10	cluster_10	0.9999787329886657
A0A7G6E130	0	0	cluster_0	0.9999995746185619
A0A7G7MJF7	0	0	cluster_0	0.9999995712614391
A0A7G8VMR7	0	0	cluster_0	0.9999995709774769
A0A7G9FI99	0	0	cluster_0	0.9999995550540933
A0A7G9GWC9	175	175	cluster_175	0.999978440980001
A0A7G9W9D1	10	10	cluster_10	0.9999789732543621
A0A7H0M8K2	192	192	cluster_192	0.9999825377256846
A0A7H0MIR6	5	5	cluster_5	0.9999904293788051
A0A7H0VBC2	8	8	cluster_8	0.9999751308663832
A0A7H1BAK9	4	4	cluster_4	0.9999856650332973
A0A7H1MCK1	6	6	cluster_6	0.9999797098302237
A0A7H2YMF0	182	182	cluster_182	0.9999679314915277
A0A7H5F1N6	4	4	cluster_4	0.999985623933074
A0A7H8IZ37	181	181	cluster_181	0.9999924892403191
A0A7H8K1D4	181	181	cluster_181	0.9999923716267141
A0A7H8L339	181	181	cluster_181	0.9999924265918759
A0A7H8M914	181	181	cluster_181	0.9999921257243941
A0A7H8N349	197	197	cluster_197	0.9999717750557303
A0A7H8PZJ3	181	181	cluster_181	0.9999922709064695
A0A7H9B077	181	181	cluster_181	0.9999926338671367
A0A7H9FJJ0	145	145	cluster_145	0.9999861021527681
A0A7I7MKC8	0	0	cluster_0	0.9999995702050044
A0A7I8E844	18	18	cluster_18	0.9988317086780015
A0A7I8VAT3	5	5	cluster_5	0.9999904664258369
A0A7J0AJI8	8	8	cluster_8	0.9999754233692429
A0A7J2I1Q8	10	10	cluster_10	0.9999793707224077
A0A7J2PK43	6	6	cluster_6	0.9999805092183779
A0A7J2R1X1	181	181	cluster_181	0.999992115802467
A0A7J2RHN2	0	0	cluster_0	0.9999995673007493
A0A7J2RHT2	0	0	cluster_0	0.9999995719323453
A0A7J2TJB8	0	0	cluster_0	0.9999995782371112
A0A7J2V8T1	183	183	cluster_183	0.9999678682981767
A0A7J2VVV6	151	151	cluster_151	0.9990891264062901
A0A7J2VWC6	50	50	cluster_50	0.9993425773070773
A0A7J2VWF6	151	151	cluster_151	0.9990921062271807
A0A7J2X1N9	10	10	cluster_10	0.9999783824420528
A0A7J2X1Y4	0	0	cluster_0	0.999999572601788
A0A7J3A0H4	10	10	cluster_10	0.999979084409489
A0A7J3I6J8	183	183	cluster_183	0.9999671933560487
A0A7J3M5E6	0	0	cluster_0	0.9999995783824845
A0A7J3MXD8	183	183	cluster_183	0.9999676317760479
A0A7J3P9X0	181	181	cluster_181	0.9999924721114322
A0A7J3QAU4	183	183	cluster_183	0.9999676617447828
A0A7J3S898	0	0	cluster_0	0.9999995657137023
A0A7J3W5D4	183	183	cluster_183	0.9999664941379651
A0A7J3W5X4	10	10	cluster_10	0.9999790355153366
A0A7J3XWJ1	183	183	cluster_183	0.9999672744363144
A0A7J3XYT4	183	183	cluster_183	0.9999678281864548
A0A7J3Z8D7	183	183	cluster_183	0.9999678668469396
A0A7J4YNI7	4	4	cluster_4	0.9999856531559701
A0A7J5AAU7	0	0	cluster_0	0.999999577870304
A0A7J5DVN6	0	0	cluster_0	0.9999995657959315
A0A7J5GA63	6	6	cluster_6	0.9999805125264761
A0A7J5W220	0	0	cluster_0	0.9999995648048248
A0A7J5WYF8	181	181	cluster_181	0.9999922506220542
A0A7J7WLR3	5	5	cluster_5	0.9999904663514281
A0A7J9Q241	0	0	cluster_0	0.9999995722876165
A0A7J9YHL2	0	0	cluster_0	0.9999995695481093
A0A7K1XZ03	0	0	cluster_0	0.9999995704498157
A0A7K2CCR9	0	0	cluster_0	0.9999995680770111
A0A7K2EVI8	181	181	cluster_181	0.9999922710946179
A0A7K2J027	181	181	cluster_181	0.9999923697921633
A0A7K2KNC7	181	181	cluster_181	0.9999924022614808
A0A7K2N9P4	176	176	cluster_176	0.9991880055041324
A0A7K2YSF4	181	181	cluster_181	0.9999923013398612
A0A7K3B691	181	181	cluster_181	0.999992493680108
A0A7K3S0X0	197	197	cluster_197	0.999971917252005
A0A7K3SBH9	181	181	cluster_181	0.9999923919185078
A0A7K3ZYK3	0	0	cluster_0	0.9999995771690311
A0A7K4AJI0	0	0	cluster_0	0.9999995756597804
A0A7K4AM72	4	4	cluster_4	0.9999857330092271
A0A7K4DHJ4	4	4	cluster_4	0.9999856920807854
A0A7K4G476	0	0	cluster_0	0.9999995616389673
A0A7K6ZJ70	4	4	cluster_4	0.9999854830567025
A0A7K8R055	4	4	cluster_4	0.9999854784642522
A0A7L4P4S2	0	0	cluster_0	0.9999995708886079
A0A7L4Q9E5	181	181	cluster_181	0.9999925249554017
A0A7L4WF73	130	130	cluster_130	0.9983988170714395
A0A7L5A372	0	0	cluster_0	0.9999995673069979
A0A7L5E083	202	202	cluster_202	0.9999710180283772
A0A7L5SVI2	0	0	cluster_0	0.999999571045103
A0A7L5T6Z5	181	181	cluster_181	0.9999924102385428
A0A7L6N304	69	69	cluster_69	0.9999605231785789
A0A7L6N3Z4	69	69	cluster_69	0.9999602911598156
A0A7L9FET9	4	4	cluster_4	0.9999857596842009
A0A7M1Q509	10	10	cluster_10	0.9999785789815938
A0A7M1SVQ6	4	4	cluster_4	0.999985765504238
A0A7M1T5N8	4	4	cluster_4	0.9999856136003341
A0A7M2C8T2	181	181	cluster_181	0.9999921543660683
A0A7M2GQH8	103	103	cluster_103	0.999969242620909
A0A7M2QM72	101	101	cluster_101	0.9999733700175871
A0A7M2V601	4	4	cluster_4	0.9999855436113909
A0A7M3LUE9	0	0	cluster_0	0.9999995561563315
A0A7M3LZG4	181	181	cluster_181	0.999992371542464
A0A7M3MV25	0	0	cluster_0	0.9999995741704458
A0A7M4DTV3	107	107	cluster_107	0.9991496386751725
A0A7R7EL56	0	0	cluster_0	0.9999995512730249
A0A7R7RSL7	197	197	cluster_197	0.9999721857870859
A0A7S4H264	6	6	cluster_6	0.9999806514394178
A0A7S4ZTG0	14	14	cluster_14	0.9999866929137539
A0A7S6MVS2	0	0	cluster_0	0.9999995654540627
A0A7S6U6H0	6	6	cluster_6	0.9999804293897239
A0A7S7T3Q2	5	5	cluster_5	0.9999905419087317
A0A7S8F6D9	0	0	cluster_0	0.999999569650849
A0A7S9L072	202	202	cluster_202	0.9999717147908461
A0A7T1DXV6	7	7	cluster_7	0.9999774449326398
A0A7T2VX95	2	2	cluster_2	0.9999803893863253
A0A7T7HE15	0	0	cluster_0	0.9999995699767836
A0A7U5GVS6	5	5	cluster_5	0.9999905635188276
A0A7U6QKZ7	0	0	cluster_0	0.9999995543062091
A0A7U8B3X1	6	6	cluster_6	0.999980211780891
A0A7U8GT71	0	0	cluster_0	0.9999995570479036
A0A7U9NXL8	156	156	cluster_156	0.998489358552612
A0A7U9RV81	6	6	cluster_6	0.9999802652185105
A0A7U9S8R7	131	131	cluster_131	0.9999833909968538
A0A7U9SLK4	131	131	cluster_131	0.9999833968063248
A0A7V0IFJ3	0	0	cluster_0	0.9999995744658711
A0A7V0Z973	0	0	cluster_0	0.9999995680901321
A0A7V1H5K3	181	181	cluster_181	0.9999924652926201
A0A7V1M5M9	4	4	cluster_4	0.9999857837681638
A0A7V1ZGT2	181	181	cluster_181	0.999992466452644
A0A7V1ZJF3	175	175	cluster_175	0.9999774611343298
A0A7V1ZVD5	181	181	cluster_181	0.9999923077475205
A0A7V2EM87	0	0	cluster_0	0.9999995737044597
A0A7V2JEN2	10	10	cluster_10	0.9999774648852913
A0A7V2JH69	0	0	cluster_0	0.9999995694425354
A0A7V2QFG3	4	4	cluster_4	0.9999856883811972
A0A7V2QHJ4	0	0	cluster_0	0.9999995782077837
A0A7V3QFE4	0	0	cluster_0	0.9999995647962425
A0A7V3RXG1	5	5	cluster_5	0.9999905959388716
A0A7V3UQG5	196	196	cluster_196	0.9999687637424778
A0A7V3VBR4	4	4	cluster_4	0.9999857909702663
A0A7V4KHU8	5	5	cluster_5	0.9999905951780579
A0A7V4LYQ6	0	0	cluster_0	0.9999995692925926
A0A7V4XC42	0	0	cluster_0	0.9999995681815199
A0A7V5BN78	6	6	cluster_6	0.9999806335542861
A0A7V5CY62	197	197	cluster_197	0.9999720303341327
A0A7V5ERB8	4	4	cluster_4	0.9999858607535702
A0A7V6GAQ3	0	0	cluster_0	0.9999995696895145
A0A7V6J135	5	5	cluster_5	0.9999905581589689
A0A7V6U001	103	103	cluster_103	0.9999697277888759
A0A7V7B2W7	4	4	cluster_4	0.9999856751021052
A0A7V7G0A3	181	181	cluster_181	0.9999924124504466
A0A7V7MIF6	181	181	cluster_181	0.9999923910533896
A0A7V7X3B0	4	4	cluster_4	0.9999857068855859
A0A7V8BZ85	0	0	cluster_0	0.9999995674590264
A0A7V8CYW1	5	5	cluster_5	0.9999905257433777
A0A7V8K1I8	7	7	cluster_7	0.9999774389503687
A0A7V9A8P3	0	0	cluster_0	0.9999995695527152
A0A7V9AA96	0	0	cluster_0	0.9999995674430454
A0A7V9MX41	0	0	cluster_0	0.9999995676176658
A0A7V9U8B3	5	5	cluster_5	0.9999905182354831
A0A7W0A248	4	4	cluster_4	0.9999857365277273
A0A7W0I1S1	0	0	cluster_0	0.9999995646816214
A0A7W0Q3C7	0	0	cluster_0	0.9999995640501331
A0A7W0UW27	181	181	cluster_181	0.9999924722763686
A0A7W0ZU24	0	0	cluster_0	0.9999995645023074
A0A7W1HH64	0	0	cluster_0	0.9999995689600977
A0A7W1ILR5	181	181	cluster_181	0.999992417079355
A0A7W1RF08	0	0	cluster_0	0.999999569281348
A0A7W1RW23	0	0	cluster_0	0.999999567660331
A0A7W2J0Q8	175	175	cluster_175	0.9999777012288775
A0A7W2Z9G5	101	101	cluster_101	0.9999715981982683
A0A7W3RFL5	0	0	cluster_0	0.9999995756125519
A0A7W3SSW8	0	0	cluster_0	0.9999995759271052
A0A7W3TRZ0	6	6	cluster_6	0.9999802727693137
A0A7W3WSY1	181	181	cluster_181	0.9999921874481373
A0A7W4GU10	4	4	cluster_4	0.9999856893047646
A0A7W4HLB3	10	10	cluster_10	0.9999788752543199
A0A7W4JQX9	0	0	cluster_0	0.9999995574681009
A0A7W4KLJ7	2	2	cluster_2	0.9999800842163321
A0A7W4XZN2	181	181	cluster_181	0.9999922219868563
A0A7W4YTA2	0	0	cluster_0	0.9999995569734295
A0A7W5ASH8	181	181	cluster_181	0.9999923057586828
A0A7W5GWB6	6	6	cluster_6	0.9999807286296911
A0A7W5H2E7	0	0	cluster_0	0.999999570814139
A0A7W5K0F7	74	74	cluster_74	0.9999535255009763
A0A7W5QL63	103	103	cluster_103	0.9999692642615287
A0A7W6B0K6	0	0	cluster_0	0.9999995792663507
A0A7W6EEJ8	17	17	cluster_17	0.9999900102618676
A0A7W6KDF5	0	0	cluster_0	0.9999995762076446
A0A7W6LX24	103	103	cluster_103	0.9999696084094939
A0A7W6RX85	0	0	cluster_0	0.999999571783305
A0A7W6SFS9	0	0	cluster_0	0.9999995631135575
A0A7W7G9J5	197	197	cluster_197	0.9999720126311071
A0A7W7N3W9	0	0	cluster_0	0.999999568665128
A0A7W7ZCY8	182	182	cluster_182	0.9999675849872139
A0A7W8BKU4	0	0	cluster_0	0.9999995743424013
A0A7W8FTD1	74	74	cluster_74	0.9999534242899333
A0A7W8JF42	74	74	cluster_74	0.9999529176756583
A0A7W8JW03	5	5	cluster_5	0.9999903893151385
A0A7W8KQZ2	0	0	cluster_0	0.9999995530074244
A0A7W8UQX9	2	2	cluster_2	0.9999800075736094
A0A7W8WLT0	2	2	cluster_2	0.9999803971744959
A0A7W8ZL34	4	4	cluster_4	0.9999857164460886
A0A7W9LPV4	127	127	cluster_127	0.9998209031777451
A0A7W9SLM9	181	181	cluster_181	0.9999923653434336
A0A7W9T689	181	181	cluster_181	0.9999922839453079
A0A7X0LWB4	17	17	cluster_17	0.9999898712635933
A0A7X0P347	0	0	cluster_0	0.9999995662060593
A0A7X0VYA8	0	0	cluster_0	0.9999995800386453
A0A7X0W4Y2	97	97	cluster_97	0.999725682702261
A0A7X0WGQ1	88	88	cluster_88	0.9999748849312526
A0A7X0X9I9	15	15	cluster_15	0.9991450985513508
A0A7X0X9M6	177	177	cluster_177	0.9992812167849453
A0A7X0XBX8	88	88	cluster_88	0.9999755516749649
A0A7X0XM77	88	88	cluster_88	0.9999750160850926
A0A7X0ZEC6	114	114	cluster_114	0.9987181980580346
A0A7X0ZFI6	15	15	cluster_15	0.9991617871272467
A0A7X0ZGX8	181	181	cluster_181	0.9999924359398188
A0A7X1BTS0	101	101	cluster_101	0.9999760145467584
A0A7X1CJZ2	175	175	cluster_175	0.9999782259978333
A0A7X1LN05	208	208	cluster_208	0.9999361074159369
A0A7X1NH29	2	2	cluster_2	0.9999801802303463
A0A7X1ZD93	0	0	cluster_0	0.999999570990185
A0A7X2BTZ4	2	2	cluster_2	0.9999804354651907
A0A7X2G1R9	6	6	cluster_6	0.9999803747977751
A0A7X2L2U6	0	0	cluster_0	0.9999995687300983
A0A7X2NM68	0	0	cluster_0	0.9999995504605586
A0A7X2VHX6	116	116	cluster_116	0.9991039587791072
A0A7X2ZAI6	4	4	cluster_4	0.999985742616796
A0A7X3G8I8	131	131	cluster_131	0.9999835616521299
A0A7X3H2S2	0	0	cluster_0	0.9999995679783326
A0A7X3M513	0	0	cluster_0	0.9999995688708765
A0A7X3MRT9	0	0	cluster_0	0.9999995580405648
A0A7X3P015	17	17	cluster_17	0.9999898540623385
A0A7X3VS49	17	17	cluster_17	0.9999899009208182
A0A7X3ZZ62	0	0	cluster_0	0.9999995665263699
A0A7X4ZA69	17	17	cluster_17	0.9999897829896253
A0A7X5HWF2	131	131	cluster_131	0.9999837897120586
A0A7X5I636	182	182	cluster_182	0.9999675101913678
A0A7X5QHM3	192	192	cluster_192	0.9999823176151622
A0A7X6J8I3	14	14	cluster_14	0.9999864998318794
A0A7X6X7H7	10	10	cluster_10	0.9999782470751885
A0A7X6ZSL8	17	17	cluster_17	0.9999894553434253
A0A7X7B4Y0	0	0	cluster_0	0.9999995502495382
A0A7X7H5E3	181	181	cluster_181	0.9999924176469172
A0A7X7I130	0	0	cluster_0	0.9999995711731469
A0A7X7J1I3	0	0	cluster_0	0.9999995607442389
A0A7X7N701	181	181	cluster_181	0.9999922675288869
A0A7X7THV5	0	0	cluster_0	0.9999995628913069
A0A7X7YU53	10	10	cluster_10	0.9999788416351292
A0A7X8C7R5	0	0	cluster_0	0.9999995709172809
A0A7X8DCI6	5	5	cluster_5	0.9999904842021691
A0A7X8GV85	4	4	cluster_4	0.9999857063416929
A0A7X8L5K6	131	131	cluster_131	0.9999835011135981
A0A7X8LD53	6	6	cluster_6	0.999980535935538
A0A7X8REB6	0	0	cluster_0	0.9999995547250886
A0A7X8S4U1	103	103	cluster_103	0.9999695236482329
A0A7X8WDR1	91	91	cluster_91	0.9992457880012997
A0A7X8Z042	0	0	cluster_0	0.9999995652096715
A0A7X8Z5R0	4	4	cluster_4	0.999985879965905
A0A7X9B3U1	181	181	cluster_181	0.9999921420621865
A0A7X9BLH3	0	0	cluster_0	0.999999580088295
A0A7X9BQ49	10	10	cluster_10	0.9999786251900824
A0A7X9BY54	0	0	cluster_0	0.9999995781478689
A0A7X9MTT8	4	4	cluster_4	0.9999856954779949
A0A7X9P7K8	5	5	cluster_5	0.9999906083625918
A0A7X9PDB7	0	0	cluster_0	0.9999995691419334
A0A7X9PEV5	0	0	cluster_0	0.9999995805959754
A0A7X9RZA8	181	181	cluster_181	0.9999923902675952
A0A7X9SJR9	10	10	cluster_10	0.9999807778873296
A0A7Y0H0B8	0	0	cluster_0	0.9999995527403653
A0A7Y0HAT3	192	192	cluster_192	0.999982363741806
A0A7Y1EYP3	0	0	cluster_0	0.9999995685919498
A0A7Y1X9B1	0	0	cluster_0	0.9999995834663543
A0A7Y1ZNX7	4	4	cluster_4	0.9999857953512293
A0A7Y2EZD9	0	0	cluster_0	0.9999995730719209
A0A7Y2MAD8	74	74	cluster_74	0.9999527103115724
A0A7Y2TLH3	0	0	cluster_0	0.9999995566879005
A0A7Y2TMN9	4	4	cluster_4	0.9999856720385695
A0A7Y3P5K3	0	0	cluster_0	0.9999995734788628
A0A7Y3Q409	182	182	cluster_182	0.9999676522217572
A0A7Y3RAH2	0	0	cluster_0	0.9999995632689427
A0A7Y3TF55	0	0	cluster_0	0.9999995775994369
A0A7Y3W3M6	0	0	cluster_0	0.9999995690971659
A0A7Y4AZI7	192	192	cluster_192	0.9999816971810507
A0A7Y4ED74	182	182	cluster_182	0.9999673835931223
A0A7Y4F1P6	101	101	cluster_101	0.9999741107051101
A0A7Y4GUW1	4	4	cluster_4	0.9999857418036607
A0A7Y4RQQ5	4	4	cluster_4	0.9999857011706789
A0A7Y4XGS7	0	0	cluster_0	0.9999995629478072
A0A7Y5DRL5	202	202	cluster_202	0.9999706531436081
A0A7Y5ESZ9	10	10	cluster_10	0.9999798055758581
A0A7Y5GSC2	0	0	cluster_0	0.9999995668423602
A0A7Y5GYG3	6	6	cluster_6	0.9999804563676583
A0A7Y5KZE8	4	4	cluster_4	0.9999857149230635
A0A7Y5M0C4	0	0	cluster_0	0.9999995781736052
A0A7Y5PKY7	4	4	cluster_4	0.9999856136614079
A0A7Y5SCD4	0	0	cluster_0	0.9999995633675026
A0A7Y6C199	0	0	cluster_0	0.9999995644242666
A0A7Y6Q0J1	0	0	cluster_0	0.9999995646307324
A0A7Y6TTU6	6	6	cluster_6	0.9999805008417398
A0A7Y6TZ16	2	2	cluster_2	0.9999805344155618
A0A7Y7NJ03	0	0	cluster_0	0.9999995625551874
A0A7Y7NWF4	4	4	cluster_4	0.9999856758486433
A0A7Y7SQ27	2	2	cluster_2	0.9999803737361822
A0A7Y8JBH1	5	5	cluster_5	0.9999904630946459
A0A7Y8M068	0	0	cluster_0	0.999999569414689
A0A7Y8S2G2	131	131	cluster_131	0.9999834646566902
A0A7Y9EM15	181	181	cluster_181	0.9999921724268033
A0A7Y9JBE1	0	0	cluster_0	0.9999995724504721
A0A7Y9S1B9	0	0	cluster_0	0.999999568602836
A0A7Y9W1N6	182	182	cluster_182	0.9999669235147232
A0A7Y9WHX9	5	5	cluster_5	0.999990219197437
A0A7Z0S5Y9	74	74	cluster_74	0.999953742263862
A0A7Z0SUJ9	5	5	cluster_5	0.9999905229407229
A0A7Z0WHV0	127	127	cluster_127	0.9998208743486993
A0A7Z1TH59	2	2	cluster_2	0.9999803353246806
A0A7Z7FNN6	2	2	cluster_2	0.999980081817578
A0A7Z7PT04	0	0	cluster_0	0.9999995537127324
A0A7Z7VNZ8	208	208	cluster_208	0.9999363947649852
A0A811BR59	2	2	cluster_2	0.9999803920583159
A0A813PQ26	14	14	cluster_14	0.9999862547290452
A0A815PRD6	181	181	cluster_181	0.9999928049290853
A0A817B1N5	5	5	cluster_5	0.9999904127367267
A0A821EZK9	14	14	cluster_14	0.999986551403489
A0A822V658	0	0	cluster_0	0.9999995743239884
A0A823IYL9	114	114	cluster_114	0.9987175438321576
A0A823J4W2	177	177	cluster_177	0.9993119376646652
A0A829YGA1	2	2	cluster_2	0.9999795897049429
A0A830EKN2	10	10	cluster_10	0.999979663995764
A0A831UB78	181	181	cluster_181	0.9999925638483887
A0A832CCQ3	0	0	cluster_0	0.9999995800765249
A0A832CLH1	183	183	cluster_183	0.999967316165383
A0A832FU22	10	10	cluster_10	0.9999799491064916
A0A832HA98	4	4	cluster_4	0.999985783835743
A0A832HT82	10	10	cluster_10	0.9999769983017668
A0A832M0J0	183	183	cluster_183	0.9999676142974381
A0A832MB68	181	181	cluster_181	0.9999923200000891
A0A832NQG8	0	0	cluster_0	0.9999995691165839
A0A832RS45	181	181	cluster_181	0.9999923596433304
A0A832RUW3	74	74	cluster_74	0.9999537191323398
A0A832S876	0	0	cluster_0	0.9999995641346245
A0A832T0Y3	0	0	cluster_0	0.9999995768316049
A0A832VE90	0	0	cluster_0	0.9999995744637199
A0A835KPF9	0	0	cluster_0	0.9999995715237042
A0A836TC20	4	4	cluster_4	0.9999856676340768
A0A837RLB1	181	181	cluster_181	0.9999923086773712
A0A838EH79	181	181	cluster_181	0.9999921648777287
A0A838S422	5	5	cluster_5	0.9999905490001245
A0A838YJ59	0	0	cluster_0	0.9999995702551224
A0A838Z1Z3	4	4	cluster_4	0.9999856458271936
A0A839RI50	4	4	cluster_4	0.9999856382798303
A0A839WLW3	2	2	cluster_2	0.9999803687675026
A0A840D808	0	0	cluster_0	0.9999995629899652
A0A840FVS2	182	182	cluster_182	0.9999672196480075
A0A840FVV2	0	0	cluster_0	0.9999995710390702
A0A840UMI5	175	175	cluster_175	0.999978431554075
A0A840VI55	74	74	cluster_74	0.9999526145551484
A0A840YG56	0	0	cluster_0	0.9999995562034907
A0A841GX56	0	0	cluster_0	0.999999574805116
A0A842AFU9	175	175	cluster_175	0.9999783557215319
A0A842B0R8	10	10	cluster_10	0.9999790992542998
A0A842CZK2	0	0	cluster_0	0.9999995716311462
A0A842G382	10	10	cluster_10	0.9999787107154693
A0A842M336	0	0	cluster_0	0.9999995658619909
A0A842SZS8	0	0	cluster_0	0.9999995734358579
A0A842TP36	4	4	cluster_4	0.9999858053343761
A0A842UDS3	6	6	cluster_6	0.99998072009943
A0A842W4Q7	181	181	cluster_181	0.9999920587111885
A0A842W6H2	197	197	cluster_197	0.9999714923604154
A0A842X888	181	181	cluster_181	0.999992434392041
A0A842Y7E9	0	0	cluster_0	0.9999995661376954
A0A843BQF2	6	6	cluster_6	0.9999806057534969
A0A843HU57	181	181	cluster_181	0.9999924891161907
A0A844SB32	196	196	cluster_196	0.9999677363976084
A0A844TZV4	4	4	cluster_4	0.9999856414796572
A0A844X4T5	6	6	cluster_6	0.9999807592951593
A0A845BAH8	0	0	cluster_0	0.9999995585541516
A0A845L102	0	0	cluster_0	0.9999995718939915
A0A845LB71	6	6	cluster_6	0.999980854980081
A0A845QYG2	175	175	cluster_175	0.99997869189076
A0A845RB56	17	17	cluster_17	0.9999894455773591
A0A845UMH8	74	74	cluster_74	0.9999525060921819
A0A847CPF8	4	4	cluster_4	0.9999856436794698
A0A847JBR5	0	0	cluster_0	0.9999995568557777
A0A847KZY0	4	4	cluster_4	0.9999857709571409
A0A847LBU2	4	4	cluster_4	0.9999856637948837
A0A847QN33	0	0	cluster_0	0.9999995770626163
A0A847T5F1	0	0	cluster_0	0.9999995768526903
A0A847YL98	4	4	cluster_4	0.9999857650109915
A0A848CWU3	175	175	cluster_175	0.9999784060385251
A0A848GEU6	4	4	cluster_4	0.999985705353682
A0A848NFB6	2	2	cluster_2	0.9999802456991176
A0A848PX29	4	4	cluster_4	0.9999857180955471
A0A848ZQW1	0	0	cluster_0	0.9999995714470553
A0A849FD78	181	181	cluster_181	0.9999923620332453
A0A849M8T8	181	181	cluster_181	0.9999924703729117
A0A849MMS2	4	4	cluster_4	0.9999857893713967
A0A849T946	10	10	cluster_10	0.9999788342655668
A0A849WCN8	0	0	cluster_0	0.9999995603232489
A0A850DJA9	127	127	cluster_127	0.9998211973260224
A0A850JBS5	181	181	cluster_181	0.9999921276234541
A0A850LJR8	4	4	cluster_4	0.9999856124436747
A0A850MHK7	4	4	cluster_4	0.9999856034807056
A0A850RE71	2	2	cluster_2	0.9999804544501754
A0A851G2N2	123	123	cluster_123	0.9999393778740755
A0A851G347	2	2	cluster_2	0.9999805408336168
A0A851I322	131	131	cluster_131	0.9999835595583869
A0A851I3G7	88	88	cluster_88	0.9999748146696421
A0A851IC01	131	131	cluster_131	0.9999835367638882
A0A851IEN4	175	175	cluster_175	0.9999784786863845
A0A852XHX6	4	4	cluster_4	0.9999856826688491
A0A853DKR2	0	0	cluster_0	0.9999995664367213
A0A853FYB6	196	196	cluster_196	0.9999678885727643
A0A853GRN0	196	196	cluster_196	0.9999689375299325
A0A853H8V0	4	4	cluster_4	0.9999857805124108
A0A855NEP2	6	6	cluster_6	0.9999808669178398
A0A857DJY8	0	0	cluster_0	0.999999576463567
A0A858QC68	4	4	cluster_4	0.9999857603427444
A0A859FCV8	4	4	cluster_4	0.9999856335913149
A0A859IEM0	6	6	cluster_6	0.9999801945552221
A0A894KLM0	5	5	cluster_5	0.9999906113960672
A0A897NLI3	0	0	cluster_0	0.9999995725134598
A0A8A4KAP3	123	123	cluster_123	0.9999424229486856
A0A8B3DK38	101	101	cluster_101	0.9999744647028627
A0A8B5ZK83	74	74	cluster_74	0.9999536942422829
A0A8B6IUU9	0	0	cluster_0	0.999999556723077
A0A8B7AP87	4	4	cluster_4	0.9999854388097119
A0A8B8ULH6	181	181	cluster_181	0.9999925071233059
A0A8B9D4F4	5	5	cluster_5	0.9999904098293437
A0A8C2E417	5	5	cluster_5	0.9999904678123025
A0A8C2GWH1	5	5	cluster_5	0.9999905142731101
A0A8C3F7X7	5	5	cluster_5	0.9999904469856686
A0A8C4ZFH6	5	5	cluster_5	0.9999902368708916
A0A8C4ZHX9	4	4	cluster_4	0.9999854009049826
A0A8C5BDH6	5	5	cluster_5	0.9999904370870056
A0A8C7GZ46	4	4	cluster_4	0.999985382455632
A0A8C7K0S7	4	4	cluster_4	0.9999854617299965
A0A8C8FI13	5	5	cluster_5	0.9999904393392749
A0A8C9U2F4	5	5	cluster_5	0.9999904114516822
A0A8D4VNT4	4	4	cluster_4	0.9999858243337927
A0A8D5U4S4	183	183	cluster_183	0.9999671428439729
A0A8D5U6Q3	0	0	cluster_0	0.9999995733212224
A0A8D8SYS6	181	181	cluster_181	0.9999927672371494
A0A8E0I4D3	5	5	cluster_5	0.9999903726877792
A0A8E0SDX2	0	0	cluster_0	0.9999995745467798
A0A8E0VC36	0	0	cluster_0	0.9999995683252558
A0A8E1RZ45	192	192	cluster_192	0.9999822000299936
A0A8E2BCJ0	0	0	cluster_0	0.9999995831115921
A0A8E4MC86	5	5	cluster_5	0.9999904500732004
A0A8F2B0J1	4	4	cluster_4	0.9999857596474427
A0A8F5C1V0	181	181	cluster_181	0.9999925040766979
A0A8F5GV21	183	183	cluster_183	0.9999676633083764
A0A8F7N4P3	0	0	cluster_0	0.9999995662476765
A0A8F7UGC1	2	2	cluster_2	0.9999803901424106
A0A8G2C406	74	74	cluster_74	0.9999539379523436
A0A8H2VDA0	181	181	cluster_181	0.9999924735721462
A0A8H3QZ02	5	5	cluster_5	0.9999902876524657
A0A8H9IPG8	0	0	cluster_0	0.9999995622602968
A0A8H9QUF4	17	17	cluster_17	0.9999897680738477
A0A8H9TUQ5	2	2	cluster_2	0.9999802419981563
A0A8I0BM05	182	182	cluster_182	0.9999677056202538
A0A8I0E3Z7	0	0	cluster_0	0.9999995631835216
A0A8I0M3Q8	0	0	cluster_0	0.9999995759437457
A0A8I1RGF8	0	0	cluster_0	0.9999995696549684
A0A8I1UQS6	0	0	cluster_0	0.9999995687189546
A0A8I2B4V4	2	2	cluster_2	0.9999807072733438
A0A8J2T4N7	181	181	cluster_181	0.9999924682962268
A0A8J2TP66	4	4	cluster_4	0.9999856934473043
A0A8J2VHP5	0	0	cluster_0	0.9999995712527212
A0A8J2ZWM7	17	17	cluster_17	0.9999898354457336
A0A8J3AHV3	4	4	cluster_4	0.9999857037181733
A0A8J3D1J2	202	202	cluster_202	0.9999706351221902
A0A8J3FST0	197	197	cluster_197	0.9999722114582124
A0A8J3FTD8	197	197	cluster_197	0.9999723499331348
A0A8J3GMY9	103	103	cluster_103	0.9999698800673871
A0A8J3L022	0	0	cluster_0	0.9999995733669148
A0A8J3WI52	0	0	cluster_0	0.9999995692324973
A0A8J3YD85	0	0	cluster_0	0.999999569241239
A0A8J4DES2	0	0	cluster_0	0.9999995657763132
A0A8J4FAD4	0	0	cluster_0	0.9999995691570873
A0A8J4YAT8	5	5	cluster_5	0.999990424069491
A0A8J6J4B5	4	4	cluster_4	0.9999856444014515
A0A8J6R640	4	4	cluster_4	0.9999857700604851
A0A8J6STD7	6	6	cluster_6	0.999980492312801
A0A8J6V8X3	6	6	cluster_6	0.9999805353240231
A0A8J6Y575	181	181	cluster_181	0.999992494581666
A0A8J6Z960	4	4	cluster_4	0.9999858287517238
A0A8J7CXU6	6	6	cluster_6	0.9999803196590525
A0A8J7GM40	197	197	cluster_197	0.9999722955436511
A0A8J7JN47	6	6	cluster_6	0.9999805164415075
A0A8J7Q2U5	181	181	cluster_181	0.9999922660836402
A0A8J7R3F4	0	0	cluster_0	0.9999995665816785
A0A8J7ZK75	0	0	cluster_0	0.9999995761589981
A0A8J8BSJ0	181	181	cluster_181	0.9999924450598113
A0A8J8EE43	0	0	cluster_0	0.9999995791070078
A0A8J8IYN7	0	0	cluster_0	0.999999562982693
A0A8J8K305	0	0	cluster_0	0.9999995680561603
A0A8J8MEW2	0	0	cluster_0	0.9999995738913051
A0A8J8MNR8	0	0	cluster_0	0.9999995739723101
A0A8M0FGS8	3	3	cluster_3	0.9999726884368277
A0A8S0WLY5	6	6	cluster_6	0.9999806927290654
A0A8S7EG33	2	2	cluster_2	0.9999802568074891
A0A8T0AWH5	181	181	cluster_181	0.9999926043473005
A0A8T0JP32	0	0	cluster_0	0.9999995703574124
A0A8T2BM23	0	0	cluster_0	0.9999995712183529
A0A8T3KWB5	74	74	cluster_74	0.9999538311291272
A0A8T3NK70	5	5	cluster_5	0.9999904918522964
A0A8T3W2U3	0	0	cluster_0	0.9999995658763712
A0A8T3XE41	0	0	cluster_0	0.999999574367564
A0A8T4MTW9	181	181	cluster_181	0.9999922029620663
A0A8T4PRB2	0	0	cluster_0	0.9999995883769464
A0A8T4UXN6	181	181	cluster_181	0.9999922142665151
A0A8T4V3T2	0	0	cluster_0	0.99999957736672
A0A8T4WEG0	0	0	cluster_0	0.9999995721262284
A0A8T5H1U1	0	0	cluster_0	0.9999995627581064
A0A8T5IAN8	0	0	cluster_0	0.999999573881166
A0A8T5LRQ0	0	0	cluster_0	0.9999995766330547
A0A8T5M6G4	0	0	cluster_0	0.9999995774485688
A0A8T5NE89	0	0	cluster_0	0.9999995674002751
A0A8T5QXQ1	196	196	cluster_196	0.9999680126477913
A0A8T5R6K4	0	0	cluster_0	0.9999995690890593
A0A8T5T3E7	17	17	cluster_17	0.9999900017574403
A0A8T5T4M3	0	0	cluster_0	0.999999570955026
A0A8T5U730	17	17	cluster_17	0.9999898997610323
A0A8T5UH17	0	0	cluster_0	0.9999995713259734
A0A8T5XQM0	10	10	cluster_10	0.9999809627515611
A0A8T6G746	181	181	cluster_181	0.9999920469169223
A0A8T6M651	181	181	cluster_181	0.9999923596339803
A0A8T7FL09	4	4	cluster_4	0.9999856727498234
A0A8T7GQ01	183	183	cluster_183	0.9999680411304209
A0A8T8E1Y5	181	181	cluster_181	0.9999924632050343
A0A8T8IAG6	0	0	cluster_0	0.9999995712364271
A0A8W8J757	181	181	cluster_181	0.9999928438750288
A0A8X6ETY5	6	6	cluster_6	0.9999805251366085
A0A8X8C815	0	0	cluster_0	0.9999995684282916
A0A913Y1Q7	5	5	cluster_5	0.9999904618377893
A0A915Q9D6	19	19	cluster_19	0.9995211170471241
A0A916A6C1	74	74	cluster_74	0.9999536681523035
A0A916CQD4	4	4	cluster_4	0.9999857597604807
A0A916EP14	2	2	cluster_2	0.9999802084513978
A0A916G826	6	6	cluster_6	0.9999804943353366
A0A916HZ82	0	0	cluster_0	0.9999995677464012
A0A916I5Q9	181	181	cluster_181	0.9999921498628195
A0A917DD97	0	0	cluster_0	0.9999995864701858
A0A917GS28	0	0	cluster_0	0.9999995774882673
A0A917K7L7	0	0	cluster_0	0.9999995785958793
A0A917UVM5	0	0	cluster_0	0.9999995733647317
A0A917WWG1	181	181	cluster_181	0.9999923338482153
A0A917XGR6	181	181	cluster_181	0.9999923653945717
A0A917Z319	182	182	cluster_182	0.9999678310809654
A0A918F499	0	0	cluster_0	0.9999995621611183
A0A918NZF1	4	4	cluster_4	0.9999858064707249
A0A918ZET7	181	181	cluster_181	0.9999924280551773
A0A919B2V8	197	197	cluster_197	0.9999720943138228
A0A919BRN2	6	6	cluster_6	0.9999806420049099
A0A919EEZ6	197	197	cluster_197	0.9999717928278861
A0A919EGN6	181	181	cluster_181	0.9999924327071571
A0A919PH84	0	0	cluster_0	0.999999569175027
A0A919PSW4	6	6	cluster_6	0.9999807277147
A0A919WZ62	0	0	cluster_0	0.9999995747678786
A0A919X635	0	0	cluster_0	0.9999995782143312
A0A919XA24	0	0	cluster_0	0.9999995730509783
A0A920R255	0	0	cluster_0	0.9999995745678032
A0A921L6F5	0	0	cluster_0	0.9999995667110667
A0A921SUG3	6	6	cluster_6	0.9999806049456482
A0A923CR05	0	0	cluster_0	0.9999995701397804
A0A923E5M9	0	0	cluster_0	0.9999995595352756
A0A923FAZ3	74	74	cluster_74	0.9999536313190598
A0A923M867	182	182	cluster_182	0.9999680327717371
A0A923MDE4	2	2	cluster_2	0.9999805404126156
A0A923S8K0	69	69	cluster_69	0.9999607245981477
A0A923XKA0	0	0	cluster_0	0.9999995557724416
A0A924GW39	192	192	cluster_192	0.9999822982981685
A0A924KT45	4	4	cluster_4	0.99998554582014
A0A924R9V1	0	0	cluster_0	0.9999995649114909
A0A924SM71	192	192	cluster_192	0.9999823637535222
A0A925CM97	181	181	cluster_181	0.9999922539648995
A0A925DRV7	0	0	cluster_0	0.9999995712723773
A0A925LQT8	0	0	cluster_0	0.9999995593118999
A0A925MC29	0	0	cluster_0	0.9999995636974169
A0A925PIE2	0	0	cluster_0	0.9999995521697078
A0A925S974	196	196	cluster_196	0.999967077045095
A0A925XAL7	181	181	cluster_181	0.9999923521942645
A0A926D3J6	12	12	cluster_12	0.9999816077989213
A0A926U8W5	4	4	cluster_4	0.9999857628955491
A0A927A7Y7	6	6	cluster_6	0.9999803727507004
A0A927CRA7	5	5	cluster_5	0.9999904603985509
A0A927CVJ3	0	0	cluster_0	0.9999995590239357
A0A927LEF7	4	4	cluster_4	0.9999856551555114
A0A927QC01	22	22	cluster_22	0.9994376975760749
A0A927QZT8	181	181	cluster_181	0.9999922625055849
A0A927S158	4	4	cluster_4	0.9999859055836263
A0A927SMX5	0	0	cluster_0	0.999999571039034
A0A927Y0F2	5	5	cluster_5	0.9999905181235488
A0A927Z2W2	0	0	cluster_0	0.9999995751120112
A0A928AB58	187	187	cluster_187	0.9999495882694663
A0A928BYW6	6	6	cluster_6	0.9999802089979628
A0A928DVS4	196	196	cluster_196	0.9999685497908402
A0A928L4V8	17	17	cluster_17	0.9999898407086792
A0A928QQL1	17	17	cluster_17	0.9999900010022762
A0A928U5A9	0	0	cluster_0	0.9999995833678145
A0A928U9N1	181	181	cluster_181	0.999992377569216
A0A928XBM2	197	197	cluster_197	0.9999722102003967
A0A928YSE3	4	4	cluster_4	0.9999858095647911
A0A929D4J9	4	4	cluster_4	0.9999856054995743
A0A929KFH0	181	181	cluster_181	0.9999923639052392
A0A929PE58	0	0	cluster_0	0.9999995647743629
A0A929TRJ5	5	5	cluster_5	0.9999904956852697
A0A929VQV4	131	131	cluster_131	0.9999836262337956
A0A930BC59	44	44	cluster_44	0.9991852598722558
A0A930FH97	164	164	cluster_164	0.9995587213205854
A0A930QMK2	131	131	cluster_131	0.9999834082110375
A0A930R510	187	187	cluster_187	0.9999532204426868
A0A930SD18	181	181	cluster_181	0.999992113766401
A0A930SQU6	4	4	cluster_4	0.9999857936522933
A0A931BA27	181	181	cluster_181	0.9999923054835479
A0A931DNT5	181	181	cluster_181	0.9999922786427582
A0A931E036	0	0	cluster_0	0.9999995734905286
A0A931RZM9	0	0	cluster_0	0.9999995624154293
A0A931VR21	181	181	cluster_181	0.9999921843249125
A0A932BZV2	0	0	cluster_0	0.999999573842862
A0A932EJ77	181	181	cluster_181	0.9999923374881583
A0A932HFJ8	0	0	cluster_0	0.9999995786056884
A0A932TIW6	0	0	cluster_0	0.9999995695519207
A0A932U4L8	10	10	cluster_10	0.9999790817116505
A0A933BGW1	181	181	cluster_181	0.9999924563514361
A0A933DQ52	196	196	cluster_196	0.9999689837108074
A0A933G7X6	0	0	cluster_0	0.9999995614118965
A0A933GXM0	0	0	cluster_0	0.9999995592255004
A0A933IWH4	0	0	cluster_0	0.9999995791626451
A0A933RMV1	181	181	cluster_181	0.999992501080985
A0A933XCE9	0	0	cluster_0	0.9999995740412935
A0A934A6D2	6	6	cluster_6	0.9999808013584057
A0A934BN01	8	8	cluster_8	0.9999751226458323
A0A934MIK1	0	0	cluster_0	0.9999995732323699
A0A934QPM8	0	0	cluster_0	0.9999995698704573
A0A934V096	0	0	cluster_0	0.9999995690512787
A0A935AA14	10	10	cluster_10	0.9999790045462579
A0A935AU38	181	181	cluster_181	0.9999922377387971
A0A935L489	0	0	cluster_0	0.9999995666647773
A0A935M1J8	17	17	cluster_17	0.9999896882262403
A0A935NFX2	5	5	cluster_5	0.9999904196885139
A0A935PYJ4	10	10	cluster_10	0.9999769043067942
A0A936AD28	2	2	cluster_2	0.9999803302492154
A0A936E0N2	181	181	cluster_181	0.9999922808278723
A0A936QLX9	0	0	cluster_0	0.9999995716006821
A0A936TQH1	2	2	cluster_2	0.9999804032943569
A0A936ZTQ4	2	2	cluster_2	0.999980534028437
A0A937HTD0	0	0	cluster_0	0.9999995723663703
A0A937MFR3	181	181	cluster_181	0.9999923072648695
A0A937NMZ1	0	0	cluster_0	0.9999995637657844
A0A937V1J7	6	6	cluster_6	0.9999802714509076
A0A937ZBI3	4	4	cluster_4	0.999985795950631
A0A938AD31	74	74	cluster_74	0.9999524717984783
A0A938H497	0	0	cluster_0	0.9999995742607025
A0A938MDX6	0	0	cluster_0	0.9999995708273327
A0A938T5N2	4	4	cluster_4	0.9999857115759805
A0A938WHB7	192	192	cluster_192	0.9999821491781011
A0A939BCL9	0	0	cluster_0	0.9999995768210143
A0A939H3A4	6	6	cluster_6	0.9999804551352912
A0A939HVL5	0	0	cluster_0	0.9999995708749184
A0A939IFF7	6	6	cluster_6	0.9999804289320687
A0A939PPW5	181	181	cluster_181	0.9999923624313862
A0A940B5X6	0	0	cluster_0	0.99999957096119
A0A940CVS8	0	0	cluster_0	0.9999995655507463
A0A940I6K7	4	4	cluster_4	0.9999857077708175
A0A940P4T5	187	187	cluster_187	0.9999531170497276
A0A940SFZ5	0	0	cluster_0	0.9999995777802559
A0A941R5X1	0	0	cluster_0	0.9999995776567062
A0A941TSU3	0	0	cluster_0	0.9999995553336022
A0A941Z6E0	2	2	cluster_2	0.999980426316367
A0A942EC33	6	6	cluster_6	0.9999807011808899
A0A942F581	0	0	cluster_0	0.9999995646815983
A0A942HB72	6	6	cluster_6	0.9999809156727243
A0A942IF04	0	0	cluster_0	0.9999995777562072
A0A942MWW7	0	0	cluster_0	0.9999995743464414
A0A942VZ71	130	130	cluster_130	0.9984054975067413
A0A942W3Y7	187	187	cluster_187	0.9999475569933767
A0A942Z784	10	10	cluster_10	0.9999786434310326
A0A943G2F7	8	8	cluster_8	0.9999753710126099
A0A943L596	17	17	cluster_17	0.9999896892523744
A0A944E4U9	197	197	cluster_197	0.9999720709157573
A0A944KY35	181	181	cluster_181	0.9999924141914757
A0A944PM15	181	181	cluster_181	0.9999923480710873
A0A944SBL1	0	0	cluster_0	0.999999573027333
A0A944STD2	74	74	cluster_74	0.9999523822010825
A0A944YYX2	4	4	cluster_4	0.9999857632030512
A0A945Z051	181	181	cluster_181	0.9999924675815475
A0A946NTC7	4	4	cluster_4	0.9999856052864581
A0A947F7G6	4	4	cluster_4	0.9999857102823145
A0A947S6Q5	196	196	cluster_196	0.9999682321609372
A0A947VAT8	4	4	cluster_4	0.9999857607011655
A0A948LT44	74	74	cluster_74	0.9999525790646002
A0A948R1Z4	0	0	cluster_0	0.9999995692086483
A0A948RTV9	0	0	cluster_0	0.999999570227849
A0A949MDH8	0	0	cluster_0	0.9999995690907784
A0A949MZE6	181	181	cluster_181	0.9999924665209039
A0A949QC18	192	192	cluster_192	0.9999822999739771
A0A949Y726	0	0	cluster_0	0.9999995761134888
A0A949ZE73	4	4	cluster_4	0.9999857954493718
A0A950CHV0	0	0	cluster_0	0.9999995575226038
A0A950DFV5	0	0	cluster_0	0.9999995653014135
A0A950G1A0	0	0	cluster_0	0.9999995736962636
A0A950JJ17	0	0	cluster_0	0.9999995661624744
A0A950QKN9	74	74	cluster_74	0.9999529426357254
A0A950WXH5	0	0	cluster_0	0.9999995703244376
A0A950X458	0	0	cluster_0	0.9999995744149165
A0A950XFZ4	0	0	cluster_0	0.9999995512226267
A0A950YJ79	0	0	cluster_0	0.9999995684323011
A0A951E699	0	0	cluster_0	0.9999995723881275
A0A951JT01	0	0	cluster_0	0.9999995736799351
A0A951LDF6	0	0	cluster_0	0.9999995575343307
A0A951SFL3	74	74	cluster_74	0.9999521982917843
A0A951TS12	181	181	cluster_181	0.9999924998044462
A0A951X5B9	4	4	cluster_4	0.999985829815623
A0A952AGX4	181	181	cluster_181	0.999992290141919
A0A952JVM5	0	0	cluster_0	0.9999995690799052
A0A952LCW8	10	10	cluster_10	0.9999796896418204
A0A952LFG0	10	10	cluster_10	0.9999789652513723
A0A952LFG5	10	10	cluster_10	0.9999787148598892
A0A952THU2	12	12	cluster_12	0.9999819844612636
A0A952Z6K0	74	74	cluster_74	0.9999541947138589
A0A952ZCI4	181	181	cluster_181	0.99999222120446
A0A953F0P4	0	0	cluster_0	0.9999995634650993
A0A953JEB6	0	0	cluster_0	0.9999995548820947
A0A953MDD8	0	0	cluster_0	0.999999567480434
A0A954GVV4	0	0	cluster_0	0.9999995731435251
A0A954IV21	0	0	cluster_0	0.9999995743796526
A0A954J9D9	0	0	cluster_0	0.9999995658760044
A0A954KWL7	127	127	cluster_127	0.9998262373670486
A0A954LY28	0	0	cluster_0	0.9999995626222135
A0A954Q8C7	0	0	cluster_0	0.9999995660037492
A0A954R5K2	0	0	cluster_0	0.9999995625532487
A0A954RM08	10	10	cluster_10	0.9999781436923348
A0A954ZDP5	0	0	cluster_0	0.9999995682275534
A0A955BLE6	0	0	cluster_0	0.9999995690593587
A0A955HDZ7	196	196	cluster_196	0.9999684335225528
A0A955HFD7	196	196	cluster_196	0.9999668348322821
A0A955R148	0	0	cluster_0	0.9999995723378746
A0A955VSI0	6	6	cluster_6	0.9999806434576166
A0A956G5J9	181	181	cluster_181	0.999992510893525
A0A956GT44	0	0	cluster_0	0.9999995639154516
A0A956NX19	131	131	cluster_131	0.999983636867462
A0A956PEM8	192	192	cluster_192	0.9999819465868905
A0A956SNG8	187	187	cluster_187	0.9999531389085016
A0A956TQV0	196	196	cluster_196	0.9999689105807431
A0A957N3T0	6	6	cluster_6	0.9999807152152618
A0A957PTQ5	6	6	cluster_6	0.9999804645682031
A0A957RW86	208	208	cluster_208	0.9999350575719427
A0A957S9W8	10	10	cluster_10	0.9999782664619979
A0A958D5I8	72	72	cluster_72	0.9999425994602102
A0A958M6S4	10	10	cluster_10	0.9999793847406774
A0A958TBV3	4	4	cluster_4	0.9999857018003403
A0A958YQX9	0	0	cluster_0	0.9999995750360177
A0A959A156	4	4	cluster_4	0.9999857015414267
A0A959HSE7	4	4	cluster_4	0.9999856027555828
A0A959KAQ1	4	4	cluster_4	0.9999857930488583
A0A959PXS3	0	0	cluster_0	0.9999995662422624
A0A959R4J3	0	0	cluster_0	0.999999571199323
A0A959SBE5	4	4	cluster_4	0.9999856740796174
A0A960HK10	4	4	cluster_4	0.999985690459979
A0A960KNH5	5	5	cluster_5	0.9999906039585124
A0A960P312	4	4	cluster_4	0.999985674253837
A0A960TUZ8	181	181	cluster_181	0.9999924067029591
A0A960ZYR6	0	0	cluster_0	0.9999995680830716
A0A961NEC7	0	0	cluster_0	0.9999995522784775
A0A961NED1	0	0	cluster_0	0.9999995553665256
A0A961VLN8	0	0	cluster_0	0.999999573293838
A0A961ZFQ0	0	0	cluster_0	0.9999995724680666
A0A962JHX4	192	192	cluster_192	0.999982298896385
A0A962KBR7	5	5	cluster_5	0.9999903217912784
A0A962MIP1	10	10	cluster_10	0.9999796288750555
A0A962Q988	196	196	cluster_196	0.9999673993856599
A0A962S4E1	74	74	cluster_74	0.99995362874401
A0A963DJE3	0	0	cluster_0	0.9999995552277534
A0A963F833	74	74	cluster_74	0.9999539856121797
A0A963F994	0	0	cluster_0	0.9999995682409383
A0A963FA97	10	10	cluster_10	0.9999789887753183
A0A963TDZ7	0	0	cluster_0	0.9999995774777404
A0A964P2K5	192	192	cluster_192	0.9999820329727952
A0A965CA82	197	197	cluster_197	0.9999722306353792
A0A965ED72	197	197	cluster_197	0.9999721053303506
A0A965EV72	0	0	cluster_0	0.9999995692654816
A0A965GSK8	197	197	cluster_197	0.9999721422348232
A0A965KTE6	197	197	cluster_197	0.9999722180794302
A0A965L7H6	197	197	cluster_197	0.9999715457077926
A0A965M9G9	0	0	cluster_0	0.9999995652535962
A0A965MQR1	4	4	cluster_4	0.9999857100207878
A0A965NZ29	17	17	cluster_17	0.9999895926937228
A0A965PCW0	197	197	cluster_197	0.9999719150777087
A0A965PT68	133	133	cluster_133	0.998889837966227
A0A965RCR5	4	4	cluster_4	0.9999857987180402
A0A965SUQ0	4	4	cluster_4	0.9999857490243503
A0A965U0T7	0	0	cluster_0	0.999999551362256
A0A965U5W0	17	17	cluster_17	0.9999898393065192
A0A965US72	6	6	cluster_6	0.9999802937640592
A0A965US91	197	197	cluster_197	0.9999714290828766
A0A965UUE6	133	133	cluster_133	0.9988839832722501
A0A965UZP7	197	197	cluster_197	0.9999722193089555
A0A966KC64	74	74	cluster_74	0.9999522301041069
A0A966LWJ5	10	10	cluster_10	0.9999794656131115
A0A966MZL3	197	197	cluster_197	0.9999718169143553
A0A966US30	197	197	cluster_197	0.9999719101188845
A0A966YDB7	0	0	cluster_0	0.9999995621886235
A0A967B1C8	181	181	cluster_181	0.9999922958677998
A0A967M4L9	0	0	cluster_0	0.99999957060018
A0A967N0I2	181	181	cluster_181	0.9999923339399576
A0A967Z311	0	0	cluster_0	0.9999995770430153
A0A968FWX7	5	5	cluster_5	0.9999904382040432
A0A968G9J4	0	0	cluster_0	0.9999995699845867
A0A968HHG6	0	0	cluster_0	0.9999995657363673
A0A968LAX2	74	74	cluster_74	0.9999539033941001
A0A968PN53	6	6	cluster_6	0.9999803598374956
A0A968TWC2	6	6	cluster_6	0.9999807603277027
A0A968YDF8	10	10	cluster_10	0.9999792091479877
A0A969IVD9	5	5	cluster_5	0.9999904615432744
A0A969KDJ2	5	5	cluster_5	0.9999904607827997
A0A969KFK3	0	0	cluster_0	0.9999995700582983
A0A969KQV5	6	6	cluster_6	0.9999804853395786
A0A970DUM7	4	4	cluster_4	0.9999856637414598
A0A970GYY5	181	181	cluster_181	0.9999924030787706
A0A970L980	0	0	cluster_0	0.9999995675306027
A0A970Q4K8	0	0	cluster_0	0.9999995722331498
A0A970R9Q3	17	17	cluster_17	0.999989917772249
A0A970SKG2	4	4	cluster_4	0.9999856704004757
A0A970SQT1	0	0	cluster_0	0.9999995672362053
A0A970XPR5	196	196	cluster_196	0.9999682966700579
A0A971B625	0	0	cluster_0	0.9999995658984461
A0A971MYA6	69	69	cluster_69	0.9999617841401127
A0A971PI20	4	4	cluster_4	0.9999856405927443
A0A971QIP8	0	0	cluster_0	0.9999995592967207
A0A971TIZ6	181	181	cluster_181	0.9999921654085422
A0A971VL63	6	6	cluster_6	0.9999806812663391
A0A971XI73	4	4	cluster_4	0.9999856920890647
A0A972CE01	5	5	cluster_5	0.9999904879346289
A0A972E3G3	4	4	cluster_4	0.9999857206713668
A0A972F6M0	4	4	cluster_4	0.999985612850596
A0A972HES7	4	4	cluster_4	0.9999856810562797
A0A972I261	10	10	cluster_10	0.9999781929584469
A0A972IP42	0	0	cluster_0	0.9999995619578019
A0A972NDW2	10	10	cluster_10	0.9999797491763973
A0A972NTI7	2	2	cluster_2	0.999980516552913
A0A972PCU7	0	0	cluster_0	0.9999995719461607
A0A972PWB9	0	0	cluster_0	0.999999573783503
A0A972R6Z9	0	0	cluster_0	0.9999995617814776
A0A973B9F7	181	181	cluster_181	0.9999924379366713
A0A973BYI2	192	192	cluster_192	0.999981449241275
A0A973E627	0	0	cluster_0	0.9999995534748567
A0A973KQP7	0	0	cluster_0	0.9999995668479102
A0A973MNV4	197	197	cluster_197	0.9999721252257359
A0A973MVE4	0	0	cluster_0	0.9999995654208954
A0A973V357	181	181	cluster_181	0.9999923462819451
A0A974BHS2	21	21	cluster_21	0.99952214498241
A0A975BC57	12	12	cluster_12	0.9999818784215249
A0A975MML4	182	182	cluster_182	0.9999677901741273
A0A975S178	0	0	cluster_0	0.9999995559383368
A0A975SN99	74	74	cluster_74	0.9999538064930208
A0A976GSG2	6	6	cluster_6	0.999980283369252
A0A976RQW2	181	181	cluster_181	0.9999922343932177
A0A977KBM2	181	181	cluster_181	0.9999924585229447
A0A977NLF8	175	175	cluster_175	0.9999779388279151
A0A978SKV9	4	4	cluster_4	0.9999857948751812
A0A979H410	35	35	cluster_35	0.9994432906350686
A0A9C6X792	181	181	cluster_181	0.9999926482181124
A0A9C8N142	8	8	cluster_8	0.9999759153611596
A0A9C9G5K0	0	0	cluster_0	0.9999995666653315
A0A9D0AW90	74	74	cluster_74	0.9999535528553803
A0A9D1AGG3	4	4	cluster_4	0.9999857171064712
A0A9D1IBK4	0	0	cluster_0	0.9999995639034204
A0A9D1KDS8	6	6	cluster_6	0.9999803528530712
A0A9D1N0W0	0	0	cluster_0	0.9999995732472757
A0A9D1NEJ2	0	0	cluster_0	0.999999535270201
A0A9D1PTR4	101	101	cluster_101	0.9999758052547857
A0A9D1XS99	0	0	cluster_0	0.9999995762977131
A0A9D2DV20	131	131	cluster_131	0.9999834960883228
A0A9D2E0M9	202	202	cluster_202	0.9999710902488574
A0A9D2NWR3	5	5	cluster_5	0.9999905082919843
A0A9D2PEI8	131	131	cluster_131	0.999983478200157
A0A9D2PJE9	131	131	cluster_131	0.9999836877561088
A0A9D2PMW5	131	131	cluster_131	0.9999834731737173
A0A9D2S6M3	5	5	cluster_5	0.9999904561746195
A0A9D2SNM3	131	131	cluster_131	0.9999832883996932
A0A9D4TM29	5	5	cluster_5	0.9999904685348743
A0A9D5DG47	4	4	cluster_4	0.9999857716321995
A0A9D5HXP2	10	10	cluster_10	0.999978330529967
A0A9D5JRW4	0	0	cluster_0	0.9999995666366843
A0A9D5MXH2	0	0	cluster_0	0.9999995759639198
A0A9D5Y601	17	17	cluster_17	0.9999899396007831
A0A9D6JUH7	74	74	cluster_74	0.9999536031168308
A0A9D6PKE0	4	4	cluster_4	0.9999857520467393
A0A9D7PAK2	181	181	cluster_181	0.9999922783163443
A0A9D7QFT0	127	127	cluster_127	0.9998198073132437
A0A9D7XEY4	4	4	cluster_4	0.9999856599767624
A0A9D8C381	0	0	cluster_0	0.9999995649123136
A0A9D8MP53	0	0	cluster_0	0.9999995723901579
A0A9D8RYY0	131	131	cluster_131	0.9999832647402916
A0A9D8WBF4	181	181	cluster_181	0.9999923304594365
A0A9D8ZAC6	0	0	cluster_0	0.9999995717261903
A0A9D9BL97	0	0	cluster_0	0.9999995759304099
A0A9D9CP11	0	0	cluster_0	0.9999995623721675
A0A9D9NMJ6	5	5	cluster_5	0.9999905357541277
A0A9D9Z1W8	182	182	cluster_182	0.9999671645538604
A0A9E0GSP2	5	5	cluster_5	0.999990529872644
A0A9E0GX10	181	181	cluster_181	0.9999921164092765
A0A9E0I5C2	7	7	cluster_7	0.9999772430996136
A0A9E0IKZ8	0	0	cluster_0	0.9999995640108292
A0A9E0K409	131	131	cluster_131	0.9999835287556267
A0A9E0PJQ3	192	192	cluster_192	0.9999820162968945
A0A9E0ZY00	5	5	cluster_5	0.9999904282159507
A0A9E1BG59	175	175	cluster_175	0.9999782528200047
A0A9E2G8S8	69	69	cluster_69	0.9999616482355991
A0A9E2H2S8	181	181	cluster_181	0.9999921310477768
A0A9E2J5S4	103	103	cluster_103	0.9999698259376401
A0A9E2JHF4	0	0	cluster_0	0.9999995695881189
A0A9E2LLM5	69	69	cluster_69	0.9999607165474121
A0A9E2MQA6	0	0	cluster_0	0.999999572477186
A0A9E3APB5	181	181	cluster_181	0.9999923952990435
A0A9E3EFJ9	5	5	cluster_5	0.9999904366339978
A0A9E3EK83	0	0	cluster_0	0.9999995562094965
A0A9E3GRK8	0	0	cluster_0	0.9999995740572454
A0A9E3HE46	6	6	cluster_6	0.9999803350037587
A0A9E3INB9	4	4	cluster_4	0.9999857296399502
A0A9E3JP86	5	5	cluster_5	0.9999904493465314
A0A9E3LGU0	0	0	cluster_0	0.9999995685037807
A0A9E3PEQ6	14	14	cluster_14	0.9999866638290088
A0A9E3PIR8	74	74	cluster_74	0.9999524223726166
A0A9E3QJX7	0	0	cluster_0	0.9999995653890487
A0A9E3VJK9	181	181	cluster_181	0.9999922093646371
A0A9E3VJS1	0	0	cluster_0	0.9999995581237547
A0A9E3W008	4	4	cluster_4	0.9999857750675757
A0A9E4CCI9	6	6	cluster_6	0.9999806227312167
A0A9E4EG41	74	74	cluster_74	0.9999531983729707
A0A9E4I2X5	192	192	cluster_192	0.9999819551992138
A0A9E4KDV9	0	0	cluster_0	0.9999995670632438
A0A9E4NVW6	0	0	cluster_0	0.9999995542956711
A0A9E4RTG7	4	4	cluster_4	0.9999857831595695
A0A9E4ZMG3	0	0	cluster_0	0.9999995761873701
A0A9E5DIP8	183	183	cluster_183	0.999967777091115
A0A9E5VCY2	6	6	cluster_6	0.9999806713770087
A0A9E5VSA6	5	5	cluster_5	0.9999904319240283
A0A9E6DQ47	5	5	cluster_5	0.9999903698157921
A0A9E6MUV3	10	10	cluster_10	0.9999788941560929
A0A9E6R9U7	0	0	cluster_0	0.999999576092575
A0A9E6SU30	4	4	cluster_4	0.999985786883254
A0A9E8LYW5	4	4	cluster_4	0.9999856867413583
A0A9E8RY20	0	0	cluster_0	0.9999995724500598
A0A9J6BR49	181	181	cluster_181	0.9999927297580624
A0A9J6P5S1	0	0	cluster_0	0.9999995497765892
A0A9J6QWE2	10	10	cluster_10	0.9999788783777467
A0A9J7BK00	181	181	cluster_181	0.9999922818527774
A0A9N6YZ80	6	6	cluster_6	0.9999807410582531
A0A9N8GUB7	123	123	cluster_123	0.9999393418843336
A0A9N8J8P5	0	0	cluster_0	0.9999995770526463
A0A9N8NZV4	181	181	cluster_181	0.9999923762638016
A0A9N8YNY2	5	5	cluster_5	0.9999902744915358
A0A9N9DJW0	5	5	cluster_5	0.9999902601341741
A0A9P1VZ35	48	48	cluster_48	0.9996108131999258
A0A9P1WYH2	177	177	cluster_177	0.9993071121843424
A0A9P2C2B4	97	97	cluster_97	0.9997284958258048
A0A9P2DNG4	114	114	cluster_114	0.9986496500652535
A0A9P2LAS0	5	5	cluster_5	0.9999904057415226
A0A9P3V0E5	74	74	cluster_74	0.9999535973397332
A0A9P3V3G9	88	88	cluster_88	0.9999741016354952
A0A9P4XG97	4	4	cluster_4	0.9999858298151705
A0A9P7BAV5	181	181	cluster_181	0.9999925399783229
A0A9P8Q5T6	181	181	cluster_181	0.9999924421840842
A0A9Q2FEW2	131	131	cluster_131	0.9999835129304673
A0A9Q2KT16	2	2	cluster_2	0.9999802225377332
A0A9Q2NR41	103	103	cluster_103	0.9999691928323504
A0A9Q2QHC5	2	2	cluster_2	0.9999802148209358
A0A9Q6N0R8	2	2	cluster_2	0.9999804020855191
A0A9Q7AGV4	0	0	cluster_0	0.9999995714970664
A0A9Q8Q2J8	2	2	cluster_2	0.9999804548219485
A0A9Q9T0U7	139	139	cluster_139	0.9991899477352844
A0A9R1X2C3	4	4	cluster_4	0.9999857634585451
A0A9W4JUS7	4	4	cluster_4	0.9999856365303151
A0A9W4TJK8	0	0	cluster_0	0.9999995779329854
A0A9W4XU38	6	6	cluster_6	0.9999808345936553
A0A9W5QGR6	8	8	cluster_8	0.9999751722052526
A0A9W5Y414	4	4	cluster_4	0.9999856858376369
A0A9W5YCF0	0	0	cluster_0	0.9999995690110403
A0A9W6B1B5	0	0	cluster_0	0.9999995692648304
A0A9W6F060	5	5	cluster_5	0.9999904249379206
A0A9W7TZH0	4	4	cluster_4	0.9999857705970024
A0A9W8E8W3	5	5	cluster_5	0.9999903051364494
A0A9W9L3U6	181	181	cluster_181	0.9999926117067522
A0A9X0PE56	19	19	cluster_19	0.999521731472825
A0A9X1PAK8	4	4	cluster_4	0.999985641773394
A0A9X1SUG2	127	127	cluster_127	0.9998208980412095
A0A9X1ZX14	2	2	cluster_2	0.9999802979607938
A0A9X2CP91	181	181	cluster_181	0.9999923407377876
A0A9X2DIS1	0	0	cluster_0	0.9999995666606637
A0A9X2F7E5	0	0	cluster_0	0.9999995676902068
A0A9X2LGB0	5	5	cluster_5	0.999990503143048
A0A9X2S682	175	175	cluster_175	0.9999784641136659
A0A9X2WC44	6	6	cluster_6	0.9999805210047698
A0A9X2YE54	0	0	cluster_0	0.9999995695195244
A0A9X3CY75	4	4	cluster_4	0.9999856387496239
A0A9X3H9R2	6	6	cluster_6	0.999980518473297
A0A9X3JNQ1	0	0	cluster_0	0.9999995718987463
A0A9X3LLE8	4	4	cluster_4	0.9999856421726665
A0A9X3XAN5	181	181	cluster_181	0.999992385727565
A0A9X3XNU6	17	17	cluster_17	0.9999897990718535
A0A9X3XR90	17	17	cluster_17	0.999989902745406
A0A9X3ZJR1	5	5	cluster_5	0.9999904062161399
A0A9X4HFS8	89	89	cluster_89	0.9999470787900255
A0A9X4MYI9	0	0	cluster_0	0.9999995729134105
A0A9X4N167	4	4	cluster_4	0.9999856107166872
A0A9X5Q090	192	192	cluster_192	0.9999823313370582
A0A9X6QP05	188	188	cluster_188	0.9986723692053439
A0A9X7VZV4	0	0	cluster_0	0.9999995740370557
A0A9X8BYB8	5	5	cluster_5	0.9999904316295984
A0A9X8CIH2	0	0	cluster_0	0.999999572808304
A0A9X8N7T7	197	197	cluster_197	0.9999721676595072
A0A9X9SQH2	0	0	cluster_0	0.9999995760268198
A0AA35JAL0	181	181	cluster_181	0.9999925367377632
A0AA35KHU1	181	181	cluster_181	0.9999928058519549
A0AA35NFT7	181	181	cluster_181	0.9999925256880389
A0AA36F2M8	5	5	cluster_5	0.9999905416668051
A0AA37FWB1	89	89	cluster_89	0.9999474318720307
A0AA37SBK8	89	89	cluster_89	0.9999470194541722
A0AA37UCZ3	4	4	cluster_4	0.9999857108218688
A0AA37W6K4	208	208	cluster_208	0.9999342424149716
A0AA38KRY4	4	4	cluster_4	0.9999858704165058
A0AA38YVA9	0	0	cluster_0	0.9999995692116501
A0AA39HYI2	5	5	cluster_5	0.9999904568313895
A0AA40IUT4	17	17	cluster_17	0.9999897246512991
A0AA41UFG8	74	74	cluster_74	0.9999529341726423
A0AA42DQI2	0	0	cluster_0	0.9999995538956842
A0AA42QD31	72	72	cluster_72	0.9999472678867265
A0AA42QEL6	6	6	cluster_6	0.9999807350786428
A0AA42RSP5	0	0	cluster_0	0.9999995570594692
A0AA43C664	0	0	cluster_0	0.9999995839634105
A0AA43LGA6	6	6	cluster_6	0.9999802153934783
A0AA43S282	0	0	cluster_0	0.9999995671194428
A0AA45G828	197	197	cluster_197	0.9999716595533408
A0AA45HJP7	0	0	cluster_0	0.9999995658329195
A0AA46P342	4	4	cluster_4	0.9999856740285388
A0AA46ST98	5	5	cluster_5	0.9999904312033892
A0AA46TPF8	192	192	cluster_192	0.9999826326578918
A0AA50Q825	5	5	cluster_5	0.9999904074584469
A0AA51R2W0	181	181	cluster_181	0.9999923574800931
A0AA51RTD6	0	0	cluster_0	0.999999568964311
A0AA51X6P3	4	4	cluster_4	0.9999857679586824
A0AA52APH6	181	181	cluster_181	0.9999922474569041
A0AA82WNY5	66	66	cluster_66	0.9990583031554386
A0AA86ME52	17	17	cluster_17	0.999989907608521
A0AA86YNB2	2	2	cluster_2	0.999980269270551
A0AA86YPH7	2	2	cluster_2	0.9999801427554297
A0AA87M211	0	0	cluster_0	0.9999995561670729
A0AA90GU72	0	0	cluster_0	0.999999574146685
A0AA91J8A6	7	7	cluster_7	0.9999772184294596
A0AA91Z2C9	181	181	cluster_181	0.9999923133596983
A0AA92RCB0	4	4	cluster_4	0.99998573058463
A0AA92TIH2	0	0	cluster_0	0.999999573718828
A0AA95EXI9	0	0	cluster_0	0.999999557559451
A0AA95I4D8	4	4	cluster_4	0.9999857414197444
A0AA96ELC3	2	2	cluster_2	0.9999798586072818
A0AA96KWY2	181	181	cluster_181	0.9999921472182458
A0AA96PPJ0	5	5	cluster_5	0.9999905535369819
A0AA96URZ5	181	181	cluster_181	0.9999924465341039
A0AA96ZI09	4	4	cluster_4	0.9999856560320118
A0AA97IIQ3	192	192	cluster_192	0.9999826595793105
A0AAC8T7L7	176	176	cluster_176	0.9991685267987361
A0AAC8T7M7	84	84	cluster_84	0.999218663513014
A0AAC8UDJ9	6	6	cluster_6	0.9999800449995299
A0AAC9GLD3	0	0	cluster_0	0.9999995769540808
A0AAC9LAX5	0	0	cluster_0	0.9999995690952928
A0AAC9QML2	0	0	cluster_0	0.9999995669226364
A0AAC9R0Y7	4	4	cluster_4	0.9999856916049099
A0AAC9RPE4	10	10	cluster_10	0.9999779918609887
A0AAC9WII3	0	0	cluster_0	0.9999995748485895
A0AAC9Z126	0	0	cluster_0	0.9999995753565099
A0AAD0ADZ1	4	4	cluster_4	0.9999857260926791
A0AAD0EDI1	103	103	cluster_103	0.9999697102738031
A0AAD0J0K4	0	0	cluster_0	0.9999995564308619
A0AAD0SKX9	182	182	cluster_182	0.9999676984430022
A0AAD1A121	74	74	cluster_74	0.9999535949740542
A0AAD1F6X1	6	6	cluster_6	0.9999803935301086
A0AAD1M529	4	4	cluster_4	0.9999856481602117
A0AAD3UTK0	95	95	cluster_95	0.9999573187284421
A0AAD7AE13	4	4	cluster_4	0.9999858176897841
A0AAD7E666	181	181	cluster_181	0.9999925745947429
A0AAD8APD7	2	2	cluster_2	0.9999801946854894
A0AAD8CLL6	181	181	cluster_181	0.9999927106996965
A0AAD8F5S2	5	5	cluster_5	0.9999905016244638
A0AAD8MYX3	4	4	cluster_4	0.9999857695835218
A0AAD9HE78	4	4	cluster_4	0.9999857676686599
A0AAE0RPC3	4	4	cluster_4	0.9999854863039837
A0AAE3DXZ0	6	6	cluster_6	0.9999802693412143
A0AAE3HAE2	0	0	cluster_0	0.9999995671805088
A0AAE3NZ31	0	0	cluster_0	0.999999568107264
A0AAE3QNU5	181	181	cluster_181	0.9999924192538662
A0AAE4BTH1	5	5	cluster_5	0.9999904169671836
A0AAE4LDF5	0	0	cluster_0	0.999999565522349
A0AAE4UAN4	197	197	cluster_197	0.9999721401481597
A0AAE5WHH6	6	6	cluster_6	0.9999801335227563
A0AAE6JCZ0	5	5	cluster_5	0.9999903520430711
A0AAE6W2C2	6	6	cluster_6	0.9999806579095468
A0AAE6YI19	127	127	cluster_127	0.9998180086557973
A0AAE6YJ16	7	7	cluster_7	0.9999772156117058
A0AAE7C2C3	6	6	cluster_6	0.999980072583979
A0AAE7ELK7	2	2	cluster_2	0.9999805414371944
A0AAE7LII8	2	2	cluster_2	0.9999802190954876
A0AAE8IF68	103	103	cluster_103	0.9999697347588831
A0AAE8IQS6	4	4	cluster_4	0.9999857857734283
A0AAE8QU29	0	0	cluster_0	0.999999567800618
A0AAE9RTE1	74	74	cluster_74	0.9999525168261503
A0AAF0CW20	187	187	cluster_187	0.9999517446714851
A0AAF0FTA7	183	183	cluster_183	0.9999671556428644
A0AAF0FUT9	183	183	cluster_183	0.9999679314759521
A0AAF0ICY5	4	4	cluster_4	0.9999857118147124
A0AAI8D2Z4	0	0	cluster_0	0.9999995679353023
A0AAI8ZLI4	101	101	cluster_101	0.9999744980334924
A0AAI9EP75	3	3	cluster_3	0.9999724513871381
A0AAI9HVL9	182	182	cluster_182	0.9999675928801084
A0AAI9SC44	101	101	cluster_101	0.9999743371308331
A0AAJ0RLY0	0	0	cluster_0	0.9999995557596015
A0AAJ1AZK1	131	131	cluster_131	0.9999833878721195
A0AAJ1FW79	0	0	cluster_0	0.999999569224309
A0AAJ1JGI0	101	101	cluster_101	0.9999746555846454
A0AAJ1R1L1	0	0	cluster_0	0.9999995714211793
A0AAJ1RI69	0	0	cluster_0	0.9999995662884895
A0AAJ1YBC2	2	2	cluster_2	0.9999803970144401
A0AAJ1YCK3	3	3	cluster_3	0.9999667245648193
A0AAJ2F7M6	8	8	cluster_8	0.9999754851563075
A0AAJ2RZT0	101	101	cluster_101	0.9999746010211904
A0AAJ2THW5	10	10	cluster_10	0.9999782545234771
A0AAJ2WGN8	17	17	cluster_17	0.9999899539671463
A0AAJ2ZB36	0	0	cluster_0	0.9999995730734079
A0AAJ3P1Z1	3	3	cluster_3	0.9999722107560216
A0AAJ3TPK4	181	181	cluster_181	0.9999924451574043
A0AAJ4DX36	101	101	cluster_101	0.9999748243563495
A0AAJ4KAJ6	3	3	cluster_3	0.99997158239809
A0AAJ4X8Q8	0	0	cluster_0	0.9999995637435912
A0AAJ6LNT7	159	159	cluster_159	0.9990781477793913
A0AAN0M9X3	0	0	cluster_0	0.9999995826410847
A0AAN1A7M9	5	5	cluster_5	0.9999903507947748
A0AAN1CYE7	181	181	cluster_181	0.9999923474642555
A0AAN1H6A2	95	95	cluster_95	0.9999565872209002
A0AAN1JJ51	0	0	cluster_0	0.999999555827228
A0AAN1NTG2	2	2	cluster_2	0.999980423686725
A0AAN3C289	181	181	cluster_181	0.9999922644991143
A0AAN5AJ05	0	0	cluster_0	0.9999995782855766
A0AAN5KR66	0	0	cluster_0	0.9999995696533934
A0AAN5NDH5	17	17	cluster_17	0.9999897946010518
A0AAN5UK26	126	126	cluster_126	0.9994976004100857
A0AAN5WZK4	36	36	cluster_36	0.9990676033165172
A0AAN6AW52	2	2	cluster_2	0.999980199210682
A0AAN8LZA3	5	5	cluster_5	0.9999904443121308
A0AAP0BT08	0	0	cluster_0	0.999999570894207
A0AAP2BJY6	77	77	cluster_77	0.9999442485636387
A0AAP2BME2	0	0	cluster_0	0.9999995628243398
A0AAP2RA11	0	0	cluster_0	0.9999995711537911
A0AAP2SH37	6	6	cluster_6	0.9999797061450523
A0AAP4DK51	10	10	cluster_10	0.9999788849964267
A0AAP4EMD2	6	6	cluster_6	0.999980331744319
A0AAP4JCS4	6	6	cluster_6	0.9999804456402018
A0AAP4RHJ5	7	7	cluster_7	0.9999773181932672
A0AAP6VMR4	6	6	cluster_6	0.9999801822682741
A0AAP9RGG5	131	131	cluster_131	0.9999835676305889
A0AAP9Y5C1	66	66	cluster_66	0.999055200279389
A0AAQ0KCZ3	6	6	cluster_6	0.9999801977832493
A0AAQ0MGM7	74	74	cluster_74	0.9999531802555832
A0AAQ0Q7W5	6	6	cluster_6	0.9999804345034505
A0AAQ0TJJ4	8	8	cluster_8	0.9999750591787876
A0AAQ1G682	107	107	cluster_107	0.9991414461491172
A0AAQ1KFL8	72	72	cluster_72	0.9999470477064776
A0AAQ1KFR0	128	128	cluster_128	0.9989689812349402
A0AAQ3H4E6	3	3	cluster_3	0.9999653598232345
A0AAQ4CWI9	183	183	cluster_183	0.9999682503116254
A0AAQ4PLP4	5	5	cluster_5	0.999990443560952
A0AAQ6IK80	5	5	cluster_5	0.9999904784301866
A0AAR2IK67	5	5	cluster_5	0.99999052030487
A0AAT9GPK5	183	183	cluster_183	0.999967801756461
A0AAT9VZ28	0	0	cluster_0	0.9999995677890446
A0AAT9W775	0	0	cluster_0	0.9999995555396327
A0AAU0KVY8	2	2	cluster_2	0.9999804750225914
A0AAU0S806	192	192	cluster_192	0.9999823123483157
A0AAU0WKD6	181	181	cluster_181	0.9999923560833246
A0AAU0ZXY7	0	0	cluster_0	0.9999995761093141
A0AAU1GCR9	181	181	cluster_181	0.9999923135173474
A0AAU1GRA8	0	0	cluster_0	0.9999995709827647
A0AAU1KI85	181	181	cluster_181	0.9999923473845944
A0AAU1PZX2	0	0	cluster_0	0.9999995603274118
A0AAU2DFK6	127	127	cluster_127	0.9998183988695176
A0AAU2EIM3	181	181	cluster_181	0.9999924317209743
A0AAU2F3F1	0	0	cluster_0	0.9999995487221618
A0AAU2MJ33	181	181	cluster_181	0.9999923902089672
A0AAU2NN72	181	181	cluster_181	0.9999923676518074
A0AAU3DKS8	181	181	cluster_181	0.999992442901014
A0AAU3GLP1	181	181	cluster_181	0.9999923503783965
A0AAU3JUF9	197	197	cluster_197	0.9999720501276096
A0AAU3SVF7	181	181	cluster_181	0.9999923818059022
A0AAU4BLL9	181	181	cluster_181	0.9999922832880295
A0AAU4HII4	181	181	cluster_181	0.999992379247192
A0AAU4V5C9	0	0	cluster_0	0.9999995685036601
A0AAU4VTU5	181	181	cluster_181	0.9999923656120192
A0AAU4XVA5	181	181	cluster_181	0.9999923705032394
A0AAU5E8T8	181	181	cluster_181	0.9999923238721659
A0AAU5ESA5	0	0	cluster_0	0.9999995530874893
A0AAU5EUW5	181	181	cluster_181	0.9999922177549874
A0AAU5JVS1	5	5	cluster_5	0.9999904840372864
A0AAU5NF82	0	0	cluster_0	0.9999995752064045
A0AAU5WZA2	181	181	cluster_181	0.9999923392866054
A0AAU6D8R2	181	181	cluster_181	0.9999922255503337
A0AAU6EL59	181	181	cluster_181	0.9999922519573887
A0AAU6GF40	181	181	cluster_181	0.9999923555216298
A0AAU6GU29	0	0	cluster_0	0.9999995759061255
A0AAU6HEX1	181	181	cluster_181	0.9999923773672098
A0AAU6L8K7	181	181	cluster_181	0.9999923483837808
A0AAU6TXZ6	2	2	cluster_2	0.9999804291038435
A0AAU6VQP3	6	6	cluster_6	0.9999809688860845
A0AAU7GGF6	0	0	cluster_0	0.9999995700663672
A0AAU7I4J3	181	181	cluster_181	0.9999921970610363
A0AAU7LAZ3	5	5	cluster_5	0.9999902552602571
A0AAU7R1B2	0	0	cluster_0	0.9999995661984115
A0AAU7R223	0	0	cluster_0	0.9999995721851077
A0AAU7RVU0	0	0	cluster_0	0.9999995633160346
A0AAU7SS95	14	14	cluster_14	0.9999865034321691
A0AAU7VJ15	10	10	cluster_10	0.99997847894493
A0AAU7Y0U7	0	0	cluster_0	0.999999553263965
A0AAU8HVN3	10	10	cluster_10	0.9999789358795005
A0AAU8I4K7	0	0	cluster_0	0.9999995582646668
A0AAU9DT09	0	0	cluster_0	0.9999995667626064
A0AAU9SVT8	5	5	cluster_5	0.9999906356020236
A0AAV0VWX5	4	4	cluster_4	0.9999855918797705
A0AAV1KF31	4	4	cluster_4	0.9999853769199762
A0AAV2G6N6	0	0	cluster_0	0.999999567190328
A0AAV2VPU0	101	101	cluster_101	0.9999745076670424
A0AAV3BIV9	0	0	cluster_0	0.9999995670268668
A0AAV3IX18	0	0	cluster_0	0.999999569209064
A0AAV4ZPE9	0	0	cluster_0	0.9999995581648766
A0AAV5AV60	0	0	cluster_0	0.9999995577252272
A0AAV5QW17	181	181	cluster_181	0.999992437238451
A0AAV5S0J7	181	181	cluster_181	0.9999924660639699
A0AAV6BRQ8	0	0	cluster_0	0.999999568478707
A0AAV8QS49	0	0	cluster_0	0.9999995733424252
A0AAV8UTI3	5	5	cluster_5	0.9999906781247186
A0AAV8UZW7	0	0	cluster_0	0.9999995606005415
A0AAV9C0R1	0	0	cluster_0	0.9999995647810576
A0AAV9C3B1	0	0	cluster_0	0.9999995709749299
A0AAV9FUN0	0	0	cluster_0	0.9999995646300975
A0AAW0SMP3	5	5	cluster_5	0.9999904360150641
A0AAW0U871	4	4	cluster_4	0.999985648821762
A0AAW0ZSN8	4	4	cluster_4	0.9999856271386098
A0AAW1Q554	5	5	cluster_5	0.999990417182589
A0AAW1T4M6	5	5	cluster_5	0.9999903368702411
A0AAW2JBX4	0	0	cluster_0	0.9999995661419038
A0AAW3D7I5	7	7	cluster_7	0.9999772257286047
A0AAW3FA32	134	134	cluster_134	0.9991380892800673
A0AAW3FCK0	2	2	cluster_2	0.9999803403276314
A0AAW3RFC8	131	131	cluster_131	0.9999837206819592
A0AAW3WV32	3	3	cluster_3	0.9999583566266739
A0AAW3WWI7	95	95	cluster_95	0.9999558456974303
A0AAW3YW73	6	6	cluster_6	0.999980705778529
A0AAW3YZY1	8	8	cluster_8	0.9999755099248704
A0AAW4IXP6	17	17	cluster_17	0.9999895192150018
A0AAW4N6A3	6	6	cluster_6	0.9999805663087944
A0AAW4QLL1	187	187	cluster_187	0.9999550154448631
A0AAW4XUU5	74	74	cluster_74	0.9999535353045572
A0AAW5BCY9	4	4	cluster_4	0.9999857195329358
A0AAW5LGI2	182	182	cluster_182	0.9999680005069899
A0AAW5QZC8	17	17	cluster_17	0.9999899332818527
A0AAW6AUT2	181	181	cluster_181	0.9999921910211303
A0AAW6DDJ2	32	32	cluster_32	0.9999357459732057
A0AAW6K7M5	10	10	cluster_10	0.999978630824641
A0AAW6U388	69	69	cluster_69	0.9999605802691885
A0AAW7EE87	3	3	cluster_3	0.9999728877488095
A0AAW7G2M8	101	101	cluster_101	0.9999743828299847
A0AAW7GDT7	165	165	cluster_165	0.9990010762500162
A0AAW7GY26	6	6	cluster_6	0.9999806481150142
A0AAW7PEM4	32	32	cluster_32	0.9999408728615095
A0AAW7PIH1	0	0	cluster_0	0.9999995713029629
A0AAW7SVR4	181	181	cluster_181	0.9999922749981588
A0AAW7T884	2	2	cluster_2	0.999979902958956
A0AAW7WLA5	6	6	cluster_6	0.9999804103798126
A0AAW7ZZ92	6	6	cluster_6	0.9999806413365646
A0AAW8BSH2	0	0	cluster_0	0.9999995771536847
A0AAW8CT84	6	6	cluster_6	0.9999802488609822
A0AAW8HHJ2	2	2	cluster_2	0.999980501480082
A0AAW8L198	4	4	cluster_4	0.9999855444137559
A0AAW8Q8K6	182	182	cluster_182	0.9999673784496641
A0AAW8UA00	187	187	cluster_187	0.9999543275496201
A0AAW8WK21	6	6	cluster_6	0.999980364226482
A0AAW9CC03	123	123	cluster_123	0.9999401793229181
A0AAW9CW87	4	4	cluster_4	0.9999858968285558
A0AAW9JX06	88	88	cluster_88	0.9999752230466844
A0AAW9KIZ7	0	0	cluster_0	0.9999995840182027
A0AAW9QVN3	6	6	cluster_6	0.999980528261285
A0AAW9XE34	4	4	cluster_4	0.9999857662398959
A0AAX0IT48	187	187	cluster_187	0.9999520588530423
A0AAX1EJ01	0	0	cluster_0	0.9999995619143095
A0AAX1RUA1	0	0	cluster_0	0.9999995751999627
A0AAX2A2C4	0	0	cluster_0	0.9999995727658018
A0AAX2MEA1	5	5	cluster_5	0.9999903398770571
A0AAX2UHS8	6	6	cluster_6	0.9999806466490788
A0AAX2UPX7	101	101	cluster_101	0.999975198821365
A0AAX3A9Z5	0	0	cluster_0	0.9999995692849143
A0AAX3EWU0	6	6	cluster_6	0.9999798664512349
A0AAX3S1R7	2	2	cluster_2	0.9999802296433907
A0AAX3ZRQ2	181	181	cluster_181	0.9999923645412145
A0AAX4L0P2	183	183	cluster_183	0.9999683634369931
A0AAX7FLQ9	19	19	cluster_19	0.999519390367097
A0AAX7TBR6	5	5	cluster_5	0.9999904600386597
A0AB33EL63	181	181	cluster_181	0.9999923185494858
A0AB33FSD9	0	0	cluster_0	0.9999995641469678
A0AB33TXF7	96	96	cluster_96	0.9988829859250192
A0AB33XGU2	4	4	cluster_4	0.9999856282710596
A0AB34QHF7	2	2	cluster_2	0.999978105842447
A0AB35FT36	187	187	cluster_187	0.9999497676329914
A0AB35LCZ0	2	2	cluster_2	0.9999804031537114
A0AB35MH84	0	0	cluster_0	0.9999995677862269
A0AB35RR47	0	0	cluster_0	0.999999562301328
A0AB35S8C6	4	4	cluster_4	0.9999856816814946
A0AB35X8L5	0	0	cluster_0	0.9999995624580538
A0AB36CHX3	6	6	cluster_6	0.9999806100508066
A0AB36S883	131	131	cluster_131	0.9999835271408932
A0AB37KGQ3	96	96	cluster_96	0.9989579953307178
A0AB37RLG3	6	6	cluster_6	0.9999802291891735
A0AB37VBV7	2	2	cluster_2	0.9999811344809629
A0AB37ZXC5	8	8	cluster_8	0.9999752767686174
A0AB38BII6	131	131	cluster_131	0.9999836091955696
A0AB38CW28	127	127	cluster_127	0.999819551762568
A0AB38GFJ6	6	6	cluster_6	0.9999804000813658
A0AB38PYG6	4	4	cluster_4	0.9999857672436928
A0AB39HQ22	181	181	cluster_181	0.9999923391778645
A0AB39J4E2	181	181	cluster_181	0.999992308246431
A0AB39MJB8	181	181	cluster_181	0.9999923768088699
A0AB39N0P7	197	197	cluster_197	0.9999719682009923
A0AB39TLY6	181	181	cluster_181	0.9999924081767865
A0AB39U8F9	6	6	cluster_6	0.9999806168743794
A0AB39V1A3	131	131	cluster_131	0.9999834751416651
A0AB40CRG4	0	0	cluster_0	0.9999995585472988
A0AB73HCR9	177	177	cluster_177	0.9993278890728307
A0AB73Q1C3	2	2	cluster_2	0.9999803791727481
A0AB74CUX7	131	131	cluster_131	0.9999833899478545
A0AB74D048	182	182	cluster_182	0.9999676368749955
A0AB74F4C6	74	74	cluster_74	0.999952325969827
A0AB74TTH0	131	131	cluster_131	0.9999833577648006
A0AB74VBP9	0	0	cluster_0	0.9999995606339948
A0ABC9NLY1	3	3	cluster_3	0.9999711967837553
A0ABD1PN27	0	0	cluster_0	0.9999995688737733
A0ABD2WQG3	4	4	cluster_4	0.9999855738329664
A0ABD3ZUX1	162	162	cluster_162	0.9981646754830379
A0ABD4A1F3	0	0	cluster_0	0.9999995744097264
A0ABD4X3C9	74	74	cluster_74	0.999952567660775
A0ABD4XGJ8	4	4	cluster_4	0.9999856827827817
A0ABD4ZAH6	183	183	cluster_183	0.9999675874982572
A0ABD4ZAK2	5	5	cluster_5	0.9999903626499859
A0ABD5AYZ6	0	0	cluster_0	0.9999995716410687
A0ABD5DAA6	22	22	cluster_22	0.999451843490333
A0ABD5H2E0	5	5	cluster_5	0.9999903873475223
A0ABD6CM88	0	0	cluster_0	0.9999995817797117
A0ABD6NY22	181	181	cluster_181	0.9999923954692562
A0ABD6P8D8	74	74	cluster_74	0.9999530150790898
A0ABD6PEK0	6	6	cluster_6	0.999980555857598
A0ABD6PRD5	2	2	cluster_2	0.9999791702040498
A0ABD6TBS2	88	88	cluster_88	0.9999742815441353
A0ABD6U7G5	0	0	cluster_0	0.999999568370298
A0ABD6WX73	6	6	cluster_6	0.9999801638374647
A0ABD7CFK7	17	17	cluster_17	0.9999896869530698
A0ABD7KZQ6	6	6	cluster_6	0.9999805656964454
A0ABD7QR99	181	181	cluster_181	0.9999921813411282
A0ABD7X8Y4	130	130	cluster_130	0.9984049348231162
A0ABD7YG56	2	2	cluster_2	0.9999804210182088
A0ABD7Z3I7	0	0	cluster_0	0.9999995756031195
A0ABD7Z9Q0	5	5	cluster_5	0.9999903289946549
A0ABD7ZVR0	131	131	cluster_131	0.9999834422312375
A0ABF7PGA8	55	55	cluster_55	0.9994871774727029
A0ABF7PHK4	55	55	cluster_55	0.9994844844035936
A0ABF7PQ39	8	8	cluster_8	0.999975578137104
A0ABF7SXL1	150	150	cluster_150	0.9993141635399518
A0AL41	181	181	cluster_181	0.9999924497162845
A0B5L4	0	0	cluster_0	0.9999995701107595
A0KJW4	182	182	cluster_182	0.9999679601452188
A0L3E1	208	208	cluster_208	0.9999347562278375
A0LWA8	4	4	cluster_4	0.999985656731613
A1S0L7	183	183	cluster_183	0.9999671792809424
A1VNQ8	74	74	cluster_74	0.9999535903700028
A1WLS5	192	192	cluster_192	0.9999823488982368
A1ZG40	181	181	cluster_181	0.999992220967663
A2HEL1	6	6	cluster_6	0.9999795746090225
A3DNT0	183	183	cluster_183	0.9999677339990248
A3IPE4	6	6	cluster_6	0.9999803115759174
A4FZ92	4	4	cluster_4	0.9999855894893653
A4J5B2	0	0	cluster_0	0.9999995738540268
A4P1F7	8	8	cluster_8	0.999975402833475
A4X3X4	0	0	cluster_0	0.9999995689646143
A4XTR1	0	0	cluster_0	0.9999995548952929
A5FZ84	74	74	cluster_74	0.9999524615268668
A6EDU1	0	0	cluster_0	0.9999995730404807
A6G607	5	5	cluster_5	0.9999904176613146
A6N5D8	18	18	cluster_18	0.9989378320828393
A6N5E2	134	134	cluster_134	0.999162960681534
A6Q943	4	4	cluster_4	0.9999855920787907
A6TNV4	10	10	cluster_10	0.9999788211964662
A6WGD1	181	181	cluster_181	0.9999921730596768
A7GFU9	17	17	cluster_17	0.9999897382135663
A7HLG2	0	0	cluster_0	0.9999995682288242
A7KZW8	103	103	cluster_103	0.9999693233366909
A7MSY0	6	6	cluster_6	0.9999806583887247
A7TJY9	181	181	cluster_181	0.9999925054036946
A7TS61	4	4	cluster_4	0.9999857971827872
A8A9L9	181	181	cluster_181	0.9999924003720101
A8GCN7	2	2	cluster_2	0.9999804920211168
A8S0Y3	6	6	cluster_6	0.9999804922026667
A8SMF0	4	4	cluster_4	0.999985618034823
A8U507	187	187	cluster_187	0.9999534135072928
A9IES9	2	2	cluster_2	0.9999801402352786
A9M4P6	2	2	cluster_2	0.9999794063407504
A9M4V5	101	101	cluster_101	0.9999746324778571
A9QPC2	0	0	cluster_0	0.9999995634930323
AFV3_109	10	10	cluster_10	0.9999789916239163
AbiEi	192	192	cluster_192	0.9999821475843369
Acb4	188	188	cluster_188	0.9986495650829715
AcrF3	18	18	cluster_18	0.9989320209553842
AcrIA	151	151	cluster_151	0.9990652720171574
AcrIA1	183	183	cluster_183	0.9999655055490413
AcrIA3	23	23	cluster_23	0.9995486046008919
AcrIB1	131	131	cluster_131	0.9999835135149383
AcrIB2	102	102	cluster_102	0.9988367956813414
AcrIB3	175	175	cluster_175	0.9999783587056879
AcrIB4	27	27	cluster_27	0.9993079955709544
AcrIB5	30	30	cluster_30	0.9994615336342434
AcrIB6	114	114	cluster_114	0.9986496500652535
AcrIB7	79	79	cluster_79	0.9991952169551466
AcrIB8	88	88	cluster_88	0.9999751134157686
AcrIB9	59	59	cluster_59	0.9991783926385823
AcrIC1	52	52	cluster_52	0.999058375873445
AcrIC10	90	90	cluster_90	0.998920583897039
AcrIC11	2	2	cluster_2	0.9999793237979145
AcrIC3	82	82	cluster_82	0.9992596798868182
AcrIC4	169	169	cluster_169	0.9987413632984073
AcrIC5	68	68	cluster_68	0.9990612173208407
AcrIC6	72	72	cluster_72	0.9999479073369631
AcrIC7	128	128	cluster_128	0.9989668557132885
AcrIC8	174	174	cluster_174	0.9985787473492759
AcrIC9	45	45	cluster_45	0.9992398983624551
AcrID1	9	9	cluster_9	0.9993481563877948
AcrIE1	172	172	cluster_172	0.9990159409298247
AcrIE10	208	208	cluster_208	0.9999363634114891
AcrIE2	205	205	cluster_205	0.9987215362000142
AcrIE3	147	147	cluster_147	0.9988043615359525
AcrIE4	42	42	cluster_42	0.9949868008380237
AcrIE4-IF7	104	104	cluster_104	0.9939392199013041
AcrIE5	70	70	cluster_70	0.9993340297206245
AcrIE6	179	179	cluster_179	0.9986565824428314
AcrIE7	113	113	cluster_113	0.9988649534812886
AcrIE8	36	36	cluster_36	0.9991065056762098
AcrIE9	140	140	cluster_140	0.9990392775025764
AcrIF1	53	53	cluster_53	0.9994093377687706
AcrIF10	122	122	cluster_122	0.9988283555110523
AcrIF11	107	107	cluster_107	0.9991450390210153
AcrIF12	134	134	cluster_134	0.9991629590447433
AcrIF13	160	160	cluster_160	0.9984691149842858
AcrIF14	124	124	cluster_124	0.9997055976103362
AcrIF15	95	95	cluster_95	0.9999561867158009
AcrIF16	63	63	cluster_63	0.9991856492196525
AcrIF17	38	38	cluster_38	0.9989970854371233
AcrIF18	136	136	cluster_136	0.9987706983246576
AcrIF19	111	111	cluster_111	0.9992372660289831
AcrIF2	206	206	cluster_206	0.9987255024103462
AcrIF20	92	92	cluster_92	0.9990795949598424
AcrIF21	56	56	cluster_56	0.9989039601377934
AcrIF22	155	155	cluster_155	0.9988538059564024
AcrIF23	109	109	cluster_109	0.9986165993586348
AcrIF24	66	66	cluster_66	0.9990547022992295
AcrIF25	120	120	cluster_120	0.9999067902193738
AcrIF2_IC2	206	206	cluster_206	0.998724948125228
AcrIF3	18	18	cluster_18	0.9989354878054441
AcrIF4	48	48	cluster_48	0.9996076992590828
AcrIF5	150	150	cluster_150	0.9993141635399518
AcrIF6	106	106	cluster_106	0.998846173587156
AcrIF7	129	129	cluster_129	0.995904799966394
AcrIF8	67	67	cluster_67	0.9991444618592698
AcrIF9	55	55	cluster_55	0.9994932341931173
AcrIIA1	177	177	cluster_177	0.9993573953892402
AcrIIA10	171	171	cluster_171	0.998265333082095
AcrIIA11	69	69	cluster_69	0.9999592724249646
AcrIIA12	125	125	cluster_125	0.9987743933186843
AcrIIA13	19	19	cluster_19	0.9995200770692444
AcrIIA13b	19	19	cluster_19	0.999519390367097
AcrIIA14	161	161	cluster_161	0.9998333375370756
AcrIIA15	47	47	cluster_47	0.9999351559448497
AcrIIA16	207	207	cluster_207	0.999185880565076
AcrIIA17	130	130	cluster_130	0.9983344434865132
AcrIIA18	91	91	cluster_91	0.9992183456134988
AcrIIA19	49	49	cluster_49	0.998830026749014
AcrIIA2	15	15	cluster_15	0.9991613012197359
AcrIIA20	180	180	cluster_180	0.9990382241620285
AcrIIA21	145	145	cluster_145	0.9999859164671665
AcrIIA22	33	33	cluster_33	0.9990960426418841
AcrIIA23	168	168	cluster_168	0.9991550499455268
AcrIIA24	119	119	cluster_119	0.9985855564197397
AcrIIA25	185	185	cluster_185	0.9985210769232142
AcrIIA25_2	185	185	cluster_185	0.9985637719097943
AcrIIA26	58	58	cluster_58	0.9994227225942754
AcrIIA27	41	41	cluster_41	0.999139945945306
AcrIIA28	34	34	cluster_34	0.9992482417289178
AcrIIA29	173	173	cluster_173	0.9990392097425738
AcrIIA2_2	15	15	cluster_15	0.9991555905950894
AcrIIA3	60	60	cluster_60	0.9989904275518432
AcrIIA30	135	135	cluster_135	0.998300460775453
AcrIIA31	116	116	cluster_116	0.9991007414892711
AcrIIA32	137	137	cluster_137	0.9997936568491573
AcrIIA33	164	164	cluster_164	0.9995814404335588
AcrIIA33_Seq	149	149	cluster_149	0.9983161978563493
AcrIIA34	105	105	cluster_105	0.9991710516943646
AcrIIA4	97	97	cluster_97	0.9997269438833679
AcrIIA5	153	153	cluster_153	0.9986826360350279
AcrIIA6	187	187	cluster_187	0.9999496708937762
AcrIIA7	8	8	cluster_8	0.999975340444194
AcrIIA8	21	21	cluster_21	0.9995152901344915
AcrIIA9	157	157	cluster_157	0.999021313545319
AcrIIC1	143	143	cluster_143	0.999378918624329
AcrIIC2	11	11	cluster_11	0.9992409173814717
AcrIIC3	96	96	cluster_96	0.9989579953307178
AcrIIC4	75	75	cluster_75	0.9928407264797624
AcrIIC4_2	200	200	cluster_200	0.9902796176228829
AcrIIC5	166	166	cluster_166	0.9992614708233326
AcrIIC6	51	51	cluster_51	0.9992260646463731
AcrIIC7	99	99	cluster_99	0.9999357888016727
AcrIIC8	167	167	cluster_167	0.99881757910069
AcrIIC9	187	187	cluster_187	0.9999526429206617
AcrIIIB1	50	50	cluster_50	0.999364819691014
AcrIIIB2	85	85	cluster_85	0.9992764860424475
AcrIIIB2_2	195	195	cluster_195	0.9989529760505643
AcrIII_1	10	10	cluster_10	0.9999791610134308
AcrVA1	132	132	cluster_132	0.99888120284477
AcrVA2	84	84	cluster_84	0.9992071697615169
AcrVA3	117	117	cluster_117	0.9976953319901853
AcrVA3_2	204	204	cluster_204	0.997812593218896
AcrVA4	186	186	cluster_186	0.9989899295434088
AcrVA5	176	176	cluster_176	0.9991685267987361
AcrVIA1_Lse	76	76	cluster_76	0.9991384721521543
AcrVIA1_Lwa	154	154	cluster_154	0.9991499317666342
AcrVIA2	76	76	cluster_76	0.9992077117779297
AcrVIA2_new	148	148	cluster_148	0.9990351123302726
AcrVIA3	20	20	cluster_20	0.9993627130010339
AcrVIA4	80	80	cluster_80	0.9995186785655196
AcrVIA5	158	158	cluster_158	0.999352542386503
AcrVIA6	62	62	cluster_62	0.9989723872023134
AcrVIA7	44	44	cluster_44	0.9991929547372221
AcrVIB1	65	65	cluster_65	0.9992792286386007
Adfb	190	190	cluster_190	0.9985146760461152
Adfm_1	181	181	cluster_181	0.9999921619009832
Adfm_2	181	181	cluster_181	0.9999921696364983
Adfm_3	181	181	cluster_181	0.999992002753621
Adfm_4	181	181	cluster_181	0.9999921761670412
Adfn_t4	196	196	cluster_196	0.9999686186260719
Apyc1_J14	0	0	cluster_0	0.9999995670304517
Apyc1_apo2	0	0	cluster_0	0.9999995626359001
ArdB_2	2	2	cluster_2	0.999979814049457
B0K3Z4	0	0	cluster_0	0.9999995819242846
B116	10	10	cluster_10	0.999979087389556
B1BPP5	17	17	cluster_17	0.9999896892217778
B1BRH0	5	5	cluster_5	0.9999905508635638
B1TGJ5	0	0	cluster_0	0.9999995574966307
B1YAT2	181	181	cluster_181	0.9999925774885919
B3PH38	192	192	cluster_192	0.9999824456115778
B6BPJ7	0	0	cluster_0	0.9999995682520678
B6H2T3	181	181	cluster_181	0.9999926088355483
B6SED9	6	6	cluster_6	0.99998058469088
B7IDU8	0	0	cluster_0	0.9999995680869984
B7LT90	181	181	cluster_181	0.9999921492906284
B7MXV1	0	0	cluster_0	0.9999995719747685
B8GSH5	10	10	cluster_10	0.9999785114347883
B8HVE5	5	5	cluster_5	0.9999903901802537
B9E5Y5	17	17	cluster_17	0.999989719586652
B9MKS6	0	0	cluster_0	0.99999954553817
BAB1_1016	0	0	cluster_0	0.9999995682515804
BxaP	202	202	cluster_202	0.9999713247023281
C0EPR3	6	6	cluster_6	0.999980703613877
C0XQ07	4	4	cluster_4	0.9999856569758682
C2BHM6	74	74	cluster_74	0.9999529325706498
C2JYC7	5	5	cluster_5	0.9999904302972844
C3J8H4	6	6	cluster_6	0.9999801312601602
C3MLM8	181	181	cluster_181	0.9999924991227019
C3MRG2	183	183	cluster_183	0.9999678818443625
C3NMS3	0	0	cluster_0	0.9999995727166617
C4GDV7	5	5	cluster_5	0.9999903682177481
C4GE54	12	12	cluster_12	0.9999826218753611
C4IFE1	17	17	cluster_17	0.9999898194130435
C4XY30	181	181	cluster_181	0.9999927493586422
C5BV22	4	4	cluster_4	0.9999858149081311
C5CBX3	181	181	cluster_181	0.9999921748986625
C5CD92	0	0	cluster_0	0.999999566814622
C5DBE3	181	181	cluster_181	0.9999924853248522
C5DPK4	181	181	cluster_181	0.999992546073928
C6BS54	0	0	cluster_0	0.9999995704367342
C6E1F8	196	196	cluster_196	0.9999686293963841
C6I012	10	10	cluster_10	0.9999793751797923
C6REY4	4	4	cluster_4	0.9999856494435687
C6orf130	181	181	cluster_181	0.9999927974766898
C7DIF0	5	5	cluster_5	0.9999903850631607
C7MWC2	0	0	cluster_0	0.9999995664285025
C7N974	175	175	cluster_175	0.9999783177905002
C8P4G5	4	4	cluster_4	0.9999856061756673
C8P9V9	5	5	cluster_5	0.9999905172401138
C8S330	4	4	cluster_4	0.9999856527058599
C8XGA4	127	127	cluster_127	0.9998212327030508
CbTad1	17	17	cluster_17	0.9999899112604935
CbbQO	74	74	cluster_74	0.9999541146696147
D0GLT2	0	0	cluster_0	0.9999995517882608
D0I8M6	0	0	cluster_0	0.9999995615806813
D0L9N6	0	0	cluster_0	0.9999995700102217
D0R4I9	0	0	cluster_0	0.9999995667626153
D1PZV3	6	6	cluster_6	0.9999803228064541
D1QM66	0	0	cluster_0	0.9999995777186899
D2PT81	0	0	cluster_0	0.9999995689391863
D2RED5	183	183	cluster_183	0.9999673093705037
D2U875	134	134	cluster_134	0.9991353224537604
D2ZT08	2	2	cluster_2	0.9999801280987375
D3CS69	197	197	cluster_197	0.9999718700299367
D3DJN7	181	181	cluster_181	0.9999924031251528
D3HPQ1	0	0	cluster_0	0.9999995669511118
D3I9X6	6	6	cluster_6	0.9999797578162363
D3PZI6	4	4	cluster_4	0.9999857856866959
D4CXS6	181	181	cluster_181	0.9999921707158276
D4GEB4	0	0	cluster_0	0.9999995489253061
D5Q8H4	175	175	cluster_175	0.9999776052889522
D5TZT1	183	183	cluster_183	0.9999677427735506
D6AD11	181	181	cluster_181	0.9999922680395575
D6CK63	2	2	cluster_2	0.9999801494541062
D6CK84	2	2	cluster_2	0.9999793237979145
D7BEY3	0	0	cluster_0	0.9999995723462708
D7CIS2	0	0	cluster_0	0.9999995798169474
D7V0Q4	131	131	cluster_131	0.9999835462453031
D8IFH6	4	4	cluster_4	0.9999857469712157
D9SMC3	0	0	cluster_0	0.9999995553368913
D9Z5R4	2	2	cluster_2	0.9999804366555146
Dap1	163	163	cluster_163	0.9982199334620993
Dap2	81	81	cluster_81	0.9992041715255852
DarG	181	181	cluster_181	0.9999922176574816
E0M497	101	101	cluster_101	0.9999733683620385
E0N6C4	11	11	cluster_11	0.9992433677448004
E0PAY1	4	4	cluster_4	0.9999856054610435
E0SP98	183	183	cluster_183	0.9999676159889128
E1GVJ3	4	4	cluster_4	0.9999856766550913
E1IEG3	0	0	cluster_0	0.9999995729943423
E1QRA6	181	181	cluster_181	0.9999926135924087
E1RBN7	0	0	cluster_0	0.9999995484050047
E1THR5	4	4	cluster_4	0.999985866799123
E3BPY5	182	182	cluster_182	0.9999675614160999
E3EDP1	0	0	cluster_0	0.9999995659518789
E3GB47	0	0	cluster_0	0.9999995706646938
E3ZMW7	15	15	cluster_15	0.9991495228901156
E4L131	6	6	cluster_6	0.9999806325138241
E4NR84	0	0	cluster_0	0.9999995821311606
E4Q3Q1	0	0	cluster_0	0.9999995535949219
E4Q4D3	4	4	cluster_4	0.9999857569870724
E4T0C7	0	0	cluster_0	0.9999995729802347
E4T2V2	4	4	cluster_4	0.9999856550498836
E4TDT4	6	6	cluster_6	0.9999802251465233
E5XRX0	197	197	cluster_197	0.9999720493246448
E5YBU0	2	2	cluster_2	0.9999804809552753
E6K2E4	6	6	cluster_6	0.9999801926441084
E6KJ32	187	187	cluster_187	0.9999534405745258
E6LZ20	6	6	cluster_6	0.9999808522588814
E6VU55	0	0	cluster_0	0.9999995687302431
E6WMN4	192	192	cluster_192	0.9999822475435268
E6YNK2	74	74	cluster_74	0.9999520344390483
E7C7Q5	74	74	cluster_74	0.9999528262991885
E8KCP5	6	6	cluster_6	0.999980578456288
E8LS42	4	4	cluster_4	0.9999857336289771
E8U8K7	0	0	cluster_0	0.9999995626047783
E8V5K6	0	0	cluster_0	0.9999995707980628
E9DMF0	6	6	cluster_6	0.9999806539938735
EF2626	5	5	cluster_5	0.9999905349236153
ELAC_like	0	0	cluster_0	0.9999995736966095
F0GY62	5	5	cluster_5	0.999990557712331
F0NBZ6	183	183	cluster_183	0.9999683616856241
F0NF32	183	183	cluster_183	0.9999676411785531
F0NQC7	0	0	cluster_0	0.999999563601034
F0SZ01	0	0	cluster_0	0.9999995736240751
F1A0J3	4	4	cluster_4	0.999985684928918
F1W253	0	0	cluster_0	0.9999995521052089
F2F8W9	0	0	cluster_0	0.9999995726444121
F2J1A1	2	2	cluster_2	0.9999802652552092
F2JJV9	10	10	cluster_10	0.9999782898917619
F2JNY8	131	131	cluster_131	0.9999835469912444
F2JQW1	21	21	cluster_21	0.9995323511346857
F2LW61	0	0	cluster_0	0.9999995762424799
F4GVJ5	196	196	cluster_196	0.999967964598946
F4HA28	6	6	cluster_6	0.9999801229718742
F4PDI7	5	5	cluster_5	0.9999903636621452
F4QG12	2	2	cluster_2	0.9999800717226925
F5L3W1	175	175	cluster_175	0.999978010580852
F5LCS0	162	162	cluster_162	0.998161437900986
F7XRG4	0	0	cluster_0	0.9999995710539543
F8CHX3	0	0	cluster_0	0.9999995641890266
F8L508	6	6	cluster_6	0.9999807932819476
F8WVN9	0	0	cluster_0	0.9999995637827472
G0V7Y2	181	181	cluster_181	0.9999925839330268
G0W4Z1	181	181	cluster_181	0.9999926141301101
G0XAE9	74	74	cluster_74	0.9999539987241308
G1VB32	0	0	cluster_0	0.9999995631558113
G2EBB7	6	6	cluster_6	0.9999801053227133
G2FGJ4	0	0	cluster_0	0.9999995669727985
G2IQJ8	4	4	cluster_4	0.9999857024868215
G2PZ64	0	0	cluster_0	0.999999554951811
G2SRV6	4	4	cluster_4	0.9999857125799537
G2Z1W1	5	5	cluster_5	0.9999903811273753
G3A9J7	7	7	cluster_7	0.9999773397647989
G3WZY9	181	181	cluster_181	0.9999927766266495
G4H7Q6	0	0	cluster_0	0.9999995679552033
G4R899	0	0	cluster_0	0.999999553932049
G4THL9	181	181	cluster_181	0.9999924477728617
G7LKY7	155	155	cluster_155	0.9988401152669373
G7Z5F2	0	0	cluster_0	0.9999995697131412
G8BNL8	181	181	cluster_181	0.9999925773003132
G8LVT2	0	0	cluster_0	0.9999995778996468
G8SAD7	181	181	cluster_181	0.9999924668611258
G8Y3U7	4	4	cluster_4	0.9999858350106541
G9C944	6	6	cluster_6	0.9999801256273212
G9ERV3	2	2	cluster_2	0.9999805377712672
G9ESX7	0	0	cluster_0	0.9999995674752132
G9QHB6	175	175	cluster_175	0.99997816247754
G9ZKW1	4	4	cluster_4	0.9999856362111346
GDAP2	181	181	cluster_181	0.9999928507719655
Gp48	197	197	cluster_197	0.9999721235872548
H0Q061	4	4	cluster_4	0.999985678222047
H1PYD6	181	181	cluster_181	0.9999924175953787
H1XY25	0	0	cluster_0	0.9999995779997242
H2AWT7	181	181	cluster_181	0.9999925114809195
H2C1R3	183	183	cluster_183	0.9999679218123337
H2D731	32	32	cluster_32	0.999937813643308
H2J4U8	0	0	cluster_0	0.9999995694588222
H5SU10	0	0	cluster_0	0.9999995735866345
H5TF96	192	192	cluster_192	0.9999824115223067
H6LJG0	17	17	cluster_17	0.9999897281972953
H6MW96	0	0	cluster_0	0.9999995665997232
H6QBF5	181	181	cluster_181	0.9999925943528786
H8FX63	4	4	cluster_4	0.9999857156271473
H8H2X4	181	181	cluster_181	0.999992451632118
H8IUK1	4	4	cluster_4	0.9999857025385467
H9F507	181	181	cluster_181	0.9999928115835063
H_NS	209	209	cluster_209	0.9989083283032235
I0A2T8	183	183	cluster_183	0.9999675040810925
I0IDL0	0	0	cluster_0	0.9999995731297423
I0SDX3	145	145	cluster_145	0.999986296732326
I0WHS3	4	4	cluster_4	0.9999855907466823
I2GJU6	0	0	cluster_0	0.9999995706839391
I2H2G6	4	4	cluster_4	0.9999858491073325
I2H8Y3	181	181	cluster_181	0.9999925803986591
I3DXZ8	17	17	cluster_17	0.9999897645735004
I3II56	4	4	cluster_4	0.9999857217816919
I3R891	0	0	cluster_0	0.9999995811360642
I3TGM9	143	143	cluster_143	0.9993630804808319
I3X734	0	0	cluster_0	0.9999995584575183
I3XGC4	2	2	cluster_2	0.9999794173511453
I3XSP7	183	183	cluster_183	0.9999677995346933
I4ECN6	0	0	cluster_0	0.9999995749763123
I5AYN0	4	4	cluster_4	0.99998573716871
I7LJN0	0	0	cluster_0	0.9999995805488001
I7LKY3	175	175	cluster_175	0.9999779023105055
J2N4L2	182	182	cluster_182	0.999966700352032
J3MYK5	0	0	cluster_0	0.9999995588171974
J4U4H4	181	181	cluster_181	0.9999924528307544
J7LE71	127	127	cluster_127	0.9998202866918555
J7SA85	181	181	cluster_181	0.9999924736980091
J8DGG5	0	0	cluster_0	0.9999995722231763
J8PR60	181	181	cluster_181	0.9999925472789531
J9R0M4	6	6	cluster_6	0.999980242628168
J9VXX2	4	4	cluster_4	0.9999857887136661
J9Z1Z2	74	74	cluster_74	0.9999525470333226
J9Z874	2	2	cluster_2	0.9999803094007625
JSS1_004	201	201	cluster_201	0.9983405426843198
K0DZK5	2	2	cluster_2	0.9999805099294131
K0XEV7	6	6	cluster_6	0.999980326720195
K1ZGX1	74	74	cluster_74	0.9999534838328343
K5CDS7	6	6	cluster_6	0.9999802569713534
K5YAM8	6	6	cluster_6	0.9999805104014766
K6CGJ1	0	0	cluster_0	0.999999578012569
K6U8K7	0	0	cluster_0	0.999999551084292
K6ZFD8	192	192	cluster_192	0.9999811800349714
K8EET1	187	187	cluster_187	0.9999537933326885
K8P3G1	103	103	cluster_103	0.9999696457993527
K8WXV6	192	192	cluster_192	0.9999822550934575
K9E5N2	192	192	cluster_192	0.9999824126208979
K9T8W9	6	6	cluster_6	0.999980464375974
K9WVY6	6	6	cluster_6	0.999980643080294
K9ZME4	6	6	cluster_6	0.9999805634555229
L0DKZ4	0	0	cluster_0	0.9999995652679878
L0MF84	0	0	cluster_0	0.999999555978897
L2F6P0	6	6	cluster_6	0.9999797933931571
L7WB38	4	4	cluster_4	0.9999856673406624
L9M8I9	4	4	cluster_4	0.9999857711060443
L9WX20	181	181	cluster_181	0.9999923918143233
M0EFF1	0	0	cluster_0	0.9999995768013624
M0J8Y8	0	0	cluster_0	0.999999582076209
M0PD02	181	181	cluster_181	0.9999924949322985
M1N346	0	0	cluster_0	0.999999552409899
M1ZUJ6	17	17	cluster_17	0.9999896196523028
M3C3G5	181	181	cluster_181	0.9999923105089394
M3CBW8	181	181	cluster_181	0.9999924855259552
M3ENH3	0	0	cluster_0	0.9999995675611475
M7CY03	72	72	cluster_72	0.9999414829966689
M8E239	175	175	cluster_175	0.9999773138421097
M9RMS5	181	181	cluster_181	0.9999922249956965
MBLBt2	0	0	cluster_0	0.9999995527038155
MacroD2	181	181	cluster_181	0.9999927297263131
Mcbe1	6	6	cluster_6	0.9999803600514415
N0B3L3	0	0	cluster_0	0.999999572031864
N4WMM7	131	131	cluster_131	0.9999835794455162
N6UPZ8	4	4	cluster_4	0.9999857982303122
N8XGC5	5	5	cluster_5	0.9999903933217723
N9FD96	6	6	cluster_6	0.9999808510855975
N9LLF2	0	0	cluster_0	0.9999995547108815
NAMPT_HUMAN_2	5	5	cluster_5	0.9999904477357818
NAMPT_XANC	5	5	cluster_5	0.9999905450619304
NSP3	181	181	cluster_181	0.999992717343463
NadM-Nudix	7	7	cluster_7	0.9999773337431843
NadM-Nudix_2	7	7	cluster_7	0.9999772567882709
O32492	202	202	cluster_202	0.9999713080662632
OR342	181	181	cluster_181	0.9999923073624488
ORF14_SIFV	9	9	cluster_9	0.9993756912991738
ORF1a	181	181	cluster_181	0.9999927836722257
ORF99_AFV1	9	9	cluster_9	0.9993200125988955
P0DW58	17	17	cluster_17	0.9999899452580973
P0DW61	17	17	cluster_17	0.9999897379058506
P1234	181	181	cluster_181	0.9999925666927545
P27504	0	0	cluster_0	0.9999995516871967
PAP39	4	4	cluster_4	0.9999855322880966
PAP41	4	4	cluster_4	0.9999854804405874
PQQ	0	0	cluster_0	0.9999995583779874
PhnP	0	0	cluster_0	0.999999556299287
PhnP_new	0	0	cluster_0	0.9999995647669182
Poa1p	181	181	cluster_181	0.9999926303687732
Prps1	4	4	cluster_4	0.9999853696359035
Prs	4	4	cluster_4	0.9999857943955394
Prs_2	4	4	cluster_4	0.999985669308831
Prs_3	4	4	cluster_4	0.9999858235586041
Prs_like4	4	4	cluster_4	0.9999856669577387
Prs_like5	4	4	cluster_4	0.9999856287229838
Prs_like6	4	4	cluster_4	0.9999855570781434
Q0W2M9	0	0	cluster_0	0.9999995707632947
Q11BI1	4	4	cluster_4	0.9999857616214012
Q14558	4	4	cluster_4	0.9999854773030595
Q18AD5	131	131	cluster_131	0.9999836085038993
Q1AXL6	4	4	cluster_4	0.9999857228044141
Q1H9Y8	2	2	cluster_2	0.9999804885634195
Q1R0S7	181	181	cluster_181	0.9999923452431216
Q1YNI8	0	0	cluster_0	0.9999995760616064
Q21RG5	0	0	cluster_0	0.9999995651075175
Q2B023	0	0	cluster_0	0.9999995741566402
Q2RTP6	0	0	cluster_0	0.9999995710696982
Q2SNP3	0	0	cluster_0	0.9999995687306326
Q46666	182	182	cluster_182	0.9999678996202248
Q4C9L3	6	6	cluster_6	0.9999807144360003
Q5W2N9	183	183	cluster_183	0.9999667102372608
Q5WD89	0	0	cluster_0	0.999999558775925
Q6FXN3	181	181	cluster_181	0.9999924992950739
Q6YRS0	12	12	cluster_12	0.999982244611638
Q7BTG7	0	0	cluster_0	0.999999568540091
Q7V111	4	4	cluster_4	0.9999858108866861
Q81VZ0	4	4	cluster_4	0.9999856790424514
Q82MI4	181	181	cluster_181	0.9999923188990735
Q899I8	4	4	cluster_4	0.9999856980155128
Q8A8B0	181	181	cluster_181	0.9999923762092129
Q92B51	177	177	cluster_177	0.9992961987255634
Q92B53	60	60	cluster_60	0.9989875734861663
Q96XL5	183	183	cluster_183	0.9999677001063173
Q97HV8	17	17	cluster_17	0.9999897628469294
Q9HKF7	6	6	cluster_6	0.9999808923935923
Q9HYM9	0	0	cluster_0	0.9999995683369816
Q9L5T8	6	6	cluster_6	0.9999808187993029
R2NVV8	88	88	cluster_88	0.999976682613179
R2PVR0	187	187	cluster_187	0.9999548136277793
R4VEK2	5	5	cluster_5	0.9999905193583327
R4YKB0	5	5	cluster_5	0.9999902439472804
R5PU21	0	0	cluster_0	0.9999995611366302
R6A0U4	6	6	cluster_6	0.9999804083859084
R6WSC2	0	0	cluster_0	0.9999995757758461
R7K5G7	4	4	cluster_4	0.9999856575120636
R7L7N2	0	0	cluster_0	0.9999995703780834
R7LI90	0	0	cluster_0	0.9999995789995784
R7LRF9	175	175	cluster_175	0.9999772218418967
R7MJS5	0	0	cluster_0	0.9999995755513057
R9H9A4	6	6	cluster_6	0.9999798325077496
R9JFM2	131	131	cluster_131	0.9999832761515737
R9JR69	6	6	cluster_6	0.9999802235646436
R9KBL4	131	131	cluster_131	0.999983357628976
R9KGD5	131	131	cluster_131	0.9999835683243093
R9LM86	0	0	cluster_0	0.9999995744846882
R9T6Q5	175	175	cluster_175	0.9999774799020501
RNaseZ	0	0	cluster_0	0.9999995701263997
RT	182	182	cluster_182	0.9999678697570675
RelB	189	189	cluster_189	0.9993579205074531
Retron_Ec86	182	182	cluster_182	0.9999670856097973
Retron_Eco7	182	182	cluster_182	0.999967638348307
Rnase_ZS1	0	0	cluster_0	0.999999570462438
S0FVF5	192	192	cluster_192	0.9999826771005346
S2DHQ3	4	4	cluster_4	0.9999857324755175
S2ZRG0	5	5	cluster_5	0.9999905151267855
S3ZMV0	0	0	cluster_0	0.9999995581551566
S5DP89	5	5	cluster_5	0.999990342060797
S5M2E5	6	6	cluster_6	0.9999806604030508
S7J1U3	0	0	cluster_0	0.9999995715904352
S7VCM6	0	0	cluster_0	0.9999995659580395
SCO6735	181	181	cluster_181	0.9999920880464779
SSB	198	198	cluster_198	0.9951258964805906
SSO0001	183	183	cluster_183	0.9999684669287003
SptTad2	8	8	cluster_8	0.999975578137104
T0G607	0	0	cluster_0	0.9999995635281835
T0MZV7	0	0	cluster_0	0.9999995518299795
T0TYP3	187	187	cluster_187	0.9999505686832643
T0V962	32	32	cluster_32	0.9999492907423801
T0VAQ3	187	187	cluster_187	0.9999544579792596
T0VF20	164	164	cluster_164	0.9995814404335588
T2GCV4	6	6	cluster_6	0.9999810724581545
T4VQ08	17	17	cluster_17	0.9999896926791538
T6c	0	0	cluster_0	0.9999995853846206
TM_1162	0	0	cluster_0	0.999999575362164
TTHA0132	181	181	cluster_181	0.9999924888854059
U2EH18	175	175	cluster_175	0.9999767266994941
U2GIS6	6	6	cluster_6	0.9999801038762428
U2PCT2	20	20	cluster_20	0.9993586024094128
U2PMB8	20	20	cluster_20	0.9993552076576071
U2QH01	131	131	cluster_131	0.9999836434572504
U2RDR1	88	88	cluster_88	0.9999752738920235
U2RPB0	131	131	cluster_131	0.9999836742413843
U2RQ17	131	131	cluster_131	0.9999836113682129
U2USN5	131	131	cluster_131	0.9999836582857452
U2WME6	0	0	cluster_0	0.9999995713754487
U4T8B1	17	17	cluster_17	0.9999896685928742
U6EDJ1	0	0	cluster_0	0.9999995736187495
U6JG90	0	0	cluster_0	0.9999995528889228
U7NZV5	4	4	cluster_4	0.9999857653442017
UPF0173	0	0	cluster_0	0.9999995714013116
V4NBI6	5	5	cluster_5	0.9999903737783125
V4QEG6	74	74	cluster_74	0.9999526587218026
V6Q7C0	187	187	cluster_187	0.9999515697079902
V9TV52	8	8	cluster_8	0.9999751460612454
V9XQ52	181	181	cluster_181	0.9999922856219575
VEEV	181	181	cluster_181	0.9999925526895118
W0E700	0	0	cluster_0	0.9999995788020022
W0FV27	2	2	cluster_2	0.9999801777735148
W0TG97	4	4	cluster_4	0.999985828162425
W1J585	101	101	cluster_101	0.9999744764212272
W1JB07	6	6	cluster_6	0.9999805121222912
W1Q4I4	187	187	cluster_187	0.9999534403521034
W1XDH8	2	2	cluster_2	0.9999805946197249
W2BYD1	5	5	cluster_5	0.9999904693312284
W2U084	0	0	cluster_0	0.9999995754962653
W2U2M7	4	4	cluster_4	0.9999858590318793
W4DCD3	0	0	cluster_0	0.9999995620449582
W4EUE1	131	131	cluster_131	0.999983533504408
W4QLD7	17	17	cluster_17	0.999989506035374
W6S7X8	32	32	cluster_32	0.9999465839658627
W6SKQ6	185	185	cluster_185	0.9985370493753327
W7DGV3	10	10	cluster_10	0.9999793337450064
W7EFV9	4	4	cluster_4	0.9999857506267491
W7IT41	6	6	cluster_6	0.9999804364524496
W7KJM6	10	10	cluster_10	0.9999789620521872
W7KMI1	183	183	cluster_183	0.9999682429920452
W7L5K1	0	0	cluster_0	0.9999995728762906
W7QK02	4	4	cluster_4	0.9999857559743467
W7RGJ2	6	6	cluster_6	0.9999807922968548
W9DQP3	0	0	cluster_0	0.999999565783938
W9GTC4	0	0	cluster_0	0.9999995769979535
X2GUQ4	3	3	cluster_3	0.9999727936091702
X5ETH5	6	6	cluster_6	0.9999799044685955
X5YDJ9	0	0	cluster_0	0.999999572129448
X6BRF7	103	103	cluster_103	0.9999694787169958
X6FDL4	0	0	cluster_0	0.9999995544698215
X8K7U9	116	116	cluster_116	0.9991278070339856
X8K9K5	32	32	cluster_32	0.9999455976568798
YMDB	181	181	cluster_181	0.9999922733451004
YhfI_2	0	0	cluster_0	0.9999995767762057
ZipD	0	0	cluster_0	0.9999995710666457
abc1	78	78	cluster_78	0.9992248634805694
abc2	57	57	cluster_57	0.9992473861251457
aca1	1	1	cluster_1	0.9999250752265029
aca10	1	1	cluster_1	0.9998863010381744
aca11	73	73	cluster_73	0.9999150469129517
aca12	32	32	cluster_32	0.9999428052620116
aca13	142	142	cluster_142	0.9991602104806084
aca2	3	3	cluster_3	0.9999726884368277
aca2_2	3	3	cluster_3	0.999972312156013
aca3	1	1	cluster_1	0.9998941132496555
aca4	139	139	cluster_139	0.999211501671354
aca5	146	146	cluster_146	0.999452107473921
aca6	1	1	cluster_1	0.999923477307629
aca7	1	1	cluster_1	0.999923152949165
aca8	39	39	cluster_39	0.9994591895352115
aca9	1	1	cluster_1	0.9999255634185394
acb1	14	14	cluster_14	0.9999865318481935
acb1_2	14	14	cluster_14	0.9999869904541646
acb2	57	57	cluster_57	0.9992128272983465
acrx	61	61	cluster_61	0.9993059918791174
adfa	115	115	cluster_115	0.9988728546281251
adnd_p0020	118	118	cluster_118	0.9991177336766881
adnd_p0021	46	46	cluster_46	0.9991837838088892
alt	152	152	cluster_152	0.9989938450065462
apyc1	0	0	cluster_0	0.9999995623346946
arda	12	12	cluster_12	0.9999817312040735
arda_2	12	12	cluster_12	0.999982518871625
ardb	2	2	cluster_2	0.9999810027270067
ardc	103	103	cluster_103	0.9999693155069151
ardk	139	139	cluster_139	0.9992023829602444
ardk_2	184	184	cluster_184	0.9989886114779667
ardr	165	165	cluster_165	0.9990063858653745
ardu	12	12	cluster_12	0.9999813456529618
arn	184	184	cluster_184	0.9987252348588395
atd1	100	100	cluster_100	0.9990723938081628
bet	199	199	cluster_199	0.9976568416484733
dam	6	6	cluster_6	0.9999805143509551
dam_3	6	6	cluster_6	0.9999806655103401
danM	6	6	cluster_6	0.9999805188576371
dara	54	54	cluster_54	0.9991071438567702
darb	138	138	cluster_138	0.9985012025799538
ddra	170	170	cluster_170	0.9988878819093595
ddrb	178	178	cluster_178	0.999344397935567
dmd	16	16	cluster_16	0.999057191626378
dmd_2	16	16	cluster_16	0.9990692411891383
dsad1	37	37	cluster_37	0.9988697599037698
gad1	28	28	cluster_28	0.9991908952685796
gad2	162	162	cluster_162	0.998166073905155
gam	86	86	cluster_86	0.9987624678784554
gnarl1	98	98	cluster_98	0.9997300064342304
gnarl2	29	29	cluster_29	0.9992417251950358
gnarl3	121	121	cluster_121	0.9993650130519003
gp4	210	210	cluster_210	0.9988094954424188
gp4_5	110	110	cluster_110	0.9993792475901174
gp5_5	211	211	cluster_211	0.9989821395573437
gp5_9	25	25	cluster_25	0.9992359684915868
had1	24	24	cluster_24	0.9994320619559361
hdf	141	141	cluster_141	0.9993539741994135
hia5	6	6	cluster_6	0.9999800598821355
hin1523	6	6	cluster_6	0.999979670314892
ipi	43	43	cluster_43	0.9987515218581108
ipii	40	40	cluster_40	0.9990608110801915
klca	2	2	cluster_2	0.9999800691688426
klca_2	2	2	cluster_2	0.999980300570032
lar	87	87	cluster_87	0.9991189818738374
mom	35	35	cluster_35	0.9994427040734776
namat_sp	5	5	cluster_5	0.9999905025470455
narp1_adps	4	4	cluster_4	0.9999853749497462
narp1_namat	5	5	cluster_5	0.9999899790632388
narp2_nampt	5	5	cluster_5	0.9999903538056836
narp2_nmnat	7	7	cluster_7	0.9999770492520581
nip	71	71	cluster_71	0.9988934110041479
nma1821	6	6	cluster_6	0.9999799820506972
ntase	127	127	cluster_127	0.9998232781991538
ocr	112	112	cluster_112	0.9992250693013706
orba	31	31	cluster_31	0.9993043947933634
orf126	94	94	cluster_94	0.9987102076828943
orf148	133	133	cluster_133	0.9989030500200405
parp14	181	181	cluster_181	0.9999927850724649
prsA	4	4	cluster_4	0.9999857055375541
prsA_2	4	4	cluster_4	0.999985624335201
prs_R32	4	4	cluster_4	0.9999857213271843
psia	77	77	cluster_77	0.9999484259124968
psib	123	123	cluster_123	0.9999386145218121
racc	126	126	cluster_126	0.9994989739954969
rad	22	22	cluster_22	0.9994236112645892
ral	26	26	cluster_26	0.9991321107992824
rep	181	181	cluster_181	0.9999927921412428
rep_bat	181	181	cluster_181	0.9999926643340221
rexb	159	159	cluster_159	0.9990128003139813
samase	93	93	cluster_93	0.9992662107251209
stp	64	64	cluster_64	0.999194629918863
tRNase	0	0	cluster_0	0.999999567066773
tRNase_Z	0	0	cluster_0	0.9999995650440676
tad1	17	17	cluster_17	0.9999898191404174
tad1_cm	17	17	cluster_17	0.999989717596726
tad2	8	8	cluster_8	0.9999752876986508
tad2_spo1	8	8	cluster_8	0.9999748797579061
tifa	108	108	cluster_108	0.9988655436166356
ugi	13	13	cluster_13	0.9995437808727525
ugi_3	13	13	cluster_13	0.999537620370844
ulx	101	101	cluster_101	0.9999751933363327
vcrx089	74	74	cluster_74	0.9999539992105065
vcrx090	156	156	cluster_156	0.99849681318184
vcrx091	83	83	cluster_83	0.9961565091843905
vcrx092	144	144	cluster_144	0.9975757790035522
vcrx093	89	89	cluster_89	0.9999475626015529
ydiL	3	3	cluster_3	0.9999723628848824
