query_id	true_label	pred_label	predicted_family	judge_score
5004	194	194	cluster_194	0.992766025349757
5021	203	203	cluster_203	0.9911356265509761
5061	193	193	cluster_193	0.9926697903718977
5277	191	191	cluster_191	0.9907415419677232
A0A022FQ66	2	2	cluster_2	0.9999973907749962
A0A022PJQ7	2	2	cluster_2	0.999996344308938
A0A023UEJ4	165	165	cluster_165	0.9994695217296099
A0A024L1D8	2	2	cluster_2	0.999996040775255
A0A024QGA6	131	131	cluster_131	0.9999820175584195
A0A031LKV0	181	181	cluster_181	0.9999972843044604
A0A037Y2Z6	101	101	cluster_101	0.9999720764213169
A0A059FD34	74	74	cluster_74	0.9999968738174305
A0A060QSC4	12	12	cluster_12	0.9999709162374137
A0A060UYH7	74	74	cluster_74	0.9999927522390135
A0A060V0H9	74	74	cluster_74	0.999996929871663
A0A061FDP0	0	0	cluster_0	0.9999984148862863
A0A061JKK5	128	128	cluster_128	0.9997612696182893
A0A061JKM6	72	72	cluster_72	0.9999804602977922
A0A061K8L9	181	181	cluster_181	0.9999989651681946
A0A061NAH7	10	10	cluster_10	0.9999593129771857
A0A066TD26	3	3	cluster_3	0.9999726519435326
A0A068XU97	5	5	cluster_5	0.999992368332614
A0A071M9Y6	3	3	cluster_3	0.9999749630107195
A0A072NT49	4	4	cluster_4	0.9999971906954249
A0A074V975	6	6	cluster_6	0.9999988062218534
A0A075G9T6	4	4	cluster_4	0.9999981265524087
A0A075HDM8	0	0	cluster_0	0.9999983651411661
A0A075KJR3	0	0	cluster_0	0.9999974723121235
A0A075MD29	2	2	cluster_2	0.9999974764778236
A0A075UZM1	197	197	cluster_197	0.9999988734638535
A0A076H4T2	0	0	cluster_0	0.9999983969723543
A0A076HTW2	0	0	cluster_0	0.9999974982087898
A0A076LMU3	35	35	cluster_35	0.9999801197880271
A0A077LMF9	66	66	cluster_66	0.9995449781420152
A0A077M123	0	0	cluster_0	0.9999984851579645
A0A077P3P9	8	8	cluster_8	0.9999702935506337
A0A077PJ20	182	182	cluster_182	0.9999980070575306
A0A077PJP8	6	6	cluster_6	0.9999990738693267
A0A077XSF1	6	6	cluster_6	0.9999989561058401
A0A080M5T3	10	10	cluster_10	0.9999675653198629
A0A081L7U3	181	181	cluster_181	0.9999991506827076
A0A081R364	32	32	cluster_32	0.9999613932194826
A0A084XW58	10	10	cluster_10	0.9999702525079127
A0A085A7R8	2	2	cluster_2	0.9999971282387264
A0A085FYV1	123	123	cluster_123	0.9999916314319395
A0A085WQN3	0	0	cluster_0	0.9999977837686155
A0A085ZJZ9	181	181	cluster_181	0.999999260267589
A0A086AAF2	0	0	cluster_0	0.9999979462873876
A0A086AUP6	181	181	cluster_181	0.9999992628657433
A0A086TMN3	2	2	cluster_2	0.9999962750131235
A0A087DU63	192	192	cluster_192	0.9999935196516417
A0A088F1Q9	8	8	cluster_8	0.9999497858310347
A0A088FMV2	2	2	cluster_2	0.9999975036397538
A0A089JW37	0	0	cluster_0	0.9999983024486114
A0A089K5E1	0	0	cluster_0	0.9999973253783885
A0A089PL63	4	4	cluster_4	0.9999953308917283
A0A090EBH1	6	6	cluster_6	0.9999988762492871
A0A090FIW3	181	181	cluster_181	0.9999989700754102
A0A090R008	101	101	cluster_101	0.9999776561617167
A0A090Z3E4	175	175	cluster_175	0.99999818590504
A0A091CB71	131	131	cluster_131	0.9999799860703615
A0A091UP68	4	4	cluster_4	0.9999956232419359
A0A093RSA7	192	192	cluster_192	0.9999947284963815
A0A094L0U5	192	192	cluster_192	0.9999931477573805
A0A094WH89	6	6	cluster_6	0.9999986089781943
A0A096AXJ0	69	69	cluster_69	0.9999855850005975
A0A096C4V4	4	4	cluster_4	0.9999973922730866
A0A097AQP5	0	0	cluster_0	0.9999989502611428
A0A098AYR1	0	0	cluster_0	0.9999980159246585
A0A099KKJ8	74	74	cluster_74	0.9999968128786735
A0A099P9D6	181	181	cluster_181	0.9999992427798535
A0A099WDU6	10	10	cluster_10	0.9999746793587441
A0A099WPG8	88	88	cluster_88	0.9999958056933341
A0A099ZF20	181	181	cluster_181	0.9999987063853589
A0A0A0AR11	181	181	cluster_181	0.9999991330433005
A0A0A0DCP1	35	35	cluster_35	0.9999800056365581
A0A0A0QVC5	123	123	cluster_123	0.9999911344190952
A0A0A0UU49	88	88	cluster_88	0.999965369946474
A0A0A2EC71	0	0	cluster_0	0.999997951955068
A0A0A2GC59	6	6	cluster_6	0.9999988261972004
A0A0A2UY57	0	0	cluster_0	0.9999984796298718
A0A0A2WXT2	0	0	cluster_0	0.9999972413149723
A0A0A5GA11	8	8	cluster_8	0.9999670256849449
A0A0A8E5Z3	7	7	cluster_7	0.9999978506192497
A0A0A8ECR9	197	197	cluster_197	0.9999989560345802
A0A0A8ERN0	5	5	cluster_5	0.9999924540225578
A0A0A8VG70	2	2	cluster_2	0.9999974384636517
A0A0B1BAN6	126	126	cluster_126	0.9993806323444858
A0A0B3AHQ9	0	0	cluster_0	0.9999986253777249
A0A0B3W1I8	17	17	cluster_17	0.9999865210404831
A0A0B5EMS7	0	0	cluster_0	0.9999978317329414
A0A0B5I6N9	181	181	cluster_181	0.9999993022711849
A0A0B5KHN4	0	0	cluster_0	0.9999973977868785
A0A0B7H6B7	0	0	cluster_0	0.9999980610225998
A0A0C1D7Z4	181	181	cluster_181	0.9999991313585734
A0A0C1H6K8	0	0	cluster_0	0.9999977653545177
A0A0C1LZT9	131	131	cluster_131	0.9999758386784136
A0A0C1U6Y8	175	175	cluster_175	0.9999984597512417
A0A0C2XB47	181	181	cluster_181	0.999999287920648
A0A0C3E4H7	192	192	cluster_192	0.9999930110032079
A0A0C3HTZ0	89	89	cluster_89	0.9999973051595641
A0A0C3MC11	6	6	cluster_6	0.999998940316285
A0A0C5H2W7	2	2	cluster_2	0.9999967186992618
A0A0C5XPN5	2	2	cluster_2	0.9999977402820108
A0A0C6EG58	131	131	cluster_131	0.9999774918605678
A0A0C7MUR0	181	181	cluster_181	0.9999991079205428
A0A0C7P103	0	0	cluster_0	0.9999989294912233
A0A0D0ETF2	6	6	cluster_6	0.9999986925762298
A0A0D0FXU7	6	6	cluster_6	0.9999984911419213
A0A0D0IW64	196	196	cluster_196	0.9999980392762953
A0A0D0WRH1	181	181	cluster_181	0.999999309941283
A0A0D3K3H9	4	4	cluster_4	0.9999945625664589
A0A0D3LA01	0	0	cluster_0	0.9999988386701151
A0A0D5CKF3	181	181	cluster_181	0.9999990288973171
A0A0D5XR64	89	89	cluster_89	0.9999970387846565
A0A0D6DWU9	131	131	cluster_131	0.9999801969978249
A0A0D6XRM7	5	5	cluster_5	0.9999944409414094
A0A0D7W0Y3	0	0	cluster_0	0.9999979363825563
A0A0D8LBA6	2	2	cluster_2	0.9999977450153638
A0A0D8ZSQ7	12	12	cluster_12	0.9999567348376361
A0A0E0UT28	97	97	cluster_97	0.9999065236593303
A0A0E0UVH5	15	15	cluster_15	0.9998713423811896
A0A0E0UW46	177	177	cluster_177	0.999797009884295
A0A0E0UY76	181	181	cluster_181	0.9999992611380067
A0A0E0UYK7	181	181	cluster_181	0.9999992658086571
A0A0E0XWM1	6	6	cluster_6	0.9999991513182958
A0A0E1NKP5	12	12	cluster_12	0.9999618048349785
A0A0E2AWD3	6	6	cluster_6	0.9999982124651298
A0A0E2HUQ3	12	12	cluster_12	0.999942547289008
A0A0E2Q264	187	187	cluster_187	0.9999904629216417
A0A0E2Z4Q9	6	6	cluster_6	0.9999986245506942
A0A0E3K7D2	183	183	cluster_183	0.9999976286486854
A0A0E3KIA9	12	12	cluster_12	0.9999624725031866
A0A0E3PW44	0	0	cluster_0	0.999998725886843
A0A0E3QX18	0	0	cluster_0	0.9999987055313123
A0A0E3S4J9	0	0	cluster_0	0.9999986543913578
A0A0F0DN23	5	5	cluster_5	0.9999920117347735
A0A0F1AW96	89	89	cluster_89	0.9999963150446392
A0A0F2JC73	0	0	cluster_0	0.999998059492973
A0A0F2L6M4	10	10	cluster_10	0.9999652184588109
A0A0F2NHV6	74	74	cluster_74	0.9999897684246086
A0A0F3IMY4	101	101	cluster_101	0.9999664150560874
A0A0F3QCL8	0	0	cluster_0	0.9999986062725212
A0A0F4LRR3	0	0	cluster_0	0.9999981111327145
A0A0F5EY39	6	6	cluster_6	0.9999988006970616
A0A0F5FQJ7	0	0	cluster_0	0.9999974519892192
A0A0F5YLB7	181	181	cluster_181	0.9999985978033832
A0A0F6AJ29	0	0	cluster_0	0.9999981326686588
A0A0F6B0V6	3	3	cluster_3	0.9999758299183531
A0A0F6MNM7	131	131	cluster_131	0.9999833467436631
A0A0F6MV49	4	4	cluster_4	0.9999966996383682
A0A0F6W0P6	5	5	cluster_5	0.9999944907671049
A0A0F7CQ77	181	181	cluster_181	0.9999993167013758
A0A0F7HJY6	0	0	cluster_0	0.9999983460379847
A0A0F7JE63	101	101	cluster_101	0.9999761484282969
A0A0F8DCR5	0	0	cluster_0	0.9999987052204427
A0A0F8UDL9	0	0	cluster_0	0.9999987722139898
A0A0F8W1N2	127	127	cluster_127	0.9999968692006389
A0A0F8WC35	197	197	cluster_197	0.9999986713678373
A0A0F8YC37	17	17	cluster_17	0.9999796712821736
A0A0F9AHB9	17	17	cluster_17	0.9999862276516603
A0A0F9AQS0	7	7	cluster_7	0.9999977337290692
A0A0F9C2J6	197	197	cluster_197	0.9999988639973245
A0A0F9CIJ6	6	6	cluster_6	0.9999984462956014
A0A0F9DWZ7	17	17	cluster_17	0.9999880855370383
A0A0F9EMJ1	197	197	cluster_197	0.9999988343388911
A0A0F9ETL9	14	14	cluster_14	0.9999972981314993
A0A0F9F1U2	197	197	cluster_197	0.9999987039344467
A0A0F9LXL1	197	197	cluster_197	0.9999989517213252
A0A0F9NFV1	197	197	cluster_197	0.9999989177182045
A0A0F9NKV7	197	197	cluster_197	0.9999987679685769
A0A0F9Q6A3	4	4	cluster_4	0.9999974465563912
A0A0F9RAN6	17	17	cluster_17	0.9999658643792763
A0A0F9RAV8	6	6	cluster_6	0.9999988404806877
A0A0F9RWS4	17	17	cluster_17	0.999986413134297
A0A0F9RZA9	196	196	cluster_196	0.9999979831498321
A0A0F9SBM5	196	196	cluster_196	0.999997907975292
A0A0F9T152	197	197	cluster_197	0.9999985868918404
A0A0F9T9R9	197	197	cluster_197	0.9999985228679958
A0A0F9UEM3	181	181	cluster_181	0.9999993269049442
A0A0F9UZD9	181	181	cluster_181	0.9999981938706664
A0A0F9XR49	192	192	cluster_192	0.9999905765389895
A0A0G0AQP7	4	4	cluster_4	0.9999953266255699
A0A0G0HCE9	4	4	cluster_4	0.9999976788627749
A0A0G0MI32	181	181	cluster_181	0.9999992107455292
A0A0G0PSR2	0	0	cluster_0	0.9999988591860407
A0A0G0PTH8	196	196	cluster_196	0.9999971332715639
A0A0G0TNE4	4	4	cluster_4	0.9999974873727556
A0A0G0WAD7	0	0	cluster_0	0.9999985467178912
A0A0G1VAR5	202	202	cluster_202	0.9999974278099256
A0A0G2K831	181	181	cluster_181	0.9999989864644566
A0A0G3GW64	4	4	cluster_4	0.9999975050324382
A0A0G3M711	6	6	cluster_6	0.9999988375655923
A0A0G3WH58	10	10	cluster_10	0.9999652150455529
A0A0G4LZI3	4	4	cluster_4	0.9999973389817538
A0A0G4P7U7	181	181	cluster_181	0.999998463650521
A0A0H1R0N1	0	0	cluster_0	0.99999824595172
A0A0H1WCG7	145	145	cluster_145	0.9999957748015056
A0A0H2SMB7	0	0	cluster_0	0.9999987102674465
A0A0H2UV12	168	168	cluster_168	0.9996431097493408
A0A0H2XJF5	123	123	cluster_123	0.9999911463008722
A0A0H2Z5B8	0	0	cluster_0	0.999997721430627
A0A0H3CCB1	74	74	cluster_74	0.999996707977396
A0A0H3CVI7	0	0	cluster_0	0.9999984471244425
A0A0H3FJB2	2	2	cluster_2	0.9999968168669584
A0A0H3JFM6	3	3	cluster_3	0.999973483643734
A0A0H3NHP7	182	182	cluster_182	0.9999979857571688
A0A0H3ZUM5	101	101	cluster_101	0.9999760793907008
A0A0J0YTE9	8	8	cluster_8	0.9999694417628673
A0A0J1BZR6	0	0	cluster_0	0.9999979978291317
A0A0J4IIG3	77	77	cluster_77	0.9999910186373745
A0A0J5FWW0	101	101	cluster_101	0.9999771335479188
A0A0J5IU09	6	6	cluster_6	0.9999991509270818
A0A0J5IU53	36	36	cluster_36	0.9994225832684658
A0A0J5P1Y4	6	6	cluster_6	0.9999986079628123
A0A0J6E3P8	8	8	cluster_8	0.9999712252637433
A0A0J6ESB5	10	10	cluster_10	0.9999591775245241
A0A0J8GT29	6	6	cluster_6	0.9999988340915946
A0A0J8VKV5	123	123	cluster_123	0.999990915615044
A0A0J9FJ14	181	181	cluster_181	0.9999992893177457
A0A0K1FK66	4	4	cluster_4	0.9999974576700004
A0A0K1SKI8	181	181	cluster_181	0.9999968271394228
A0A0K1UGF5	89	89	cluster_89	0.999997503567336
A0A0K2CSF0	123	123	cluster_123	0.9999910110456731
A0A0K2JCM2	0	0	cluster_0	0.9999980459481861
A0A0K4SA34	2	2	cluster_2	0.9999959925811469
A0A0K9YU99	181	181	cluster_181	0.9999989723825766
A0A0L0AWP9	192	192	cluster_192	0.9999942801376945
A0A0L6JM76	181	181	cluster_181	0.9999993107264539
A0A0L6JTM2	0	0	cluster_0	0.9999978909245912
A0A0L7Z181	192	192	cluster_192	0.9999923937580736
A0A0L8VVC2	181	181	cluster_181	0.9999992307320091
A0A0M1JI45	10	10	cluster_10	0.9999668499599375
A0A0M2KB22	123	123	cluster_123	0.9999873692837962
A0A0M2LTT0	4	4	cluster_4	0.999996747541401
A0A0M2SI15	0	0	cluster_0	0.999998436418755
A0A0M2VJJ9	6	6	cluster_6	0.9999989247056474
A0A0M3AV27	4	4	cluster_4	0.9999966126359704
A0A0M4LGY3	0	0	cluster_0	0.9999975491785174
A0A0M8PX65	0	0	cluster_0	0.9999954660562843
A0A0M8SU46	0	0	cluster_0	0.9999979781663668
A0A0N0E893	5	5	cluster_5	0.9999948656290097
A0A0N0GE38	0	0	cluster_0	0.9999986103493146
A0A0N1BJ23	0	0	cluster_0	0.9999981298557103
A0A0N1MT78	74	74	cluster_74	0.9999969237496189
A0A0N5CK15	5	5	cluster_5	0.9999936745109906
A0A0N7MNF7	181	181	cluster_181	0.9999992000387772
A0A0N9WNT5	74	74	cluster_74	0.9999969298207012
A0A0P0NW10	4	4	cluster_4	0.999997137630859
A0A0P0SIP2	0	0	cluster_0	0.9999978696742712
A0A0P1F7Z2	0	0	cluster_0	0.9999971994747229
A0A0P7DUX0	5	5	cluster_5	0.9999921249664476
A0A0P7Y0W5	74	74	cluster_74	0.9999969801767399
A0A0P8KB23	0	0	cluster_0	0.9999986988747288
A0A0P9CBZ5	0	0	cluster_0	0.9999989405356662
A0A0P9FRG7	0	0	cluster_0	0.9999989366191157
A0A0P9LNQ5	0	0	cluster_0	0.9999985993115625
A0A0Q0VTU5	4	4	cluster_4	0.9999970423508955
A0A0Q1HTA6	4	4	cluster_4	0.9999977750836051
A0A0Q2Y1H1	6	6	cluster_6	0.9999991117004027
A0A0Q4G265	74	74	cluster_74	0.9999964609503473
A0A0Q4IKH9	2	2	cluster_2	0.9999978254197163
A0A0Q4IMH8	74	74	cluster_74	0.9999967666323564
A0A0Q4QPZ9	0	0	cluster_0	0.9999980369235416
A0A0Q4RLX9	181	181	cluster_181	0.9999988197129268
A0A0Q4U8Z6	0	0	cluster_0	0.9999982434344439
A0A0Q5TPT2	0	0	cluster_0	0.9999979408329607
A0A0Q6T6X2	5	5	cluster_5	0.9999944897584488
A0A0Q7GIB9	0	0	cluster_0	0.9999983581957949
A0A0Q7IKP4	182	182	cluster_182	0.9999975108301533
A0A0Q7UW68	0	0	cluster_0	0.9999970425322383
A0A0Q8CTT3	5	5	cluster_5	0.9999950488094791
A0A0Q8J9F8	181	181	cluster_181	0.9999989838837959
A0A0Q8PK38	17	17	cluster_17	0.9999833241076206
A0A0Q8ZQU0	197	197	cluster_197	0.9999989893491346
A0A0Q9K4U4	0	0	cluster_0	0.9999987143224153
A0A0Q9L7H0	4	4	cluster_4	0.9999979563435847
A0A0Q9S1R8	0	0	cluster_0	0.9999986620860716
A0A0R0AZ31	7	7	cluster_7	0.9999985371239958
A0A0R1ERC2	131	131	cluster_131	0.999977223982786
A0A0R1MAP6	0	0	cluster_0	0.9999972466995478
A0A0R1QRV3	181	181	cluster_181	0.9999987852828822
A0A0R1SCG7	0	0	cluster_0	0.9999987389780834
A0A0R1WBN8	131	131	cluster_131	0.9999806935022346
A0A0R2B0H2	181	181	cluster_181	0.9999987153642126
A0A0R2B3V3	0	0	cluster_0	0.999997247308973
A0A0R2BIA5	175	175	cluster_175	0.9999977353255562
A0A0R2BT53	88	88	cluster_88	0.9999959594652007
A0A0R2CF16	12	12	cluster_12	0.9999661080754597
A0A0R2FL22	175	175	cluster_175	0.9999980081945439
A0A0R2FV42	88	88	cluster_88	0.9999962172437599
A0A0R2I6L3	187	187	cluster_187	0.9999897350184289
A0A0R2LRF1	4	4	cluster_4	0.9999967872917563
A0A0R2NNE2	0	0	cluster_0	0.9999973477742641
A0A0R2ZXH4	0	0	cluster_0	0.9999985043927788
A0A0R3LMC4	0	0	cluster_0	0.9999980519885598
A0A0R3WBI4	0	0	cluster_0	0.9999984440354007
A0A0S6TY66	5	5	cluster_5	0.9999946320939518
A0A0S7ZER4	196	196	cluster_196	0.9999976199417563
A0A0S8HPU2	0	0	cluster_0	0.9999983982933007
A0A0S8IH39	0	0	cluster_0	0.9999986613739349
A0A0T6BWL9	10	10	cluster_10	0.9999602903324281
A0A0T6TWZ1	4	4	cluster_4	0.9999967943427699
A0A0T8U657	145	145	cluster_145	0.9999949003905623
A0A0U0XGR3	0	0	cluster_0	0.9999980986117429
A0A0U3FPI9	183	183	cluster_183	0.9999976471559543
A0A0U3FU83	10	10	cluster_10	0.9999670352378249
A0A0U3P3P4	187	187	cluster_187	0.999989405848502
A0A0U3PWS2	4	4	cluster_4	0.9999976568318774
A0A0U4CTS4	0	0	cluster_0	0.9999980805518157
A0A0U5E0X7	2	2	cluster_2	0.9999975773178685
A0A0U5JCJ5	4	4	cluster_4	0.9999946469290479
A0A0U5JS89	5	5	cluster_5	0.9999942047009968
A0A0V0JC76	0	0	cluster_0	0.9999986325045145
A0A0W0SUP1	6	6	cluster_6	0.9999991147323452
A0A0W0U2S0	0	0	cluster_0	0.9999980775943181
A0A0W0UL45	0	0	cluster_0	0.9999984085273109
A0A0W0Y7B1	6	6	cluster_6	0.9999991553750094
A0A0W0YLA8	192	192	cluster_192	0.9999939042314355
A0A0W1A5A1	0	0	cluster_0	0.9999982397229639
A0A0W1DGP0	103	103	cluster_103	0.9999874449208831
A0A0W1FAV9	0	0	cluster_0	0.9999961413063491
A0A0X3W124	5	5	cluster_5	0.9999942795062329
A0A0X4EW64	182	182	cluster_182	0.9999980721863474
A0A0X8VB38	21	21	cluster_21	0.9999615653325499
A0A0X8VCV4	21	21	cluster_21	0.9999731017867425
A0A0Z8H928	145	145	cluster_145	0.9999932437836143
A0A0Z8V8E1	4	4	cluster_4	0.9999978417449464
A0A101FKK0	4	4	cluster_4	0.9999972047005261
A0A101VWW1	0	0	cluster_0	0.9999979719565468
A0A101XGX5	0	0	cluster_0	0.9999937611223063
A0A101XLL2	0	0	cluster_0	0.9999948207239806
A0A103Y532	5	5	cluster_5	0.9999924117656507
A0A109QJ75	175	175	cluster_175	0.9999983067345705
A0A117M7I7	0	0	cluster_0	0.9999988213537704
A0A120BE14	0	0	cluster_0	0.9999986498774215
A0A120DAC5	74	74	cluster_74	0.9999968694673546
A0A120M0K1	181	181	cluster_181	0.9999988922857219
A0A124IG39	131	131	cluster_131	0.9999826376960994
A0A125DME0	196	196	cluster_196	0.9999976801432484
A0A126R9X6	103	103	cluster_103	0.9999875879251278
A0A126ZAY1	7	7	cluster_7	0.9999983430364519
A0A127VIK4	0	0	cluster_0	0.9999976861747378
A0A132EEN6	74	74	cluster_74	0.9999969953313801
A0A133L5A5	4	4	cluster_4	0.9999974939399527
A0A133NFH4	4	4	cluster_4	0.9999976729505828
A0A133VFN5	4	4	cluster_4	0.9999970456326224
A0A134A2N4	4	4	cluster_4	0.999997309893464
A0A134AEI2	131	131	cluster_131	0.9999799000661196
A0A136M114	181	181	cluster_181	0.9999989350916114
A0A136Q4J0	181	181	cluster_181	0.9999985450052893
A0A136WG86	21	21	cluster_21	0.999957126233284
A0A137SQ48	6	6	cluster_6	0.9999985396641126
A0A139CIC0	4	4	cluster_4	0.9999977020348125
A0A139N676	145	145	cluster_145	0.9999946959356725
A0A139N961	0	0	cluster_0	0.9999984248156127
A0A139P1M4	58	58	cluster_58	0.9953879802036696
A0A139QDZ9	187	187	cluster_187	0.9999895942128628
A0A139R393	145	145	cluster_145	0.9999912090384833
A0A142Y7P6	0	0	cluster_0	0.9999979095226792
A0A142Y9S1	0	0	cluster_0	0.9999973867441995
A0A143CBR9	127	127	cluster_127	0.9999980992559345
A0A143HAB6	131	131	cluster_131	0.9999812678142452
A0A143X725	192	192	cluster_192	0.9999880150904779
A0A143YQ43	187	187	cluster_187	0.99998985777039
A0A143YVB8	187	187	cluster_187	0.9999889172995163
A0A147JWS3	181	181	cluster_181	0.999998690450321
A0A149V1L2	0	0	cluster_0	0.9999978773882234
A0A149ZRP9	4	4	cluster_4	0.9999975278691579
A0A150J123	0	0	cluster_0	0.9999984965467039
A0A150LZM1	0	0	cluster_0	0.9999977374039001
A0A150M5G9	175	175	cluster_175	0.9999984499500428
A0A150PQ86	181	181	cluster_181	0.9999993180377683
A0A150W206	181	181	cluster_181	0.9999993280921893
A0A150XQF2	5	5	cluster_5	0.9999949252845856
A0A151A5X9	74	74	cluster_74	0.9999961821822668
A0A151EQV0	0	0	cluster_0	0.9999973564663965
A0A151F9T7	181	181	cluster_181	0.9999990195202973
A0A154W8E2	0	0	cluster_0	0.9999979920139853
A0A157ZM07	2	2	cluster_2	0.9999973456484218
A0A158E846	2	2	cluster_2	0.9999976075775245
A0A158K434	2	2	cluster_2	0.9999977082178837
A0A158KKV3	181	181	cluster_181	0.9999990535698573
A0A160IIY0	0	0	cluster_0	0.9999987634651017
A0A160LKL7	188	188	cluster_188	0.9999663015337712
A0A160P8M8	181	181	cluster_181	0.9999993520821769
A0A162A316	181	181	cluster_181	0.9999989243450993
A0A162J7X2	10	10	cluster_10	0.9999648039256466
A0A162KRJ4	4	4	cluster_4	0.9999973488968115
A0A163G4C6	0	0	cluster_0	0.9999979346693982
A0A164HW10	197	197	cluster_197	0.9999989255670227
A0A164LDK9	0	0	cluster_0	0.9999973430889777
A0A164P6K4	0	0	cluster_0	0.9999975385957098
A0A165YJ41	0	0	cluster_0	0.9999972641709255
A0A166S7D1	0	0	cluster_0	0.9999981581512389
A0A168NV23	0	0	cluster_0	0.9999983672389852
A0A172YI12	0	0	cluster_0	0.9999982578056706
A0A173LR23	181	181	cluster_181	0.9999990043224727
A0A173V1H0	131	131	cluster_131	0.9999807736017844
A0A174G083	12	12	cluster_12	0.9999515194308752
A0A174GF35	5	5	cluster_5	0.9999951059738278
A0A174PEE4	131	131	cluster_131	0.9999792459313344
A0A174U9J5	131	131	cluster_131	0.9999794153656416
A0A174YSQ4	131	131	cluster_131	0.9999816265694689
A0A176RW35	74	74	cluster_74	0.999996775023081
A0A176YTA3	0	0	cluster_0	0.9999978216270142
A0A177MZK8	0	0	cluster_0	0.9999986068096233
A0A177Q209	0	0	cluster_0	0.9999986051213904
A0A178M4R4	5	5	cluster_5	0.9999949202694778
A0A179C6T0	131	131	cluster_131	0.9999780799402601
A0A182FT06	181	181	cluster_181	0.9999990881806026
A0A192THX4	74	74	cluster_74	0.9999969766509935
A0A193LJL4	0	0	cluster_0	0.9999981136468742
A0A194QCK1	4	4	cluster_4	0.9999973187966291
A0A194XUH0	181	181	cluster_181	0.9999980776820081
A0A197ZZQ4	0	0	cluster_0	0.9999977558283298
A0A1A0QYA8	74	74	cluster_74	0.9999970023939593
A0A1A2L641	0	0	cluster_0	0.9999985997780572
A0A1A3GW59	197	197	cluster_197	0.9999989139560568
A0A1A6AXE0	5	5	cluster_5	0.9999954051436811
A0A1A6TMK4	3	3	cluster_3	0.9999348136868752
A0A1A7P9K2	6	6	cluster_6	0.9999987310102699
A0A1A8ZFP0	181	181	cluster_181	0.9999992793361494
A0A1A9A7J9	181	181	cluster_181	0.9999991254086018
A0A1A9RHS4	6	6	cluster_6	0.9999987026869793
A0A1B1LR26	77	77	cluster_77	0.9999889444729091
A0A1B1Y7K9	6	6	cluster_6	0.9999986364895539
A0A1B2HGV0	181	181	cluster_181	0.9999993417729389
A0A1B2J064	4	4	cluster_4	0.9999973304062382
A0A1B2LYZ6	22	22	cluster_22	0.9999602162213174
A0A1B3JH68	6	6	cluster_6	0.9999990475843485
A0A1B3MUQ6	182	182	cluster_182	0.9999981663338479
A0A1B4XJ35	74	74	cluster_74	0.9999970258484343
A0A1B4XR51	0	0	cluster_0	0.9999984475924598
A0A1B7JBR3	181	181	cluster_181	0.9999989875979975
A0A1B7VHR6	6	6	cluster_6	0.9999990035450462
A0A1B8QDX4	7	7	cluster_7	0.9999981194064776
A0A1B8UY59	0	0	cluster_0	0.9999986922206866
A0A1B8X306	0	0	cluster_0	0.9999986248847721
A0A1B9C076	10	10	cluster_10	0.999958451860749
A0A1B9DSX8	0	0	cluster_0	0.9999977410065966
A0A1B9E2E2	0	0	cluster_0	0.9999985482041384
A0A1B9EPD5	0	0	cluster_0	0.9999976464223221
A0A1B9ESM3	0	0	cluster_0	0.9999985450193933
A0A1B9JSK2	3	3	cluster_3	0.9999709567540581
A0A1B9K1D4	3	3	cluster_3	0.999973592330412
A0A1B9K570	3	3	cluster_3	0.9999739639740287
A0A1B9KS85	3	3	cluster_3	0.9999731792189338
A0A1B9L1J3	3	3	cluster_3	0.9999727020420605
A0A1B9L2V1	3	3	cluster_3	0.9999701608732584
A0A1B9LHQ7	3	3	cluster_3	0.9999743499167149
A0A1B9MY75	6	6	cluster_6	0.9999987222338298
A0A1C0YMM9	181	181	cluster_181	0.9999982522020562
A0A1C3JCC1	0	0	cluster_0	0.9999977789881438
A0A1C3NJG3	0	0	cluster_0	0.9999983643167538
A0A1C3RF79	181	181	cluster_181	0.999999097052416
A0A1C3TKG8	181	181	cluster_181	0.9999989276305117
A0A1C4F3C2	0	0	cluster_0	0.9999972117493657
A0A1C4F401	0	0	cluster_0	0.9999982643285453
A0A1C4MX46	197	197	cluster_197	0.999998763831295
A0A1C5I9Z1	181	181	cluster_181	0.9999992926037958
A0A1C5JD09	5	5	cluster_5	0.9999921254854146
A0A1C5KZ25	127	127	cluster_127	0.9999937390056338
A0A1C5SB18	6	6	cluster_6	0.9999986385071125
A0A1C5XFJ6	5	5	cluster_5	0.9999939263058341
A0A1C6C7J0	4	4	cluster_4	0.9999971056353242
A0A1C6CZP6	5	5	cluster_5	0.9999949592944277
A0A1C6DZ79	6	6	cluster_6	0.9999989444775553
A0A1C6EFW4	131	131	cluster_131	0.9999781688171088
A0A1C6I0S4	17	17	cluster_17	0.9999890885771253
A0A1C6ITB5	4	4	cluster_4	0.9999973975377285
A0A1C6RTL5	181	181	cluster_181	0.9999989948408456
A0A1C7DGU8	74	74	cluster_74	0.9999950885299147
A0A1C7FHV4	101	101	cluster_101	0.9999741404225906
A0A1C8ZSL6	183	183	cluster_183	0.9999978738464183
A0A1C8ZU78	181	181	cluster_181	0.9999955346106457
A0A1D2RB07	0	0	cluster_0	0.9999989062210493
A0A1D8D1Q4	4	4	cluster_4	0.9999973583825237
A0A1D8ISJ5	0	0	cluster_0	0.9999988656795148
A0A1D8JJT9	0	0	cluster_0	0.9999985125052153
A0A1E1V916	0	0	cluster_0	0.9999973516911073
A0A1E3VIA2	0	0	cluster_0	0.9999981103106974
A0A1E4EFE9	6	6	cluster_6	0.9999989245693327
A0A1E4JDK2	181	181	cluster_181	0.9999992441991753
A0A1E4T9D4	4	4	cluster_4	0.9999976351520564
A0A1E5KWS5	177	177	cluster_177	0.9997304503366968
A0A1E5L422	175	175	cluster_175	0.9999981532355121
A0A1E5LEX7	4	4	cluster_4	0.9999972841878739
A0A1E5LG21	175	175	cluster_175	0.9999984890605847
A0A1E5TB99	0	0	cluster_0	0.9999979466764164
A0A1E5W4D4	5	5	cluster_5	0.9999915125464482
A0A1E7I4V9	35	35	cluster_35	0.9999792848247926
A0A1E7J2E8	4	4	cluster_4	0.9999975351048292
A0A1E7TTQ6	7	7	cluster_7	0.9999983993998396
A0A1E7WG41	192	192	cluster_192	0.9999939041948177
A0A1E7YKH6	10	10	cluster_10	0.9999667690520659
A0A1E7YNM8	10	10	cluster_10	0.9999682131757809
A0A1E7Z003	2	2	cluster_2	0.9999974338747258
A0A1E9AC89	0	0	cluster_0	0.9999968353268792
A0A1E9M799	4	4	cluster_4	0.9999977472274258
A0A1F0BGK7	164	164	cluster_164	0.9998322207039587
A0A1F2HAF5	32	32	cluster_32	0.9999725925961295
A0A1F2P9K0	4	4	cluster_4	0.9999973476215137
A0A1F2PG48	17	17	cluster_17	0.9999873386057668
A0A1F2VT02	0	0	cluster_0	0.9999989914006372
A0A1F3W1X1	4	4	cluster_4	0.9999976310021794
A0A1F4ARS0	181	181	cluster_181	0.9999989277839324
A0A1F4AZG2	208	208	cluster_208	0.9999795872433075
A0A1F4F7V3	181	181	cluster_181	0.9999988260227102
A0A1F4LP69	7	7	cluster_7	0.9999983872111825
A0A1F4USJ5	6	6	cluster_6	0.9999985799378697
A0A1F5BJ97	0	0	cluster_0	0.9999980541250427
A0A1F5DF56	0	0	cluster_0	0.9999984925023334
A0A1F5GG10	6	6	cluster_6	0.9999987555216832
A0A1F5GUK5	0	0	cluster_0	0.9999986582284304
A0A1F5VFX1	196	196	cluster_196	0.9999981732983181
A0A1F6AQR9	4	4	cluster_4	0.999997536070155
A0A1F6EFM2	196	196	cluster_196	0.9999982677553791
A0A1F6HPL9	0	0	cluster_0	0.9999990812535388
A0A1F6I7N2	4	4	cluster_4	0.9999975850960261
A0A1F6NQT2	196	196	cluster_196	0.9999984415801011
A0A1F6X1A8	196	196	cluster_196	0.9999977260727817
A0A1F7L8I2	0	0	cluster_0	0.9999985989063318
A0A1F7N3F6	181	181	cluster_181	0.9999989153321901
A0A1F7NFX9	4	4	cluster_4	0.9999973458083938
A0A1F8PPZ4	4	4	cluster_4	0.9999976698269467
A0A1F8R8K3	0	0	cluster_0	0.9999973706603184
A0A1F8RU46	181	181	cluster_181	0.9999990902249768
A0A1F8SAD0	0	0	cluster_0	0.9999987188006755
A0A1F8XSD0	0	0	cluster_0	0.9999973568801069
A0A1F8ZV63	4	4	cluster_4	0.9999972894435288
A0A1F9DBZ5	0	0	cluster_0	0.9999990286994902
A0A1F9HA29	0	0	cluster_0	0.9999983567700995
A0A1F9KVV0	4	4	cluster_4	0.99999727808596
A0A1F9NCF4	181	181	cluster_181	0.9999978823718183
A0A1F9QIW1	4	4	cluster_4	0.9999976312157802
A0A1F9Z010	0	0	cluster_0	0.9999983512135988
A0A1G0BKX2	182	182	cluster_182	0.999998010390773
A0A1G0CSV7	143	143	cluster_143	0.9996474710963646
A0A1G0I640	17	17	cluster_17	0.9999792200946533
A0A1G0J8E4	192	192	cluster_192	0.9999946623709398
A0A1G0KYC2	10	10	cluster_10	0.9999661184903555
A0A1G1C9R6	202	202	cluster_202	0.9999976517539246
A0A1G1JSD3	0	0	cluster_0	0.99999887742534
A0A1G1WCG5	4	4	cluster_4	0.9999974553600922
A0A1G2BKX2	196	196	cluster_196	0.9999982064842209
A0A1G2DAK2	196	196	cluster_196	0.9999983645101854
A0A1G2DLD5	196	196	cluster_196	0.9999984690464397
A0A1G2PV46	196	196	cluster_196	0.9999982300159687
A0A1G2YJ25	0	0	cluster_0	0.9999986544069795
A0A1G2ZG32	181	181	cluster_181	0.9999990411778826
A0A1G2ZLC2	0	0	cluster_0	0.9999986556620586
A0A1G3BNI5	0	0	cluster_0	0.9999983777358604
A0A1G3CF43	0	0	cluster_0	0.9999988810853712
A0A1G3FW94	0	0	cluster_0	0.9999978917388413
A0A1G3R824	0	0	cluster_0	0.9999975284510733
A0A1G3X0Z7	69	69	cluster_69	0.9999915094910533
A0A1G3XAY0	69	69	cluster_69	0.9999916201859718
A0A1G4INP2	181	181	cluster_181	0.9999991062400139
A0A1G4INU5	181	181	cluster_181	0.9999989958273435
A0A1G4IPS1	181	181	cluster_181	0.9999992282525202
A0A1G4IVI2	181	181	cluster_181	0.9999991980920542
A0A1G4K391	181	181	cluster_181	0.9999991489052278
A0A1G4ML12	181	181	cluster_181	0.9999991857712315
A0A1G4XIF4	8	8	cluster_8	0.999967333184598
A0A1G5A2M3	7	7	cluster_7	0.9999984905997789
A0A1G5JRB5	10	10	cluster_10	0.9999636078132523
A0A1G5R6P7	182	182	cluster_182	0.9999978132995467
A0A1G5RRT3	4	4	cluster_4	0.9999973538397313
A0A1G5UZ44	0	0	cluster_0	0.9999980554676333
A0A1G6AV57	192	192	cluster_192	0.9999942878877398
A0A1G6HJ04	131	131	cluster_131	0.9999821007280112
A0A1G6LWF8	10	10	cluster_10	0.9999706403850886
A0A1G6MQW5	0	0	cluster_0	0.9999989133180016
A0A1G6Q9J4	4	4	cluster_4	0.9999975614168469
A0A1G6RQT7	10	10	cluster_10	0.9999639005217155
A0A1G7MHN5	3	3	cluster_3	0.9999188510726925
A0A1G7MHU2	95	95	cluster_95	0.9999728040373038
A0A1G7PJ31	4	4	cluster_4	0.999997668040578
A0A1G7QPP8	5	5	cluster_5	0.999992310453546
A0A1G7QRG2	0	0	cluster_0	0.9999977000761905
A0A1G7V5D0	4	4	cluster_4	0.9999971673681936
A0A1G8SKN3	7	7	cluster_7	0.999997734614776
A0A1G8WXR9	0	0	cluster_0	0.9999984851203385
A0A1G8YLB1	182	182	cluster_182	0.9999974181769737
A0A1G8ZRR5	0	0	cluster_0	0.999998082162547
A0A1G9FY32	10	10	cluster_10	0.9999644015837715
A0A1G9Q3H8	0	0	cluster_0	0.9999982613544349
A0A1G9QLE4	0	0	cluster_0	0.9999983247824976
A0A1G9TUK6	5	5	cluster_5	0.9999948089640905
A0A1H0C537	0	0	cluster_0	0.9999985633667472
A0A1H0MR88	10	10	cluster_10	0.9999631839532418
A0A1H0YLH4	187	187	cluster_187	0.9999901663841516
A0A1H2DS63	181	181	cluster_181	0.9999990234546472
A0A1H2SHE7	17	17	cluster_17	0.9999870277217889
A0A1H2SSX1	0	0	cluster_0	0.9999986649812985
A0A1H2ZJX7	181	181	cluster_181	0.9999986543160139
A0A1H3EXL3	5	5	cluster_5	0.999995126136027
A0A1H3GMI2	0	0	cluster_0	0.9999980750950803
A0A1H3K265	2	2	cluster_2	0.9999979127731913
A0A1H3MTU6	4	4	cluster_4	0.9999974980955196
A0A1H3YQJ5	4	4	cluster_4	0.9999975054194111
A0A1H4CIZ1	0	0	cluster_0	0.9999980458749421
A0A1H4DRL7	131	131	cluster_131	0.9999785345492771
A0A1H4DSX5	0	0	cluster_0	0.9999978902123211
A0A1H4IPG7	4	4	cluster_4	0.9999975942909641
A0A1H4NVS0	0	0	cluster_0	0.999998076660165
A0A1H4VPV8	5	5	cluster_5	0.9999948203890932
A0A1H5FI15	181	181	cluster_181	0.9999993087597172
A0A1H5IR94	181	181	cluster_181	0.9999989176751253
A0A1H5VDI7	0	0	cluster_0	0.9999985856426892
A0A1H7CVY6	5	5	cluster_5	0.9999951035759844
A0A1H7LTN4	182	182	cluster_182	0.9999980871003763
A0A1H7MRG8	17	17	cluster_17	0.9999884100786205
A0A1H7TH46	4	4	cluster_4	0.9999960627036738
A0A1H7THN1	181	181	cluster_181	0.9999993350473849
A0A1H7WPN9	0	0	cluster_0	0.9999984951348002
A0A1H8GL17	162	162	cluster_162	0.9998876881735856
A0A1H8PNK7	5	5	cluster_5	0.9999927866117161
A0A1H9C708	181	181	cluster_181	0.9999992719253271
A0A1H9L8I5	91	91	cluster_91	0.9995328518164793
A0A1H9L9M4	130	130	cluster_130	0.9992110078018709
A0A1H9TP36	4	4	cluster_4	0.9999974817666136
A0A1I0BRD2	10	10	cluster_10	0.9999685626595551
A0A1I0FXI9	10	10	cluster_10	0.9999687833268287
A0A1I0MB11	0	0	cluster_0	0.9999978464377779
A0A1I0Q234	181	181	cluster_181	0.9999993211921843
A0A1I0WG66	175	175	cluster_175	0.9999984671406135
A0A1I1INV1	192	192	cluster_192	0.9999912263231486
A0A1I1KIS0	181	181	cluster_181	0.9999991824241651
A0A1I1P4I8	192	192	cluster_192	0.99999161259746
A0A1I1RE35	5	5	cluster_5	0.9999944658242048
A0A1I1VK68	181	181	cluster_181	0.9999991655430542
A0A1I2CS77	5	5	cluster_5	0.9999943254179918
A0A1I2JWM9	6	6	cluster_6	0.9999983319880485
A0A1I2KQJ7	17	17	cluster_17	0.9999863389490306
A0A1I2MEI7	175	175	cluster_175	0.9999979899427365
A0A1I2NX48	10	10	cluster_10	0.9999644359393913
A0A1I2UAD6	175	175	cluster_175	0.9999981536290257
A0A1I3C4G8	187	187	cluster_187	0.9999902194811721
A0A1I3JBG6	0	0	cluster_0	0.9999982253600218
A0A1I3JLQ6	7	7	cluster_7	0.9999975644306472
A0A1I3L5G2	197	197	cluster_197	0.999998790416617
A0A1I3Q8W3	0	0	cluster_0	0.9999981515971299
A0A1I3SB37	101	101	cluster_101	0.9999744460816511
A0A1I3T8U4	202	202	cluster_202	0.9999969057579905
A0A1I3UWZ8	0	0	cluster_0	0.9999983845406264
A0A1I3WS07	0	0	cluster_0	0.9999972149662557
A0A1I4GXB2	95	95	cluster_95	0.9999726088394119
A0A1I4RI07	2	2	cluster_2	0.9999979259719064
A0A1I4TND6	2	2	cluster_2	0.9999979756646721
A0A1I4XG85	0	0	cluster_0	0.9999982569098428
A0A1I5E017	5	5	cluster_5	0.9999929728078821
A0A1I5E0D2	0	0	cluster_0	0.9999983255191195
A0A1I5I607	74	74	cluster_74	0.999997113132103
A0A1I5Q1T5	4	4	cluster_4	0.9999976756282657
A0A1I5V5H5	187	187	cluster_187	0.9999896556780196
A0A1I5X599	0	0	cluster_0	0.9999981226778414
A0A1I5XTZ7	181	181	cluster_181	0.9999987914060312
A0A1I5YPP8	0	0	cluster_0	0.9999974159130898
A0A1I6B824	0	0	cluster_0	0.9999979603697108
A0A1I6GMV4	181	181	cluster_181	0.9999987124800368
A0A1I6GVL3	0	0	cluster_0	0.9999985998508589
A0A1I6QK36	0	0	cluster_0	0.9999971664304703
A0A1I6SRP3	0	0	cluster_0	0.9999978376185455
A0A1I6X577	127	127	cluster_127	0.9999974727443935
A0A1I7JFP2	130	130	cluster_130	0.999303120744087
A0A1I9YHY1	181	181	cluster_181	0.9999990298429584
A0A1I9YL63	181	181	cluster_181	0.9999991628216033
A0A1J4TT91	4	4	cluster_4	0.9999970829531728
A0A1J4ZNF8	4	4	cluster_4	0.999997680588053
A0A1J5ARL7	4	4	cluster_4	0.9999977100788868
A0A1J5IAB4	74	74	cluster_74	0.9999907447899201
A0A1J5L4E8	0	0	cluster_0	0.9999986867219127
A0A1J5M198	4	4	cluster_4	0.9999973908973088
A0A1J5W0G8	5	5	cluster_5	0.999991474588681
A0A1K1QM14	4	4	cluster_4	0.9999973436825437
A0A1L0D6L2	181	181	cluster_181	0.9999993441108489
A0A1L3F3L4	0	0	cluster_0	0.9999988646660465
A0A1L3J6Y5	5	5	cluster_5	0.9999950284964378
A0A1L6JHZ0	4	4	cluster_4	0.999997432896959
A0A1L6ZGS2	0	0	cluster_0	0.9999971001686856
A0A1L7BDP5	181	181	cluster_181	0.9999982456497667
A0A1L8SNE3	60	60	cluster_60	0.9974152735481294
A0A1L8ZBJ2	0	0	cluster_0	0.9999984439195384
A0A1M3D7Y6	181	181	cluster_181	0.9999990563954295
A0A1M3G903	181	181	cluster_181	0.9999989518891291
A0A1M3HC70	0	0	cluster_0	0.9999976167842863
A0A1M3PTM8	74	74	cluster_74	0.9999966100763359
A0A1M4MMS6	0	0	cluster_0	0.9999975527859059
A0A1M4U465	5	5	cluster_5	0.9999952263605918
A0A1M4XM49	0	0	cluster_0	0.9999981912623731
A0A1M4Z3W3	175	175	cluster_175	0.99999792169552
A0A1M5F5N8	0	0	cluster_0	0.9999979432215256
A0A1M5FS56	0	0	cluster_0	0.9999977644066228
A0A1M5PI21	5	5	cluster_5	0.9999928103750291
A0A1M5R1U5	0	0	cluster_0	0.9999987375027689
A0A1M5U4W7	175	175	cluster_175	0.9999970979405255
A0A1M5VSQ7	4	4	cluster_4	0.9999976292049179
A0A1M5WDI8	5	5	cluster_5	0.999991988923162
A0A1M5Y5B8	4	4	cluster_4	0.9999973737906532
A0A1M6AKE2	6	6	cluster_6	0.9999986651476126
A0A1M6AQW1	181	181	cluster_181	0.9999991850538703
A0A1M6I4B2	0	0	cluster_0	0.9999984420707213
A0A1M6JXG0	5	5	cluster_5	0.9999951155896796
A0A1M6ML92	182	182	cluster_182	0.9999973807950162
A0A1M6SW16	0	0	cluster_0	0.9999982497908569
A0A1M6SY72	0	0	cluster_0	0.9999974685825502
A0A1M6UCK5	0	0	cluster_0	0.9999989386864332
A0A1M6UKT5	131	131	cluster_131	0.9999835647383067
A0A1M6ZJ53	181	181	cluster_181	0.9999992430107741
A0A1M7BB17	66	66	cluster_66	0.9995348336420896
A0A1M7GJ37	103	103	cluster_103	0.9999871367335375
A0A1M7H633	4	4	cluster_4	0.9999975006928417
A0A1M7SWZ4	0	0	cluster_0	0.9999981266247248
A0A1N7MA92	181	181	cluster_181	0.9999991650529448
A0A1N7PY11	0	0	cluster_0	0.9999979778424648
A0A1N7Q497	175	175	cluster_175	0.9999980817047475
A0A1P8WH29	181	181	cluster_181	0.9999993220267507
A0A1Q2D7N3	187	187	cluster_187	0.9999879263611224
A0A1Q2M990	181	181	cluster_181	0.9999982858165423
A0A1Q3A7L9	181	181	cluster_181	0.9999991057598946
A0A1Q3EZI5	181	181	cluster_181	0.9999991781976224
A0A1Q4BS88	2	2	cluster_2	0.9999976894856802
A0A1Q4FXP4	4	4	cluster_4	0.9999969300602739
A0A1Q4GHQ2	0	0	cluster_0	0.9999984106211944
A0A1Q5DXY2	5	5	cluster_5	0.9999924195134211
A0A1Q5EC26	181	181	cluster_181	0.9999993724719415
A0A1Q5FPK3	5	5	cluster_5	0.999994406448805
A0A1Q5TMZ9	101	101	cluster_101	0.9999742283907493
A0A1Q5TTT4	192	192	cluster_192	0.9999940986964911
A0A1Q6Q0I4	0	0	cluster_0	0.9999987339449545
A0A1Q6TNA4	0	0	cluster_0	0.9999976236925541
A0A1Q7B2D7	0	0	cluster_0	0.9999983310578076
A0A1Q7CTU1	0	0	cluster_0	0.9999976956875852
A0A1Q7FUE9	0	0	cluster_0	0.999998594184866
A0A1Q8BP49	0	0	cluster_0	0.9999984726002856
A0A1Q8EDD3	145	145	cluster_145	0.9999944838016489
A0A1Q8G327	192	192	cluster_192	0.9999936415294682
A0A1Q8IKU1	2	2	cluster_2	0.9999978312881728
A0A1Q8KZT9	0	0	cluster_0	0.9999980987521097
A0A1Q8TW92	0	0	cluster_0	0.9999985600895053
A0A1Q9NAB9	0	0	cluster_0	0.999997980206075
A0A1Q9P1L7	0	0	cluster_0	0.9999976632055664
A0A1R1C5B7	8	8	cluster_8	0.9999723754875623
A0A1R1DGS1	8	8	cluster_8	0.9999737095856637
A0A1R2IZ24	4	4	cluster_4	0.9999966491842588
A0A1R3U154	0	0	cluster_0	0.9999981324760272
A0A1R4EC97	7	7	cluster_7	0.9999985585781699
A0A1R4H0Z7	10	10	cluster_10	0.9999677403955004
A0A1R4I4T4	192	192	cluster_192	0.9999930329541415
A0A1R4I521	208	208	cluster_208	0.9999391824991988
A0A1R4KMQ4	6	6	cluster_6	0.999998926710703
A0A1S1LTB0	127	127	cluster_127	0.9999978226539956
A0A1S1MVM1	5	5	cluster_5	0.9999912729133497
A0A1S1NYL7	0	0	cluster_0	0.9999983379132068
A0A1S2F044	0	0	cluster_0	0.999998146249736
A0A1S2GX66	4	4	cluster_4	0.9999956165147983
A0A1S2LP72	131	131	cluster_131	0.9999667911838542
A0A1S2NXE9	181	181	cluster_181	0.9999993399673486
A0A1S3LQQ9	4	4	cluster_4	0.9999959617026141
A0A1S3VNX4	0	0	cluster_0	0.9999985837711152
A0A1S6ILQ2	187	187	cluster_187	0.9999898103343808
A0A1S8MDU3	17	17	cluster_17	0.9999844099976626
A0A1S8RGI6	17	17	cluster_17	0.9999861863426809
A0A1S8RT55	10	10	cluster_10	0.9999432542897676
A0A1S8TUK6	10	10	cluster_10	0.9999627739228397
A0A1S8TVS1	10	10	cluster_10	0.9999608825021163
A0A1S8TXJ1	17	17	cluster_17	0.9999900538425955
A0A1S8Y7Q7	3	3	cluster_3	0.999948360655991
A0A1T1BHT4	0	0	cluster_0	0.9999976941518786
A0A1T2X8Y5	4	4	cluster_4	0.9999980931967513
A0A1T4LBJ0	0	0	cluster_0	0.9999976827779777
A0A1T4M1X5	4	4	cluster_4	0.999997343616496
A0A1T4MHW6	127	127	cluster_127	0.9999978181597349
A0A1T4UJR3	101	101	cluster_101	0.9999800137955815
A0A1T5MNG6	10	10	cluster_10	0.9999648140920598
A0A1U0TF54	127	127	cluster_127	0.9999964071761737
A0A1U7FPN9	0	0	cluster_0	0.9999977981686523
A0A1U7S3Y4	181	181	cluster_181	0.9999991062666768
A0A1U7Z6H3	0	0	cluster_0	0.9999981441733208
A0A1U8B2F9	5	5	cluster_5	0.9999920795378969
A0A1U9MCA1	0	0	cluster_0	0.9999980455474647
A0A1U9MGS0	181	181	cluster_181	0.9999990830685029
A0A1U9NBV7	192	192	cluster_192	0.9999939800366291
A0A1V0B6A5	72	72	cluster_72	0.9999791275194072
A0A1V0B6D0	107	107	cluster_107	0.9998630029321788
A0A1V0B8Y1	0	0	cluster_0	0.9999986904850116
A0A1V0RMF0	0	0	cluster_0	0.9999981558591442
A0A1V2DQJ6	72	72	cluster_72	0.9999768466664215
A0A1V3J7M0	6	6	cluster_6	0.9999986138960743
A0A1V3L0J1	6	6	cluster_6	0.9999987470135131
A0A1V4A9M4	197	197	cluster_197	0.999998918786128
A0A1V4B133	5	5	cluster_5	0.9999938293128524
A0A1V4EV71	4	4	cluster_4	0.9999977638019567
A0A1V4ZJ08	0	0	cluster_0	0.999998447873467
A0A1V4ZP38	6	6	cluster_6	0.9999985576224507
A0A1V5CZ70	6	6	cluster_6	0.9999990479467464
A0A1V5HPT2	8	8	cluster_8	0.9999668381501969
A0A1V5KB67	17	17	cluster_17	0.9999859930643474
A0A1V5N5Q3	0	0	cluster_0	0.9999986258998818
A0A1V5PPR0	181	181	cluster_181	0.9999992652876921
A0A1V5U6S6	10	10	cluster_10	0.9999554251067062
A0A1V5UQ03	0	0	cluster_0	0.9999989394207827
A0A1V6I629	6	6	cluster_6	0.9999987351982217
A0A1V6M2U5	181	181	cluster_181	0.9999991824515853
A0A1V6S7A5	4	4	cluster_4	0.9999975491204273
A0A1V8NS37	126	126	cluster_126	0.9994801643309674
A0A1V8X676	187	187	cluster_187	0.9999891892436602
A0A1W1VH94	5	5	cluster_5	0.9999947063153066
A0A1W1WEU1	6	6	cluster_6	0.9999990189672293
A0A1W1WNP6	10	10	cluster_10	0.9999687757669271
A0A1W1YNX3	0	0	cluster_0	0.9999984987839098
A0A1W2BRI2	5	5	cluster_5	0.9999942011237456
A0A1W2D969	74	74	cluster_74	0.9999971174549906
A0A1W6AHY6	8	8	cluster_8	0.9999730295223971
A0A1W6CLP6	5	5	cluster_5	0.9999948330678678
A0A1W6CTW9	74	74	cluster_74	0.9999969880619816
A0A1W6K186	183	183	cluster_183	0.9999971814118355
A0A1W6K1S7	10	10	cluster_10	0.9999650900834783
A0A1W6MHU4	5	5	cluster_5	0.9999951043078981
A0A1W6MPH5	0	0	cluster_0	0.9999985880123843
A0A1W6N218	196	196	cluster_196	0.999998302221201
A0A1W6WHP2	8	8	cluster_8	0.9999577037498208
A0A1W6ZQ17	181	181	cluster_181	0.9999991298311623
A0A1W9HZY9	0	0	cluster_0	0.9999975474952889
A0A1W9KPZ5	2	2	cluster_2	0.9999976655074079
A0A1W9MC48	0	0	cluster_0	0.9999985766894613
A0A1W9PEH3	181	181	cluster_181	0.9999988076326234
A0A1X0IUT7	127	127	cluster_127	0.9999980802606011
A0A1X1B873	4	4	cluster_4	0.9999978075111884
A0A1X1H6B1	0	0	cluster_0	0.9999984514240883
A0A1X1HY39	32	32	cluster_32	0.9999597130052403
A0A1X1J1V9	4	4	cluster_4	0.9999977030782686
A0A1X1XLM2	74	74	cluster_74	0.9999967406433478
A0A1X2L9R5	0	0	cluster_0	0.999998161662728
A0A1X3DHA7	11	11	cluster_11	0.9994016908618699
A0A1X6WLV6	187	187	cluster_187	0.9999900828968894
A0A1X7HJW3	0	0	cluster_0	0.9999984945301366
A0A1X7K6W3	175	175	cluster_175	0.9999981242090167
A0A1X7M7A3	2	2	cluster_2	0.9999980786542938
A0A1X7M8H1	123	123	cluster_123	0.9999911692921457
A0A1X7R423	181	181	cluster_181	0.9999993494432526
A0A1X9M5R3	17	17	cluster_17	0.9999791591717331
A0A1Y0BX23	74	74	cluster_74	0.9999964601368763
A0A1Y2FME0	181	181	cluster_181	0.9999991527373333
A0A1Y3CMF3	182	182	cluster_182	0.9999973756785309
A0A1Y3PMH4	175	175	cluster_175	0.9999983578743677
A0A1Y3VTL1	182	182	cluster_182	0.9999977454025988
A0A1Y3YDN6	131	131	cluster_131	0.9999792732566868
A0A1Y4AQM8	6	6	cluster_6	0.9999989835816806
A0A1Y4CGH8	0	0	cluster_0	0.9999970946803854
A0A1Y4CHA4	181	181	cluster_181	0.9999987672966065
A0A1Y4EL13	181	181	cluster_181	0.9999986491742123
A0A1Y4QHK9	5	5	cluster_5	0.999995022666105
A0A1Y4QT93	12	12	cluster_12	0.9999485455033904
A0A1Y4REQ5	5	5	cluster_5	0.9999947940547725
A0A1Y4UIP6	21	21	cluster_21	0.9999802741852355
A0A1Y5TLU8	0	0	cluster_0	0.9999974877184339
A0A1Y6CX56	10	10	cluster_10	0.9999695596830288
A0A1Y6JR09	0	0	cluster_0	0.9999985936855478
A0A1Z1SSS3	192	192	cluster_192	0.9999932887395842
A0A1Z1WNE8	197	197	cluster_197	0.9999987297780851
A0A1Z3MM24	208	208	cluster_208	0.9999816130795383
A0A1Z3N374	77	77	cluster_77	0.9999891055259789
A0A1Z4KT24	6	6	cluster_6	0.9999990983234627
A0A1Z4UY07	6	6	cluster_6	0.999999089983365
A0A1Z4V321	6	6	cluster_6	0.99999871282052
A0A1Z5J072	181	181	cluster_181	0.9999992699284314
A0A1Z8KS14	74	74	cluster_74	0.9999967843429768
A0A1Z8NHF7	0	0	cluster_0	0.9999981851204898
A0A1Z8Q4M4	4	4	cluster_4	0.9999975981227994
A0A1Z8WVY5	4	4	cluster_4	0.9999975398212735
A0A1Z9DSL2	74	74	cluster_74	0.9999965768779157
A0A1Z9PQT9	197	197	cluster_197	0.9999985390039086
A0A200IH09	0	0	cluster_0	0.9999982580076551
A0A202FD55	0	0	cluster_0	0.9999987994477781
A0A202FDH6	4	4	cluster_4	0.9999971409167487
A0A202FFP0	0	0	cluster_0	0.9999982619144359
A0A212ISN0	2	2	cluster_2	0.9999969897379889
A0A212K2G6	4	4	cluster_4	0.999997623867935
A0A212QKM8	0	0	cluster_0	0.9999983873272563
A0A212QQE2	0	0	cluster_0	0.999997626931413
A0A218MAT1	150	150	cluster_150	0.9996867682827943
A0A223KWZ6	4	4	cluster_4	0.9999972112213305
A0A226QL20	175	175	cluster_175	0.9999984634548225
A0A228JAQ3	2	2	cluster_2	0.9999980228892317
A0A229UPI0	181	181	cluster_181	0.999999280486992
A0A231IL21	18	18	cluster_18	0.9995054278563665
A0A231VCK6	181	181	cluster_181	0.999998806575486
A0A235B546	175	175	cluster_175	0.9999980112036533
A0A235HT16	6	6	cluster_6	0.9999990930437371
A0A238JNU6	0	0	cluster_0	0.9999980909247167
A0A239C0B9	74	74	cluster_74	0.9999967293175687
A0A239HH27	5	5	cluster_5	0.9999943190145668
A0A239LYW3	181	181	cluster_181	0.9999988721471296
A0A239N0J7	48	48	cluster_48	0.999735727997818
A0A239RAF9	164	164	cluster_164	0.9998059129690741
A0A242A951	0	0	cluster_0	0.9999974351924061
A0A242DAN4	187	187	cluster_187	0.9999899811236544
A0A242NU13	3	3	cluster_3	0.9999748547457207
A0A242PCX4	3	3	cluster_3	0.9999740839646329
A0A246IS24	7	7	cluster_7	0.999998179626852
A0A246J547	4	4	cluster_4	0.9999970947864426
A0A250B1N9	6	6	cluster_6	0.9999990215896086
A0A251X6R3	10	10	cluster_10	0.9999662298113647
A0A252B2Y5	0	0	cluster_0	0.9999980761459533
A0A252E6L3	6	6	cluster_6	0.9999990183599146
A0A254N980	5	5	cluster_5	0.9999941592516135
A0A254SQP9	131	131	cluster_131	0.999978923184706
A0A254STI5	131	131	cluster_131	0.999979950860741
A0A255XNW7	0	0	cluster_0	0.9999977555135708
A0A256CBL9	6	6	cluster_6	0.9999986782384913
A0A256CUD3	6	6	cluster_6	0.9999986577714984
A0A256XGS3	183	183	cluster_183	0.9999961440307705
A0A256Z414	183	183	cluster_183	0.9999968555000232
A0A256ZHR2	181	181	cluster_181	0.9999974556493101
A0A256ZSR7	0	0	cluster_0	0.9999866968688226
A0A257NHQ1	4	4	cluster_4	0.9999977440070347
A0A258HTF9	0	0	cluster_0	0.9999983858668366
A0A258K8D2	0	0	cluster_0	0.999996548118316
A0A259KT61	74	74	cluster_74	0.9999971052978143
A0A259KUG4	89	89	cluster_89	0.9999971759405556
A0A259S0K0	10	10	cluster_10	0.9999659785919855
A0A260BLQ3	5	5	cluster_5	0.9999923673161801
A0A260S5G1	127	127	cluster_127	0.9999979384423975
A0A261GGX9	0	0	cluster_0	0.9999982342871674
A0A261UKS7	2	2	cluster_2	0.9999978522901939
A0A261VBK0	2	2	cluster_2	0.9999972693569463
A0A265B851	78	78	cluster_78	0.999926598453547
A0A265Q3I6	181	181	cluster_181	0.9999988094147818
A0A267MHJ1	10	10	cluster_10	0.9999632105351194
A0A267T4X9	8	8	cluster_8	0.9999528612605765
A0A268EWY5	0	0	cluster_0	0.9999983649650795
A0A269PHS7	208	208	cluster_208	0.999979777415306
A0A271M736	175	175	cluster_175	0.9999983081597579
A0A285B057	208	208	cluster_208	0.9999835941433958
A0A285BWU2	3	3	cluster_3	0.999932234220392
A0A285HZ86	181	181	cluster_181	0.9999991060095784
A0A285KPX0	0	0	cluster_0	0.9999988908385157
A0A285MW28	4	4	cluster_4	0.9999980004047153
A0A285NXY6	0	0	cluster_0	0.9999984366239362
A0A285UZM7	2	2	cluster_2	0.9999973562735684
A0A285Z185	0	0	cluster_0	0.9999984125990505
A0A286C305	4	4	cluster_4	0.999997299519233
A0A286NCJ3	123	123	cluster_123	0.9999901370544202
A0A286REB3	5	5	cluster_5	0.9999925460920074
A0A290S6E1	182	182	cluster_182	0.9999978454666696
A0A290WR51	4	4	cluster_4	0.9999969079498685
A0A2A2CGD2	12	12	cluster_12	0.9999653960065059
A0A2A2F509	192	192	cluster_192	0.999994637454175
A0A2A2IGD2	17	17	cluster_17	0.9999892405546864
A0A2A2RAP4	0	0	cluster_0	0.9999982921625629
A0A2A2SIC8	103	103	cluster_103	0.9999887911143456
A0A2A2TLY5	12	12	cluster_12	0.9999659187006983
A0A2A3HEN0	131	131	cluster_131	0.9999794280415786
A0A2A4IS08	175	175	cluster_175	0.9999978390321449
A0A2A4SGW7	4	4	cluster_4	0.999996790577732
A0A2A4V845	12	12	cluster_12	0.99997182711014
A0A2A4VJI7	0	0	cluster_0	0.9999984373252534
A0A2A4Y1J4	0	0	cluster_0	0.9999971916059752
A0A2A5F7P9	74	74	cluster_74	0.9999961015536251
A0A2A5GME0	4	4	cluster_4	0.9999971821592627
A0A2A5HWB0	192	192	cluster_192	0.9999913394752853
A0A2A5IL80	181	181	cluster_181	0.9999989759187649
A0A2A5MBJ2	77	77	cluster_77	0.9999885673400497
A0A2A5SJY8	5	5	cluster_5	0.9999936740410305
A0A2A8PQG1	0	0	cluster_0	0.9999986448749453
A0A2A9KER2	192	192	cluster_192	0.9999940030990853
A0A2B7YIP4	5	5	cluster_5	0.9999939214714896
A0A2C1YS31	74	74	cluster_74	0.99999444896772
A0A2C6MEB7	202	202	cluster_202	0.9999978101823648
A0A2C9XRN6	187	187	cluster_187	0.9999895705502635
A0A2D0JYJ6	8	8	cluster_8	0.9999709433871715
A0A2D0KQ84	192	192	cluster_192	0.9999943089663468
A0A2D0TCG3	143	143	cluster_143	0.9995043464489427
A0A2D3NA01	0	0	cluster_0	0.9999982804925811
A0A2D4IHF8	181	181	cluster_181	0.9999990113003497
A0A2D4YEQ9	5	5	cluster_5	0.999994672376735
A0A2D5GV95	197	197	cluster_197	0.9999989148652066
A0A2D5PDF3	101	101	cluster_101	0.999974561581029
A0A2D5UF79	0	0	cluster_0	0.9999986958193434
A0A2D6A0H5	0	0	cluster_0	0.9999985373861832
A0A2D6L7C9	196	196	cluster_196	0.99999837177304
A0A2D6RPE3	2	2	cluster_2	0.9999979164566226
A0A2D6XED8	197	197	cluster_197	0.9999977133333354
A0A2D7FMW5	0	0	cluster_0	0.9999981472371652
A0A2D7LA31	0	0	cluster_0	0.9999986322829203
A0A2D7VY46	197	197	cluster_197	0.9999980674734356
A0A2D8X1J3	181	181	cluster_181	0.999998914093562
A0A2D8YCW9	2	2	cluster_2	0.9999978920086713
A0A2D9CD79	197	197	cluster_197	0.9999989198945511
A0A2D9FYK5	0	0	cluster_0	0.9999984398247249
A0A2D9NEE6	4	4	cluster_4	0.9999977199811185
A0A2D9NLD2	4	4	cluster_4	0.9999972195252133
A0A2E0EJH7	4	4	cluster_4	0.9999975856856405
A0A2E0QV49	181	181	cluster_181	0.9999990342995233
A0A2E0S6S3	197	197	cluster_197	0.9999984798895193
A0A2E0UTH9	0	0	cluster_0	0.9999976608343238
A0A2E0WPV3	181	181	cluster_181	0.9999990193781119
A0A2E1MFC3	0	0	cluster_0	0.9999984142624233
A0A2E2ARG5	0	0	cluster_0	0.9999985413473493
A0A2E2TH90	6	6	cluster_6	0.9999988459078198
A0A2E3ATU2	0	0	cluster_0	0.9999980758997267
A0A2E3FA80	103	103	cluster_103	0.9999870297623834
A0A2E3QAV7	74	74	cluster_74	0.999996503424219
A0A2E3RHC0	4	4	cluster_4	0.9999977338702554
A0A2E4ECJ4	196	196	cluster_196	0.9999977601356432
A0A2E4HC86	0	0	cluster_0	0.9999987563674014
A0A2E4R5B3	2	2	cluster_2	0.9999975887399566
A0A2E4W6S8	196	196	cluster_196	0.9999978233323005
A0A2E5G198	101	101	cluster_101	0.9999702249139708
A0A2E6NIA8	6	6	cluster_6	0.9999987601396445
A0A2E6RCL9	4	4	cluster_4	0.9999977175655389
A0A2E6RJG0	4	4	cluster_4	0.9999978621987603
A0A2E6V9J1	4	4	cluster_4	0.9999973836357132
A0A2E7C120	6	6	cluster_6	0.9999990671858343
A0A2E7NHH5	107	107	cluster_107	0.9997427959158508
A0A2E8DPZ3	0	0	cluster_0	0.9999986713114967
A0A2E8FJA5	4	4	cluster_4	0.9999975904836171
A0A2E8I6S1	181	181	cluster_181	0.9999991210746781
A0A2E8SQE9	0	0	cluster_0	0.9999983985215187
A0A2E9GUL1	0	0	cluster_0	0.9999988396943267
A0A2E9PM81	208	208	cluster_208	0.9999647115418289
A0A2E9VNP9	0	0	cluster_0	0.9999985920921952
A0A2F0PKE0	2	2	cluster_2	0.9999969020011876
A0A2G1YCB1	0	0	cluster_0	0.9999983874581501
A0A2G2PYR1	0	0	cluster_0	0.9999980100401367
A0A2G3NNQ6	164	164	cluster_164	0.9998741445457786
A0A2G4G253	4	4	cluster_4	0.9999971938443778
A0A2G6B5U0	0	0	cluster_0	0.9999971573490989
A0A2G6HXB9	0	0	cluster_0	0.9999983885063487
A0A2G6KSS3	10	10	cluster_10	0.9999628432945886
A0A2G6PAZ4	0	0	cluster_0	0.9999973712803968
A0A2G6R9Y4	0	0	cluster_0	0.9999987078770243
A0A2G7LY47	162	162	cluster_162	0.9998948480133623
A0A2G8ED98	0	0	cluster_0	0.9999985884428834
A0A2G8IWB5	0	0	cluster_0	0.9999983605085402
A0A2G8TKU2	192	192	cluster_192	0.9999934826264223
A0A2H0MH21	0	0	cluster_0	0.9999983458633094
A0A2H1A4K1	181	181	cluster_181	0.999999290510796
A0A2H3NJW0	0	0	cluster_0	0.9999981590849222
A0A2H4SUW1	4	4	cluster_4	0.9999975796632387
A0A2H6JVR1	74	74	cluster_74	0.9999965086799969
A0A2H9LHW0	4	4	cluster_4	0.99999695838455
A0A2H9R844	6	6	cluster_6	0.9999985189910565
A0A2I0CTK9	72	72	cluster_72	0.9999850353376065
A0A2I0N238	0	0	cluster_0	0.9999986506092596
A0A2I0P6N6	0	0	cluster_0	0.9999977462899203
A0A2I0PFE9	0	0	cluster_0	0.9999984744846762
A0A2I1YIM9	145	145	cluster_145	0.9999945085375148
A0A2J2H904	0	0	cluster_0	0.9999980922509848
A0A2J4YC37	77	77	cluster_77	0.9999892505689979
A0A2J6XI66	10	10	cluster_10	0.9999656633413323
A0A2J6XUB7	175	175	cluster_175	0.9999981694268353
A0A2J9EBG2	2	2	cluster_2	0.9999963447089718
A0A2K0XN27	6	6	cluster_6	0.999998949583569
A0A2K1NA12	0	0	cluster_0	0.999998856833754
A0A2K1NXU4	0	0	cluster_0	0.9999989107254189
A0A2K4FBN1	4	4	cluster_4	0.999997596747461
A0A2K4X7W8	4	4	cluster_4	0.9999965364686182
A0A2K8KP06	4	4	cluster_4	0.9999971258404633
A0A2K8U9A4	10	10	cluster_10	0.9999674474205763
A0A2K8XG76	0	0	cluster_0	0.9999984792082428
A0A2K9A9G9	69	69	cluster_69	0.9999911291466937
A0A2K9AKL0	69	69	cluster_69	0.9999923183179912
A0A2L1KKU0	12	12	cluster_12	0.9999489759600898
A0A2L2L8H5	17	17	cluster_17	0.9999865471261843
A0A2M7I920	192	192	cluster_192	0.9999928845480585
A0A2M7L7G7	74	74	cluster_74	0.9999970907507342
A0A2M7MXE9	10	10	cluster_10	0.9999607522112449
A0A2M7QWV1	4	4	cluster_4	0.9999976594644001
A0A2M7W8F3	10	10	cluster_10	0.9999653104066253
A0A2M7XU08	4	4	cluster_4	0.9999974634123147
A0A2M8DQ32	196	196	cluster_196	0.9999982713953621
A0A2M8IUC2	0	0	cluster_0	0.9999972823491496
A0A2M8NDD4	6	6	cluster_6	0.9999991124688491
A0A2M8P0C8	181	181	cluster_181	0.9999991151712775
A0A2M9CHV0	4	4	cluster_4	0.9999977401396845
A0A2M9G8P7	0	0	cluster_0	0.9999986411785445
A0A2M9W5Q6	181	181	cluster_181	0.9999985062620768
A0A2M9WD73	2	2	cluster_2	0.9999974693760062
A0A2N0MIG9	0	0	cluster_0	0.999998524167792
A0A2N0TIU2	192	192	cluster_192	0.9999888872167363
A0A2N0ZUH1	7	7	cluster_7	0.9999982966285665
A0A2N1ANJ5	3	3	cluster_3	0.9999446363606681
A0A2N1D2K8	0	0	cluster_0	0.9999982758655942
A0A2N1F7E7	6	6	cluster_6	0.9999988445269938
A0A2N1QA23	69	69	cluster_69	0.9999922025937324
A0A2N1QC67	69	69	cluster_69	0.9999909671931748
A0A2N2FHN1	35	35	cluster_35	0.999980983670842
A0A2N2GHZ1	4	4	cluster_4	0.9999974696237258
A0A2N2KA53	4	4	cluster_4	0.999997300766348
A0A2N3A0D8	4	4	cluster_4	0.9999977394419459
A0A2N3C204	6	6	cluster_6	0.9999989458116567
A0A2N3C5G9	4	4	cluster_4	0.9999975660536062
A0A2N3IHP0	6	6	cluster_6	0.9999984092339066
A0A2N3KYR1	0	0	cluster_0	0.9999986441632127
A0A2N3L043	5	5	cluster_5	0.9999947364897739
A0A2N3T8R6	2	2	cluster_2	0.999997374197897
A0A2N3W4F9	181	181	cluster_181	0.9999988654385608
A0A2N4UJB0	74	74	cluster_74	0.999997139981476
A0A2N5DTW1	101	101	cluster_101	0.9999779660172518
A0A2N5DUJ8	0	0	cluster_0	0.999998693535314
A0A2N5IBP4	196	196	cluster_196	0.9999978186386901
A0A2N5KH08	0	0	cluster_0	0.9999984658564137
A0A2N5MHH9	0	0	cluster_0	0.9999986507569164
A0A2N5N3I1	0	0	cluster_0	0.999997624850819
A0A2N5PGS8	12	12	cluster_12	0.9999567723091274
A0A2N5WBP8	131	131	cluster_131	0.9999800274781516
A0A2N5X4W8	181	181	cluster_181	0.9999993022214748
A0A2N6AXN8	4	4	cluster_4	0.9999967670892339
A0A2N6C7S4	4	4	cluster_4	0.9999974793930749
A0A2N6CBB2	4	4	cluster_4	0.9999972330949499
A0A2N6KAY5	6	6	cluster_6	0.9999992147954474
A0A2N6MG60	6	6	cluster_6	0.9999991820131061
A0A2N6SND1	187	187	cluster_187	0.9999863616012518
A0A2N8LXQ4	4	4	cluster_4	0.9999971238712376
A0A2N8NLZ3	197	197	cluster_197	0.9999987963949186
A0A2N9NKX9	0	0	cluster_0	0.9999977920332724
A0A2N9XW27	6	6	cluster_6	0.9999988304128694
A0A2P1BNS7	208	208	cluster_208	0.9999808721286421
A0A2P1PTR8	10	10	cluster_10	0.9999651954476432
A0A2P2FXC5	0	0	cluster_0	0.9999984590398658
A0A2P5K0D7	4	4	cluster_4	0.9999977954185274
A0A2P5Z4K2	4	4	cluster_4	0.9999972673297383
A0A2P6WK10	181	181	cluster_181	0.9999989580197054
A0A2P8G7D0	181	181	cluster_181	0.9999990541196063
A0A2P8H2F2	0	0	cluster_0	0.9999988404891356
A0A2P8L6H3	2	2	cluster_2	0.9999973735526311
A0A2P9EHU6	6	6	cluster_6	0.9999992120725274
A0A2P9EXT2	181	181	cluster_181	0.9999993352552927
A0A2R3Z6A3	0	0	cluster_0	0.9999977012346687
A0A2R4WXQ9	4	4	cluster_4	0.9999961614314106
A0A2R5FIA8	6	6	cluster_6	0.9999991267595774
A0A2R5HFY5	0	0	cluster_0	0.9999985382075577
A0A2R6ANL1	0	0	cluster_0	0.999998838110467
A0A2R6B8C5	0	0	cluster_0	0.9999948240691745
A0A2R6BEL5	0	0	cluster_0	0.9999973806734147
A0A2R6Y0Z1	0	0	cluster_0	0.9999972665706941
A0A2R7T697	181	181	cluster_181	0.9999992197642719
A0A2R7Y0F0	10	10	cluster_10	0.999970227450636
A0A2R7Y8A2	183	183	cluster_183	0.9999952185873099
A0A2S0K655	8	8	cluster_8	0.999972216889946
A0A2S0LJ63	0	0	cluster_0	0.9999978937457225
A0A2S1KQG5	4	4	cluster_4	0.9999972206175015
A0A2S1XUA3	0	0	cluster_0	0.9999985246444865
A0A2S4HC21	89	89	cluster_89	0.9999965874886211
A0A2S4RR71	123	123	cluster_123	0.9999907797621004
A0A2S4RU68	0	0	cluster_0	0.9999982281840866
A0A2S5JH03	0	0	cluster_0	0.9999984962145029
A0A2S5K6A7	101	101	cluster_101	0.9999768973529901
A0A2S5L9T3	196	196	cluster_196	0.9999981593736875
A0A2S5LA01	192	192	cluster_192	0.9999890642181745
A0A2S5R234	14	14	cluster_14	0.9999957082159021
A0A2S5RI11	4	4	cluster_4	0.9999967830074625
A0A2S5Z507	2	2	cluster_2	0.9999975832742248
A0A2S5Z619	192	192	cluster_192	0.9999945225652564
A0A2S6AMN0	181	181	cluster_181	0.9999992610767041
A0A2S6SZB5	4	4	cluster_4	0.9999973008502224
A0A2S6TTH7	74	74	cluster_74	0.9999969336319715
A0A2S6V7Z2	12	12	cluster_12	0.9999680457408154
A0A2S6ZNM3	2	2	cluster_2	0.999997223636293
A0A2S7EQT6	2	2	cluster_2	0.9999977832432196
A0A2S7K001	2	2	cluster_2	0.9999976379260055
A0A2S7YZN3	6	6	cluster_6	0.9999985343569424
A0A2S8F7P6	0	0	cluster_0	0.9999985631587118
A0A2S8F942	181	181	cluster_181	0.9999992174489125
A0A2S8HD38	4	4	cluster_4	0.9999972522833258
A0A2S8PXG1	192	192	cluster_192	0.9999925105505751
A0A2S8RGI8	2	2	cluster_2	0.9999978240983217
A0A2S8ZPF1	181	181	cluster_181	0.9999992924160561
A0A2S9IC01	6	6	cluster_6	0.9999991092110657
A0A2S9KF84	182	182	cluster_182	0.999997874117401
A0A2S9Q9B3	0	0	cluster_0	0.9999982736783454
A0A2S9WZ83	2	2	cluster_2	0.9999978845209199
A0A2S9YTQ5	0	0	cluster_0	0.9999982988088744
A0A2S9YVE6	181	181	cluster_181	0.99999920434399
A0A2T0B8Y6	175	175	cluster_175	0.9999981188512634
A0A2T1BWK0	181	181	cluster_181	0.9999991929360842
A0A2T1DL56	6	6	cluster_6	0.9999986334479175
A0A2T1F931	12	12	cluster_12	0.9999668368508186
A0A2T1LY07	6	6	cluster_6	0.9999991040483469
A0A2T2XCT7	0	0	cluster_0	0.9999974542835978
A0A2T3NCW5	6	6	cluster_6	0.9999990153462931
A0A2T3W4Z4	5	5	cluster_5	0.9999950448017869
A0A2T4TQH1	6	6	cluster_6	0.9999988425163449
A0A2T4WYH6	4	4	cluster_4	0.9999977224756409
A0A2T4X5F5	4	4	cluster_4	0.9999979546386768
A0A2T4XKB3	0	0	cluster_0	0.9999985626670502
A0A2T5D9Z6	187	187	cluster_187	0.9999906863700333
A0A2T5H7I5	4	4	cluster_4	0.9999975858307242
A0A2T5HVJ6	0	0	cluster_0	0.999997356649577
A0A2T5I7H1	2	2	cluster_2	0.9999978187304563
A0A2T5LD34	5	5	cluster_5	0.9999943629429071
A0A2T5LIX4	181	181	cluster_181	0.9999991345152676
A0A2T5PGF0	140	140	cluster_140	0.9997089360325591
A0A2T5PGF7	72	72	cluster_72	0.9999786601441764
A0A2T5PGG2	66	66	cluster_66	0.9994589413206342
A0A2T7BA66	5	5	cluster_5	0.9999944753726803
A0A2T7BME0	4	4	cluster_4	0.999998366456082
A0A2T7NVD6	5	5	cluster_5	0.9999924007345068
A0A2T7WJB9	4	4	cluster_4	0.9999974310557637
A0A2T9Y7T6	5	5	cluster_5	0.9999947583214222
A0A2T9YKX1	5	5	cluster_5	0.9999941930884072
A0A2U0HXG2	0	0	cluster_0	0.9999975407879697
A0A2U0SJ71	0	0	cluster_0	0.9999983869803643
A0A2U1CRJ0	196	196	cluster_196	0.9999981282091344
A0A2U1JJX4	6	6	cluster_6	0.999998761127638
A0A2U1TVJ0	192	192	cluster_192	0.999991979439163
A0A2U1W0N4	74	74	cluster_74	0.9999969675438393
A0A2U1YUR8	181	181	cluster_181	0.9999993092451833
A0A2U2DH58	4	4	cluster_4	0.9999970601971642
A0A2U3ANT6	0	0	cluster_0	0.9999972115119632
A0A2U3ETA1	2	2	cluster_2	0.9999966238947654
A0A2U3LGT4	88	88	cluster_88	0.9999859369642057
A0A2U8QQT7	0	0	cluster_0	0.999997935488773
A0A2U8WDQ2	0	0	cluster_0	0.9999975563394723
A0A2U9IE31	183	183	cluster_183	0.9999948225741373
A0A2U9IN50	183	183	cluster_183	0.9999972288263721
A0A2V2BF52	2	2	cluster_2	0.9999973489608677
A0A2V2DS63	0	0	cluster_0	0.999998612619963
A0A2V2FET8	5	5	cluster_5	0.9999951676517657
A0A2V2YR54	0	0	cluster_0	0.9999981584866692
A0A2V4DVB8	208	208	cluster_208	0.9999824620125373
A0A2V7AKU3	0	0	cluster_0	0.9999982718654274
A0A2V7F776	0	0	cluster_0	0.9999983857516465
A0A2V7JWM6	4	4	cluster_4	0.9999973764437619
A0A2V7W8N2	0	0	cluster_0	0.9999986568757141
A0A2V7YKH4	0	0	cluster_0	0.9999984371007622
A0A2V7YZV7	181	181	cluster_181	0.9999990216089731
A0A2V9CTH9	0	0	cluster_0	0.999997901782353
A0A2V9KRZ2	197	197	cluster_197	0.9999985820347701
A0A2V9M685	0	0	cluster_0	0.9999982267469995
A0A2V9RLI2	0	0	cluster_0	0.9999972983355472
A0A2V9V941	0	0	cluster_0	0.9999967972132332
A0A2W1BLD8	181	181	cluster_181	0.999997666381104
A0A2W2C8V7	181	181	cluster_181	0.9999992046309096
A0A2W2D088	5	5	cluster_5	0.9999923128588016
A0A2W2G2L3	0	0	cluster_0	0.9999985347596132
A0A2W2GTV2	0	0	cluster_0	0.9999985966054303
A0A2W4JXJ7	4	4	cluster_4	0.9999975349477397
A0A2W4MJC3	4	4	cluster_4	0.9999979919138854
A0A2W4VYX1	4	4	cluster_4	0.9999971591179888
A0A2W5ET01	6	6	cluster_6	0.9999988223368232
A0A2W5MYG1	103	103	cluster_103	0.999989680807509
A0A2W5QIV7	2	2	cluster_2	0.999997678229815
A0A2W5SDV2	0	0	cluster_0	0.9999974118214923
A0A2W6NND4	162	162	cluster_162	0.999890101289862
A0A2W6S3T4	103	103	cluster_103	0.9999864171915896
A0A2W6XFE6	0	0	cluster_0	0.9999974576614346
A0A2W6XV23	14	14	cluster_14	0.9999959985610386
A0A2W6Z970	74	74	cluster_74	0.9999967198518669
A0A2X2E8H9	6	6	cluster_6	0.9999989295393358
A0A2X2K130	0	0	cluster_0	0.9999973487136161
A0A2X2Y8B4	131	131	cluster_131	0.9999750959433874
A0A2X3IQI3	17	17	cluster_17	0.999986797005329
A0A2X3UEI2	187	187	cluster_187	0.9999890700839494
A0A2X3WLC2	32	32	cluster_32	0.9999513357105839
A0A2X3Y0U1	4	4	cluster_4	0.9999980039863733
A0A2Y8ZQ22	127	127	cluster_127	0.9999968073768676
A0A2Z2N0L6	0	0	cluster_0	0.999997661499657
A0A2Z2NLX2	192	192	cluster_192	0.9999945258943734
A0A2Z3GX68	0	0	cluster_0	0.9999979927387047
A0A2Z3H8I5	6	6	cluster_6	0.9999989495485652
A0A2Z3R0P0	74	74	cluster_74	0.9999970650992122
A0A2Z4J7X7	197	197	cluster_197	0.9999989360048628
A0A2Z5Y0T0	0	0	cluster_0	0.9999985870476606
A0A315H611	123	123	cluster_123	0.9999892430960876
A0A316EY55	0	0	cluster_0	0.9999984207872018
A0A316L907	17	17	cluster_17	0.9999858004849104
A0A316LM77	181	181	cluster_181	0.9999992193196452
A0A317CM25	192	192	cluster_192	0.9999944534426641
A0A317GJZ8	4	4	cluster_4	0.9999973834456609
A0A317GTL6	5	5	cluster_5	0.9999916644199607
A0A317HFC5	4	4	cluster_4	0.999997481893532
A0A317U8K6	0	0	cluster_0	0.9999984258779849
A0A317YTT7	19	19	cluster_19	0.9995423935069503
A0A318HHK6	74	74	cluster_74	0.9999967214891102
A0A318MXT6	0	0	cluster_0	0.9999980265403424
A0A318MYU5	3	3	cluster_3	0.9999693738330258
A0A318NWL2	77	77	cluster_77	0.9999901812664806
A0A318PEB0	2	2	cluster_2	0.9999976538099428
A0A326GBR2	0	0	cluster_0	0.9999983743393643
A0A327UTL6	0	0	cluster_0	0.9999985991769346
A0A327W5C5	0	0	cluster_0	0.9999980628482439
A0A328PYA0	0	0	cluster_0	0.9999988968969198
A0A328S659	8	8	cluster_8	0.9999565127590341
A0A328VF58	0	0	cluster_0	0.9999984814061686
A0A328WUX0	0	0	cluster_0	0.999997971549803
A0A329VAE1	192	192	cluster_192	0.9999941015220212
A0A330LPU8	182	182	cluster_182	0.9999976565660752
A0A343TKR7	181	181	cluster_181	0.9999985789307486
A0A345C1G1	0	0	cluster_0	0.9999986557795403
A0A345GWQ4	5	5	cluster_5	0.999995245143896
A0A345IFU4	4	4	cluster_4	0.9999974696519283
A0A345YR51	181	181	cluster_181	0.9999989887301001
A0A346MYS1	181	181	cluster_181	0.9999989385285425
A0A346Y6R3	196	196	cluster_196	0.9999975335819195
A0A347WI90	187	187	cluster_187	0.9999889678833186
A0A347WIV0	4	4	cluster_4	0.9999972856276735
A0A348S0G1	0	0	cluster_0	0.9999983422936958
A0A348TNV5	4	4	cluster_4	0.9999975613304893
A0A348V165	181	181	cluster_181	0.9999991667288133
A0A348VT33	101	101	cluster_101	0.9999710300967976
A0A348YZJ2	17	17	cluster_17	0.9999893013099995
A0A349H8B5	208	208	cluster_208	0.9999804478851859
A0A349J6Z2	4	4	cluster_4	0.9999975562696614
A0A349KXC0	192	192	cluster_192	0.9999941554797643
A0A349N1C8	4	4	cluster_4	0.999997181091687
A0A349VUM3	6	6	cluster_6	0.9999989961637776
A0A349YL23	181	181	cluster_181	0.9999991200644418
A0A350QFJ3	6	6	cluster_6	0.9999989977704583
A0A350TIN9	5	5	cluster_5	0.9999937335092782
A0A350X5V4	6	6	cluster_6	0.9999986786857776
A0A350YGU3	0	0	cluster_0	0.9999976018087876
A0A351WZ22	0	0	cluster_0	0.9999989689570242
A0A351ZVL1	0	0	cluster_0	0.9999986412264656
A0A352FF67	4	4	cluster_4	0.9999977397580634
A0A352JNM8	196	196	cluster_196	0.9999979796272066
A0A352JNN0	196	196	cluster_196	0.9999979424133849
A0A352M3X1	0	0	cluster_0	0.999998840101386
A0A352QPL5	17	17	cluster_17	0.9999864335453252
A0A353MBS3	5	5	cluster_5	0.9999951641999434
A0A353P6V2	0	0	cluster_0	0.9999986884441496
A0A353RY14	12	12	cluster_12	0.9999636925827515
A0A354ERI3	103	103	cluster_103	0.9999867958081812
A0A354ZKZ4	181	181	cluster_181	0.9999994196207962
A0A355BDH1	6	6	cluster_6	0.999998701098096
A0A355YBQ2	3	3	cluster_3	0.9999046778651276
A0A356BE34	6	6	cluster_6	0.999998666504249
A0A356FZ26	0	0	cluster_0	0.9999984026628137
A0A356VWG0	6	6	cluster_6	0.9999985256542548
A0A356Z6W3	0	0	cluster_0	0.9999989924034639
A0A357B6C1	4	4	cluster_4	0.9999977589056347
A0A357IJB3	69	69	cluster_69	0.9999915179389507
A0A357IP45	69	69	cluster_69	0.9999919960079423
A0A357XX63	197	197	cluster_197	0.999998811686262
A0A357XX87	197	197	cluster_197	0.9999987407638374
A0A358DZ57	196	196	cluster_196	0.9999984212065115
A0A358Y7S7	0	0	cluster_0	0.999997900472428
A0A359B4E4	0	0	cluster_0	0.9999976314856375
A0A359G4K1	0	0	cluster_0	0.9999981519583114
A0A359IKD3	175	175	cluster_175	0.9999974973974499
A0A359M9W4	196	196	cluster_196	0.9999981224005003
A0A364NNL1	4	4	cluster_4	0.9999974723174395
A0A365H6E4	181	181	cluster_181	0.9999993615676274
A0A365YXU3	4	4	cluster_4	0.9999973535223136
A0A366G5N7	2	2	cluster_2	0.9999973365840494
A0A366HFN4	4	4	cluster_4	0.999997566533744
A0A366HHD7	196	196	cluster_196	0.9999984046542642
A0A366IF28	131	131	cluster_131	0.999980130366724
A0A366XII3	6	6	cluster_6	0.9999991479106185
A0A367F3V0	0	0	cluster_0	0.9999979018313304
A0A368AZA7	6	6	cluster_6	0.9999987178097332
A0A368LC00	4	4	cluster_4	0.9999975076623725
A0A368TYU2	192	192	cluster_192	0.9999941557568992
A0A368UDE8	6	6	cluster_6	0.9999988097514294
A0A368VQP9	17	17	cluster_17	0.9999820679069201
A0A368YFQ6	4	4	cluster_4	0.9999975061843508
A0A368ZGI2	0	0	cluster_0	0.999998625126902
A0A369AWP5	187	187	cluster_187	0.9999906065360572
A0A369FI97	2	2	cluster_2	0.9999933342217453
A0A369VPI5	4	4	cluster_4	0.9999977161339586
A0A370JWK4	181	181	cluster_181	0.9999981159521292
A0A370JY44	5	5	cluster_5	0.9999940300673035
A0A370LRI5	6	6	cluster_6	0.9999986511889379
A0A370V5B6	12	12	cluster_12	0.9999674486384299
A0A371WYL6	181	181	cluster_181	0.9999988304797973
A0A371XBK1	0	0	cluster_0	0.9999979507668005
A0A371Z317	0	0	cluster_0	0.9999975677250403
A0A372KNT2	131	131	cluster_131	0.9999796805059128
A0A372MI20	5	5	cluster_5	0.9999951272388314
A0A373A335	197	197	cluster_197	0.9999987009145984
A0A373FBB3	2	2	cluster_2	0.9999971026188117
A0A374USP2	0	0	cluster_0	0.9999980746238604
A0A375AB17	10	10	cluster_10	0.9999695055614671
A0A376AKJ4	0	0	cluster_0	0.9999969107601805
A0A376ERJ0	181	181	cluster_181	0.9999992305343376
A0A377BFD5	165	165	cluster_165	0.9989866158595637
A0A377J5K5	6	6	cluster_6	0.999998836807172
A0A377VUZ1	77	77	cluster_77	0.9999898642849646
A0A378CIQ4	0	0	cluster_0	0.9999986562926381
A0A378FTM5	6	6	cluster_6	0.9999984254482269
A0A378IE06	0	0	cluster_0	0.9999984006879395
A0A378JES1	0	0	cluster_0	0.9999983052257705
A0A378MSV7	6	6	cluster_6	0.9999981604702503
A0A378TSE4	6	6	cluster_6	0.9999988510212802
A0A378TTN1	182	182	cluster_182	0.9999965095049692
A0A378U177	6	6	cluster_6	0.9999989430213266
A0A378UEV7	123	123	cluster_123	0.9999905531838212
A0A378VAR2	197	197	cluster_197	0.9999990311178594
A0A379DB22	5	5	cluster_5	0.9999952627820057
A0A379FYQ1	77	77	cluster_77	0.9999895753123222
A0A379QMQ9	36	36	cluster_36	0.9995709192774492
A0A380B6A4	182	182	cluster_182	0.9999979188257059
A0A380E535	0	0	cluster_0	0.9999970149274799
A0A380FIF2	0	0	cluster_0	0.999996646498115
A0A380G7A4	19	19	cluster_19	0.9996335677697826
A0A380H381	5	5	cluster_5	0.9999947625275015
A0A380PQ98	3	3	cluster_3	0.9999550403009949
A0A380TKX4	0	0	cluster_0	0.9999986902277114
A0A381C277	6	6	cluster_6	0.9999991231965318
A0A381I656	12	12	cluster_12	0.9976347885602007
A0A381UZ76	4	4	cluster_4	0.9999975925308856
A0A382BAI4	0	0	cluster_0	0.9999987666192922
A0A385BJB6	8	8	cluster_8	0.9999734869797544
A0A385STG2	181	181	cluster_181	0.9999993768046525
A0A385YVC2	0	0	cluster_0	0.9999981475628925
A0A386HQE3	0	0	cluster_0	0.999998088329764
A0A386HUS2	0	0	cluster_0	0.9999975324986697
A0A389M0F2	192	192	cluster_192	0.9999948605814466
A0A395V1T8	69	69	cluster_69	0.9999892442274299
A0A396CLG8	4	4	cluster_4	0.9999973123688486
A0A396QHM6	12	12	cluster_12	0.9998685156299286
A0A397WQ55	0	0	cluster_0	0.9999975990030993
A0A398BBF9	0	0	cluster_0	0.9999986385125206
A0A398C9K8	0	0	cluster_0	0.9999986265224918
A0A399RM31	2	2	cluster_2	0.9999977767185398
A0A3A0A916	0	0	cluster_0	0.9999981363744818
A0A3A1P4V1	103	103	cluster_103	0.9999893043363621
A0A3A1Y7S0	6	6	cluster_6	0.9999983359284879
A0A3A1YA45	6	6	cluster_6	0.9999984012984579
A0A3A1YA77	6	6	cluster_6	0.9999981159638287
A0A3A1YAT1	6	6	cluster_6	0.9999977312247533
A0A3A1YEZ2	6	6	cluster_6	0.9999986043239429
A0A3A1YFP5	6	6	cluster_6	0.9999982395292673
A0A3A1YJ11	6	6	cluster_6	0.9999984130674867
A0A3A1YQ38	4	4	cluster_4	0.9999972404184095
A0A3A4B787	0	0	cluster_0	0.9999983536614551
A0A3A4NCT8	181	181	cluster_181	0.9999990304507532
A0A3A5L191	6	6	cluster_6	0.9999990606408673
A0A3A5LC89	0	0	cluster_0	0.9999984220791309
A0A3A5Q8M2	187	187	cluster_187	0.9999909544876339
A0A3A6QIG3	89	89	cluster_89	0.9999963178516047
A0A3A6T3I8	6	6	cluster_6	0.9999992104771637
A0A3A8YEA8	131	131	cluster_131	0.9999806565770587
A0A3A8YHL5	131	131	cluster_131	0.9999817243886452
A0A3A8Z8Z4	131	131	cluster_131	0.9999802556230848
A0A3A9A945	17	17	cluster_17	0.9999836899667688
A0A3A9EQ07	131	131	cluster_131	0.9999805839791792
A0A3A9F5S4	12	12	cluster_12	0.9999254528069266
A0A3A9FNS4	131	131	cluster_131	0.9999781671810678
A0A3B0AAX9	0	0	cluster_0	0.9999984566310139
A0A3B0ACS6	0	0	cluster_0	0.9999983412806286
A0A3B0UYR7	0	0	cluster_0	0.9999986752394519
A0A3B1DB49	0	0	cluster_0	0.9999983014396782
A0A3B1E0M5	6	6	cluster_6	0.9999990940452256
A0A3B3WMS3	5	5	cluster_5	0.9999864268194807
A0A3B7LBY8	0	0	cluster_0	0.99999890618222
A0A3B8IIB5	0	0	cluster_0	0.9999974750399995
A0A3B8LY80	4	4	cluster_4	0.9999977336476533
A0A3B8N9T9	0	0	cluster_0	0.9999988375348665
A0A3B8PT35	182	182	cluster_182	0.9999953601422906
A0A3B8UCU7	0	0	cluster_0	0.9999983143281157
A0A3B9AFU9	181	181	cluster_181	0.9999990707850851
A0A3B9H546	0	0	cluster_0	0.9999974809187939
A0A3B9MPG4	181	181	cluster_181	0.9999991041379587
A0A3B9ZS05	181	181	cluster_181	0.9999989496062285
A0A3C0M7H9	181	181	cluster_181	0.9999990481857997
A0A3C0SWV9	5	5	cluster_5	0.9999949879698928
A0A3C0TQB3	181	181	cluster_181	0.9999865596850891
A0A3C1ACT3	0	0	cluster_0	0.9999987068472935
A0A3C1JV12	0	0	cluster_0	0.9999982951335902
A0A3C1SB15	6	6	cluster_6	0.9999988523172265
A0A3C1VBF5	0	0	cluster_0	0.9999982908926984
A0A3C1WVJ4	0	0	cluster_0	0.9999985932000197
A0A3C2BA76	8	8	cluster_8	0.9999699513160395
A0A3C2EAZ5	0	0	cluster_0	0.9999985268328215
A0A3C2EBD5	181	181	cluster_181	0.9999988094828078
A0A3D0EKS3	0	0	cluster_0	0.9999981583249429
A0A3D0HNX7	131	131	cluster_131	0.9999810243547804
A0A3D0LCA9	0	0	cluster_0	0.9999987414241567
A0A3D0Q8I6	0	0	cluster_0	0.9999977154985344
A0A3D0V5K7	196	196	cluster_196	0.9999974316056685
A0A3D0V7W9	5	5	cluster_5	0.9999937072768982
A0A3D0ZAI1	0	0	cluster_0	0.99999673515599
A0A3D1D0R6	4	4	cluster_4	0.9999971823691519
A0A3D1RAG8	6	6	cluster_6	0.9999986017687172
A0A3D1WDV7	6	6	cluster_6	0.9999990349489388
A0A3D2U8W4	0	0	cluster_0	0.9999978189140101
A0A3D2UXZ3	0	0	cluster_0	0.9999984298052486
A0A3D2Z6K3	4	4	cluster_4	0.9999974918162364
A0A3D3JLA4	0	0	cluster_0	0.9999989930164305
A0A3D3KH88	5	5	cluster_5	0.9999943720734554
A0A3D3KR12	4	4	cluster_4	0.9999977466793741
A0A3D3TFI4	181	181	cluster_181	0.9999992272738774
A0A3D3V368	181	181	cluster_181	0.9999978291958365
A0A3D4HJE3	0	0	cluster_0	0.9999966072641858
A0A3D4PBQ6	0	0	cluster_0	0.9999976090466082
A0A3D4QV18	131	131	cluster_131	0.9999785273920322
A0A3D4VTE9	21	21	cluster_21	0.9999658207702304
A0A3D4WVW5	0	0	cluster_0	0.9999988157977483
A0A3D5CMI5	74	74	cluster_74	0.9999957885408037
A0A3D5DBD8	74	74	cluster_74	0.9999971887736709
A0A3D5FIB2	0	0	cluster_0	0.9999983494179149
A0A3D5PPN0	4	4	cluster_4	0.9999974428165375
A0A3D5RK90	5	5	cluster_5	0.9999948832212445
A0A3D5ZMN8	4	4	cluster_4	0.9999972311186707
A0A3D6BYM4	35	35	cluster_35	0.999961177839857
A0A3D6DC68	0	0	cluster_0	0.9999984779968872
A0A3D8HAH8	0	0	cluster_0	0.9999978848671982
A0A3D8MBG5	4	4	cluster_4	0.9999971121048903
A0A3D9DRL5	2	2	cluster_2	0.9999978945638852
A0A3D9Q1G1	0	0	cluster_0	0.9999970286692262
A0A3E0CJ99	2	2	cluster_2	0.9999978120071551
A0A3E0EPU0	6	6	cluster_6	0.9999987680086787
A0A3E0IKI8	19	19	cluster_19	0.9996093834096963
A0A3E0N2G0	17	17	cluster_17	0.9999870458455643
A0A3E0UJ19	6	6	cluster_6	0.9999991456808441
A0A3E0VNQ0	4	4	cluster_4	0.9999977351275082
A0A3E0WHJ6	3	3	cluster_3	0.999929941373566
A0A3E2WH76	10	10	cluster_10	0.9999607740091825
A0A3E3I214	10	10	cluster_10	0.9999588054797405
A0A3E4K686	131	131	cluster_131	0.9999827684527385
A0A3E4LHT4	131	131	cluster_131	0.9999817265172526
A0A3E4N492	4	4	cluster_4	0.9999974635021392
A0A3F2ZUI9	17	17	cluster_17	0.9999881721799719
A0A3F3ISQ1	2	2	cluster_2	0.9999970829060096
A0A3F3ITI1	6	6	cluster_6	0.9999989614302122
A0A3G1A599	0	0	cluster_0	0.9999962230211966
A0A3G1A6D9	183	183	cluster_183	0.9999978669761039
A0A3G2HR97	192	192	cluster_192	0.9999936726101707
A0A3G2HWM1	134	134	cluster_134	0.9994420906588954
A0A3G2IGF9	5	5	cluster_5	0.999994601595235
A0A3G4VY50	197	197	cluster_197	0.9999987084162383
A0A3G4VZP2	181	181	cluster_181	0.9999993347560099
A0A3G5FM69	4	4	cluster_4	0.9999975360017318
A0A3G5U8J6	17	17	cluster_17	0.9999789782256752
A0A3G8WTZ1	0	0	cluster_0	0.9999976576133
A0A3K0WIK0	123	123	cluster_123	0.9999903313036
A0A3L7UHB1	0	0	cluster_0	0.9999979600285901
A0A3L7VHT7	0	0	cluster_0	0.9999981745236605
A0A3L8BFH7	182	182	cluster_182	0.9999980009056191
A0A3L8BSE7	4	4	cluster_4	0.9999974471935582
A0A3M0A3V2	4	4	cluster_4	0.9999977007117303
A0A3M0HXC3	181	181	cluster_181	0.999999256524862
A0A3M0LPZ6	4	4	cluster_4	0.9999973429077522
A0A3M0X0T8	10	10	cluster_10	0.9999612565058918
A0A3M0XRR0	10	10	cluster_10	0.9999674344921469
A0A3M0XYH5	10	10	cluster_10	0.9999696442529511
A0A3M1DDB7	10	10	cluster_10	0.9999674941341088
A0A3M1DT15	0	0	cluster_0	0.9999985740660122
A0A3M1GH90	0	0	cluster_0	0.9999983737685593
A0A3M1KZB8	0	0	cluster_0	0.9999984757771685
A0A3M1PNT2	0	0	cluster_0	0.9999982020795684
A0A3M1YVL5	4	4	cluster_4	0.999997370988906
A0A3M2BUN1	202	202	cluster_202	0.9999979276594022
A0A3M2D2P3	181	181	cluster_181	0.9999991306963681
A0A3M2E234	74	74	cluster_74	0.9999968604158331
A0A3M2GT54	181	181	cluster_181	0.9999987692108426
A0A3M2H640	182	182	cluster_182	0.9999972817568102
A0A3M5P9L2	0	0	cluster_0	0.9999986373965672
A0A3M6KQG8	181	181	cluster_181	0.9999992062166388
A0A3M9MFL2	4	4	cluster_4	0.9999976646341854
A0A3N0UAY6	0	0	cluster_0	0.9999987526659406
A0A3N0WG34	0	0	cluster_0	0.9999980536420092
A0A3N1R8Q5	2	2	cluster_2	0.999997119274043
A0A3N1Y166	202	202	cluster_202	0.9999975775328027
A0A3N2FUH7	0	0	cluster_0	0.9999981527771019
A0A3N2H360	0	0	cluster_0	0.999998372245212
A0A3N2HRA9	4	4	cluster_4	0.9999977314732554
A0A3N4QDC0	5	5	cluster_5	0.9999944703278522
A0A3N5I1G1	0	0	cluster_0	0.9999980501876992
A0A3N5L7F8	0	0	cluster_0	0.9999978240068029
A0A3N5R410	0	0	cluster_0	0.9999990168102751
A0A3N5ULF5	4	4	cluster_4	0.9999976928449238
A0A3N6WRG8	0	0	cluster_0	0.9999981693966591
A0A3N6ZUU2	4	4	cluster_4	0.9999966005934285
A0A3N8QGS6	5	5	cluster_5	0.9999943727311839
A0A3N9TN25	131	131	cluster_131	0.9999813547370642
A0A3N9WNG4	0	0	cluster_0	0.9999984191106074
A0A3P0MYC9	4	4	cluster_4	0.9999968607381275
A0A3P1CKM3	8	8	cluster_8	0.9999683806515994
A0A3P8KN77	4	4	cluster_4	0.9999975110884777
A0A3P8XVE9	5	5	cluster_5	0.9999912922754133
A0A3Q2HVL2	4	4	cluster_4	0.9999958285740645
A0A3Q2XIQ1	5	5	cluster_5	0.9999915983264652
A0A3R0NDZ3	22	22	cluster_22	0.9999758757931714
A0A3R1CV92	2	2	cluster_2	0.9999971635612525
A0A3R6D7B9	12	12	cluster_12	0.9999537235227739
A0A3R6F478	0	0	cluster_0	0.9999979446708946
A0A3R6HIT3	6	6	cluster_6	0.9999988168473933
A0A3R6JNN0	12	12	cluster_12	0.9999454603132655
A0A3R6TRH6	0	0	cluster_0	0.9999987471732589
A0A3R7LQ10	0	0	cluster_0	0.9999980060889715
A0A3R9IEB6	58	58	cluster_58	0.9992641260739547
A0A3R9JUC2	32	32	cluster_32	0.999953781831602
A0A3R9PEI6	58	58	cluster_58	0.9988703289186017
A0A3S0AAQ0	4	4	cluster_4	0.9999975747294343
A0A3S0J5G8	131	131	cluster_131	0.9999822438970153
A0A3S0PK49	74	74	cluster_74	0.9999970643086714
A0A3S0WV14	4	4	cluster_4	0.99999727709072
A0A3S0YE09	95	95	cluster_95	0.9999568139483237
A0A3S1D8R6	0	0	cluster_0	0.999997997949715
A0A3S3HUX2	0	0	cluster_0	0.9999986276022091
A0A3S3K6H0	0	0	cluster_0	0.9999978126070729
A0A3S3KBV0	0	0	cluster_0	0.9999972756879845
A0A3S3QNP4	5	5	cluster_5	0.9999947553735113
A0A3S3TU31	103	103	cluster_103	0.9999884193407588
A0A3S4ZAF1	6	6	cluster_6	0.9999988283052161
A0A3S6QN32	5	5	cluster_5	0.9999952094943069
A0A3T0C4N7	123	123	cluster_123	0.9999895847455459
A0A3T0D9H4	175	175	cluster_175	0.9999979241881543
A0A3T1B2R1	181	181	cluster_181	0.999999217072966
A0A3T1RCS4	97	97	cluster_97	0.9998932256095182
A0A3T1X9X6	177	177	cluster_177	0.9998316815971958
A0A3T2AXG5	60	60	cluster_60	0.9998381012807763
A0A3T2F729	88	88	cluster_88	0.999995876415131
A0A3T2MVY0	60	60	cluster_60	0.9997865543395646
A0A3V8I3C3	2	2	cluster_2	0.9999955764732094
A0A3Y4YM45	2	2	cluster_2	0.9999977201881819
A0A3Y7R4C8	181	181	cluster_181	0.9999988513126211
A0A3Y8HY14	126	126	cluster_126	0.9994056811879602
A0A3Y9C7R9	2	2	cluster_2	0.999997499942008
A0A401FPL3	0	0	cluster_0	0.9999981869123103
A0A401HPW2	4	4	cluster_4	0.9999971087836129
A0A401YZ32	197	197	cluster_197	0.9999988742287619
A0A402A7T4	181	181	cluster_181	0.9999993232524033
A0A402BPV8	10	10	cluster_10	0.9999660851636455
A0A402WM19	123	123	cluster_123	0.9999880599742486
A0A410G0G1	74	74	cluster_74	0.9999968470858913
A0A410Q6T0	4	4	cluster_4	0.9999970362743464
A0A410WW78	74	74	cluster_74	0.9999924435737647
A0A410WWV0	162	162	cluster_162	0.9998837432518102
A0A410WWZ6	181	181	cluster_181	0.9999989803555805
A0A411A2U9	10	10	cluster_10	0.9999655055304744
A0A412CE59	4	4	cluster_4	0.9999972915549957
A0A412PKW5	131	131	cluster_131	0.9999802237709798
A0A412PMP7	145	145	cluster_145	0.9999949835580068
A0A413UYB9	6	6	cluster_6	0.9999988648753899
A0A413YZN1	0	0	cluster_0	0.9999971155644751
A0A414KCC6	69	69	cluster_69	0.9999854446305043
A0A414PQA1	0	0	cluster_0	0.9999978060470507
A0A414ZR15	181	181	cluster_181	0.9999989132930042
A0A415G998	69	69	cluster_69	0.9999876929009276
A0A415RZ02	0	0	cluster_0	0.9999984105343682
A0A416KAH0	0	0	cluster_0	0.99999721449491
A0A417WLZ7	0	0	cluster_0	0.9999976508579467
A0A417XYG7	196	196	cluster_196	0.9999967850921202
A0A418QG41	5	5	cluster_5	0.9999949835061926
A0A418RRP5	10	10	cluster_10	0.9999672306318034
A0A418UR93	4	4	cluster_4	0.9999977445080865
A0A418VUK1	0	0	cluster_0	0.9999980828468589
A0A418ZRC5	0	0	cluster_0	0.9999972773400833
A0A419F0H9	181	181	cluster_181	0.9999991330624733
A0A419HTD4	197	197	cluster_197	0.9999989729950267
A0A419I4X8	0	0	cluster_0	0.9999983920259011
A0A419N368	2	2	cluster_2	0.9999976756215876
A0A420YSP6	131	131	cluster_131	0.99998209933604
A0A421BGW8	187	187	cluster_187	0.9999881566702303
A0A423KD17	0	0	cluster_0	0.9999984971756236
A0A423Y426	0	0	cluster_0	0.9999987372845953
A0A424WKD2	4	4	cluster_4	0.9999971283988418
A0A426JXT2	0	0	cluster_0	0.9999985349982481
A0A426UUZ1	127	127	cluster_127	0.9999978612312781
A0A427G398	182	182	cluster_182	0.9999973388817999
A0A427L2N6	182	182	cluster_182	0.9999977081725762
A0A428G6C4	145	145	cluster_145	0.999995809193794
A0A428I9S0	145	145	cluster_145	0.9999953563633577
A0A428K3Z0	181	181	cluster_181	0.9999990119211375
A0A429BEP7	181	181	cluster_181	0.999999335261401
A0A429EHP0	4	4	cluster_4	0.9999975679346785
A0A429GQQ8	183	183	cluster_183	0.9999963825472169
A0A429S0X5	181	181	cluster_181	0.9999992962128826
A0A429ZXU3	187	187	cluster_187	0.999988719152273
A0A430A7U1	187	187	cluster_187	0.9999882914135976
A0A430AKP9	175	175	cluster_175	0.9999983135925077
A0A430ANI8	187	187	cluster_187	0.9999894918614063
A0A430AR30	12	12	cluster_12	0.9999714215464539
A0A430AWU8	187	187	cluster_187	0.9999885652232021
A0A430ED63	0	0	cluster_0	0.9999977748849695
A0A430HL11	192	192	cluster_192	0.9999933581119238
A0A431HEB2	181	181	cluster_181	0.9999983441116159
A0A432EPJ8	74	74	cluster_74	0.9999971024095314
A0A432M5V3	5	5	cluster_5	0.9999954128062049
A0A432RAJ0	0	0	cluster_0	0.9999887538277253
A0A432XBR7	4	4	cluster_4	0.999997096818915
A0A433ECE3	4	4	cluster_4	0.9999975336090319
A0A433JR76	4	4	cluster_4	0.999997585444203
A0A433PXY1	5	5	cluster_5	0.999993495738061
A0A433SCZ2	143	143	cluster_143	0.9995293197944898
A0A439RWR8	0	0	cluster_0	0.9999978225646348
A0A442RUK6	6	6	cluster_6	0.9999990696030073
A0A443IKX7	0	0	cluster_0	0.9999977936879633
A0A443SAZ4	4	4	cluster_4	0.9999966662380879
A0A444W6D1	4	4	cluster_4	0.9999975889735727
A0A447EB45	8	8	cluster_8	0.9999655323503891
A0A448MN61	4	4	cluster_4	0.9999954688552797
A0A453MDW1	5	5	cluster_5	0.9999916935948255
A0A455SNB3	181	181	cluster_181	0.9999992976757525
A0A459NDX2	15	15	cluster_15	0.9998413497865397
A0A461F3T8	30	30	cluster_30	0.9998758493357458
A0A482IT11	2	2	cluster_2	0.9999979963740704
A0A482YCT0	4	4	cluster_4	0.9999959683836513
A0A483LRA2	36	36	cluster_36	0.9996085874576821
A0A483M5B8	182	182	cluster_182	0.9999979801902952
A0A484H2U4	181	181	cluster_181	0.9999987575210177
A0A484WSI6	2	2	cluster_2	0.9999976012787479
A0A485A6B6	95	95	cluster_95	0.9999720854242562
A0A486QYV8	2	2	cluster_2	0.9999970826350891
A0A494X515	8	8	cluster_8	0.9999628843243942
A0A494YWQ0	0	0	cluster_0	0.999997147456031
A0A495ANY9	0	0	cluster_0	0.9999984112887574
A0A495QUJ5	181	181	cluster_181	0.9999989641959317
A0A495Z8Y4	10	10	cluster_10	0.9999644270397553
A0A496A3P2	17	17	cluster_17	0.9999798014734265
A0A496RKS8	197	197	cluster_197	0.9999985552734012
A0A496RMK7	0	0	cluster_0	0.9999977311585961
A0A496SBE8	10	10	cluster_10	0.9999628242645904
A0A496W7T8	10	10	cluster_10	0.9999679246436959
A0A496ZSI4	10	10	cluster_10	0.9999620003944818
A0A497EZH3	0	0	cluster_0	0.9999917122094225
A0A497F8K6	183	183	cluster_183	0.9999965580739997
A0A497FAL9	4	4	cluster_4	0.999992273651789
A0A497FIS2	183	183	cluster_183	0.9999754609187529
A0A497FLI7	183	183	cluster_183	0.9999977203608694
A0A497GB35	183	183	cluster_183	0.9999975808252417
A0A497GQ43	183	183	cluster_183	0.999996886198564
A0A497KL12	10	10	cluster_10	0.9999628884771503
A0A497L833	4	4	cluster_4	0.9999958608289837
A0A497QC46	10	10	cluster_10	0.9999655994002825
A0A497R1B5	10	10	cluster_10	0.999961800837191
A0A497RND4	183	183	cluster_183	0.9999975483375666
A0A497RP41	10	10	cluster_10	0.9999640068794174
A0A497RZ24	0	0	cluster_0	0.9999979901931423
A0A497S1L5	183	183	cluster_183	0.9999969249215527
A0A497TNW5	74	74	cluster_74	0.9999971548231867
A0A497V0Y4	6	6	cluster_6	0.9999987395949167
A0A497VDZ9	7	7	cluster_7	0.9999982732131367
A0A497XLC0	181	181	cluster_181	0.9999991686399016
A0A498DAH5	0	0	cluster_0	0.9999985893348746
A0A498GT66	0	0	cluster_0	0.999998711010977
A0A4B9HZ04	114	114	cluster_114	0.9994034897235664
A0A4C2EBJ2	181	181	cluster_181	0.9999991436965315
A0A4D6Y092	4	4	cluster_4	0.999996821578546
A0A4D7CWX2	187	187	cluster_187	0.999987741398807
A0A4E0QQE6	181	181	cluster_181	0.99999873644012
A0A4P1RZQ5	181	181	cluster_181	0.9999989701077636
A0A4P6JQ53	0	0	cluster_0	0.9999982993341369
A0A4P6PZ27	127	127	cluster_127	0.9999977867737703
A0A4P8C2L9	2	2	cluster_2	0.9999963133663412
A0A4P8J0F4	2	2	cluster_2	0.9999978495865309
A0A4P8SJX8	101	101	cluster_101	0.9999740946400059
A0A4P8XNE5	0	0	cluster_0	0.9999984747808875
A0A4P9K4P8	74	74	cluster_74	0.9999968837044966
A0A4Q0IUC2	6	6	cluster_6	0.9999989039175549
A0A4Q1DIN8	101	101	cluster_101	0.9999726583692056
A0A4Q1ZVD2	5	5	cluster_5	0.9999948227342631
A0A4Q3AGJ3	14	14	cluster_14	0.9999967740747141
A0A4Q3ATZ9	14	14	cluster_14	0.9999968637328679
A0A4Q3R8U3	0	0	cluster_0	0.9999977281813315
A0A4Q5LYN6	181	181	cluster_181	0.9999991142378469
A0A4Q5U1U9	0	0	cluster_0	0.9999979434580991
A0A4Q6F417	182	182	cluster_182	0.9999978772584696
A0A4Q7VB52	0	0	cluster_0	0.9999983555485014
A0A4Q8ACW6	4	4	cluster_4	0.9999976750114256
A0A4Q9XSE4	192	192	cluster_192	0.9999940023102071
A0A4Q9Z1K5	0	0	cluster_0	0.9999986231157065
A0A4R0HSB2	0	0	cluster_0	0.9999987266744383
A0A4R0XMA3	2	2	cluster_2	0.9999979041302023
A0A4R1G9S4	0	0	cluster_0	0.9999978458715566
A0A4R1JLY5	0	0	cluster_0	0.9999979036182832
A0A4R1K3B8	0	0	cluster_0	0.9999981400329023
A0A4R1MMG4	5	5	cluster_5	0.9999939574760179
A0A4R1MX83	2	2	cluster_2	0.9999976219354445
A0A4R1QAL5	17	17	cluster_17	0.9999891806908906
A0A4R1RVG4	17	17	cluster_17	0.9999849802940978
A0A4R1YW23	0	0	cluster_0	0.999997912781005
A0A4R2DPT7	181	181	cluster_181	0.999999104775838
A0A4R2EF97	0	0	cluster_0	0.9999984447865298
A0A4R2KJA8	192	192	cluster_192	0.9999937331423391
A0A4R2PEQ4	181	181	cluster_181	0.999999072998194
A0A4R2Q4Y6	0	0	cluster_0	0.9999971602751855
A0A4R2QJ05	0	0	cluster_0	0.9999986635361637
A0A4R2RZ97	0	0	cluster_0	0.999997347540078
A0A4R2U2V4	10	10	cluster_10	0.9999647402686128
A0A4R3LAE7	10	10	cluster_10	0.9999648671518622
A0A4R3LBU8	181	181	cluster_181	0.9999990196151362
A0A4R3ML31	10	10	cluster_10	0.9999657336090098
A0A4R3VL61	4	4	cluster_4	0.999997587755493
A0A4R4DZ96	0	0	cluster_0	0.9999977010478226
A0A4R4HJC9	6	6	cluster_6	0.999998757162342
A0A4R4M6K5	197	197	cluster_197	0.9999987155540746
A0A4R4NHR6	181	181	cluster_181	0.999999278815117
A0A4R4QXI2	4	4	cluster_4	0.9999976595828519
A0A4R4QZH1	181	181	cluster_181	0.9999992711921439
A0A4R4TJ46	181	181	cluster_181	0.9999993566588372
A0A4R4UEA0	0	0	cluster_0	0.9999982628087474
A0A4R4X8Y9	0	0	cluster_0	0.9999984330812851
A0A4R4ZD88	181	181	cluster_181	0.9999991384691177
A0A4R5CB95	197	197	cluster_197	0.999998891644119
A0A4R5F960	0	0	cluster_0	0.9999978254702574
A0A4R5GWZ2	5	5	cluster_5	0.9999924449597907
A0A4R5M6B8	2	2	cluster_2	0.9999977758819323
A0A4R6DST9	2	2	cluster_2	0.9999964268050294
A0A4R6E1F4	123	123	cluster_123	0.9999907243705437
A0A4R6KVI2	0	0	cluster_0	0.999998448314083
A0A4R6PUX2	4	4	cluster_4	0.9999975245017297
A0A4R6QZM3	2	2	cluster_2	0.9999977709541992
A0A4R7NS98	0	0	cluster_0	0.9999981549526953
A0A4R9L6P0	181	181	cluster_181	0.9999989252274318
A0A4S0NR19	181	181	cluster_181	0.9999989839963535
A0A4S1M510	0	0	cluster_0	0.9999985038732722
A0A4S2A8K4	181	181	cluster_181	0.9999991719447265
A0A4S2B1U0	6	6	cluster_6	0.9999986754593042
A0A4S2HEK4	0	0	cluster_0	0.9999981908760007
A0A4S2HLL9	131	131	cluster_131	0.9999774468122451
A0A4S2IUB2	181	181	cluster_181	0.9999993403618778
A0A4S2SAL5	197	197	cluster_197	0.9999988736931846
A0A4S3B6V0	187	187	cluster_187	0.9999878508844886
A0A4S3FML8	0	0	cluster_0	0.9999984196642905
A0A4S4F3I2	192	192	cluster_192	0.9999905825749397
A0A4S4G970	181	181	cluster_181	0.9999987440813812
A0A4S8KV54	181	181	cluster_181	0.9999986310807206
A0A4U0NCN0	0	0	cluster_0	0.9999984778115603
A0A4U0YW96	0	0	cluster_0	0.9999971014438184
A0A4U1AC05	181	181	cluster_181	0.9999989313922115
A0A4U1D0V0	0	0	cluster_0	0.9999973498137649
A0A4U1YS20	182	182	cluster_182	0.9999976385440351
A0A4U2XZV3	131	131	cluster_131	0.9999800525324612
A0A4U3K012	131	131	cluster_131	0.9999803492556156
A0A4U6LVM4	182	182	cluster_182	0.9999977587071095
A0A4U7C7Y5	4	4	cluster_4	0.999995321414508
A0A4U8UC56	6	6	cluster_6	0.9999974842993391
A0A4U9REB6	17	17	cluster_17	0.9999860518762789
A0A4U9YF73	0	0	cluster_0	0.9999989081588869
A0A4V2ABJ0	7	7	cluster_7	0.9999982615336098
A0A4V2FPH6	4	4	cluster_4	0.999997706584236
A0A4V2S6N8	197	197	cluster_197	0.9999990081813106
A0A4V2Y2J6	0	0	cluster_0	0.9999987346760365
A0A4V3CQV1	5	5	cluster_5	0.9999943562864737
A0A4V3CXT8	4	4	cluster_4	0.9999973635692799
A0A4V3CZW7	127	127	cluster_127	0.9999976281951137
A0A4V3DYX3	0	0	cluster_0	0.9999975359846489
A0A4V3NZE7	196	196	cluster_196	0.9999983314321749
A0A4V6AM47	0	0	cluster_0	0.999998547769867
A0A4V6RRT1	5	5	cluster_5	0.9999951346699854
A0A4W2F7B3	5	5	cluster_5	0.9999889156607786
A0A4W3HCE6	5	5	cluster_5	0.9999929987794476
A0A4W3JBC5	5	5	cluster_5	0.9999912512799067
A0A4W4EW30	5	5	cluster_5	0.9999917655164436
A0A4Y1YSB6	72	72	cluster_72	0.9999796104588785
A0A4Y1ZFM4	131	131	cluster_131	0.9999715056038928
A0A4Y3QYZ0	197	197	cluster_197	0.999998798723831
A0A4Y3R5C5	0	0	cluster_0	0.9999978882773545
A0A4Y8L9A8	0	0	cluster_0	0.9999983168845918
A0A4Y8MVI2	5	5	cluster_5	0.9999938279454251
A0A4Y8PD16	0	0	cluster_0	0.9999985440887522
A0A4Y8RLR5	4	4	cluster_4	0.999996932718465
A0A4Y8VPF8	6	6	cluster_6	0.9999987826986995
A0A4Y9JJH1	4	4	cluster_4	0.9999980273549964
A0A4Z0D7U7	187	187	cluster_187	0.9999887956230825
A0A4Z0F9K9	4	4	cluster_4	0.9999977420490185
A0A4Z0H805	181	181	cluster_181	0.9999992791593235
A0A4Z0HXU7	74	74	cluster_74	0.9999966109519738
A0A4Z0JP96	131	131	cluster_131	0.9999790590742818
A0A4Z0NCU8	0	0	cluster_0	0.9999984216536958
A0A4Z0NE75	4	4	cluster_4	0.9999967372499127
A0A4Z0V1U5	6	6	cluster_6	0.9999987807081893
A0A4Z0YIS4	5	5	cluster_5	0.9999939979345513
A0A4Z1DW91	4	4	cluster_4	0.9999978537420692
A0A501WD88	0	0	cluster_0	0.9999976649418816
A0A501XZK6	192	192	cluster_192	0.9999930854006569
A0A502LL84	6	6	cluster_6	0.9999988563011541
A0A502TN86	0	0	cluster_0	0.9999979774657791
A0A505GWI8	0	0	cluster_0	0.9999982393135333
A0A506QVN3	123	123	cluster_123	0.9999920607799121
A0A510JAN2	131	131	cluster_131	0.9999814205389637
A0A510JDA2	175	175	cluster_175	0.999997888396378
A0A510JFC9	44	44	cluster_44	0.999956826678473
A0A510JJY5	131	131	cluster_131	0.999984520797496
A0A510JME1	20	20	cluster_20	0.9996772875890887
A0A510JR49	175	175	cluster_175	0.9999984771067669
A0A510KHG9	131	131	cluster_131	0.999980461343761
A0A510KJY8	131	131	cluster_131	0.9999807423900235
A0A510KLP4	131	131	cluster_131	0.9999783953049682
A0A510KNZ7	20	20	cluster_20	0.9997487826719403
A0A510KSA8	131	131	cluster_131	0.9999824731367806
A0A510US90	2	2	cluster_2	0.9999971938410046
A0A510X843	5	5	cluster_5	0.9999943343967286
A0A510YAV0	4	4	cluster_4	0.9999974756186422
A0A511ML65	197	197	cluster_197	0.9999990479651222
A0A511MX35	0	0	cluster_0	0.9999987223853637
A0A511MYD2	181	181	cluster_181	0.9999992950303533
A0A511X359	0	0	cluster_0	0.9999988332508456
A0A512CFK1	0	0	cluster_0	0.9999982716135337
A0A515D1B8	0	0	cluster_0	0.9999987317953573
A0A517Q4Z9	181	181	cluster_181	0.9999986223049553
A0A517TD48	0	0	cluster_0	0.9999982906287589
A0A517YJM3	0	0	cluster_0	0.9999975531370603
A0A518BCU5	181	181	cluster_181	0.9999989466624086
A0A518DW15	181	181	cluster_181	0.9999992013176666
A0A518FK98	0	0	cluster_0	0.9999983838790126
A0A518IEE8	4	4	cluster_4	0.9999976007193261
A0A518JT24	0	0	cluster_0	0.999998062736436
A0A518VCG5	162	162	cluster_162	0.9998565131392204
A0A519BY68	74	74	cluster_74	0.9999944693667645
A0A519KTE0	181	181	cluster_181	0.9999992509531124
A0A519LD37	0	0	cluster_0	0.9999974561076906
A0A519M3F3	5	5	cluster_5	0.9999950915350093
A0A519NBR5	5	5	cluster_5	0.9999946065421937
A0A519QZK7	181	181	cluster_181	0.9999991134446772
A0A520BPW9	5	5	cluster_5	0.9999942647406735
A0A520HBN0	0	0	cluster_0	0.9999980478309498
A0A520LMN6	4	4	cluster_4	0.9999973887524672
A0A520TS31	4	4	cluster_4	0.9999976856835183
A0A521A0Q5	181	181	cluster_181	0.9999989796128219
A0A521BLU3	6	6	cluster_6	0.9999987320884705
A0A521D3U7	0	0	cluster_0	0.9999974137579537
A0A521LND6	74	74	cluster_74	0.9999969219530611
A0A521S914	4	4	cluster_4	0.9999967804392459
A0A521W6Y4	192	192	cluster_192	0.9999940262653417
A0A521XFB1	182	182	cluster_182	0.9999977705697966
A0A522CGR3	5	5	cluster_5	0.9999944569392949
A0A522M9Z3	2	2	cluster_2	0.9999979041447374
A0A522RZL9	2	2	cluster_2	0.9999975973424035
A0A522UUT7	182	182	cluster_182	0.999997837687612
A0A522Z5Z1	4	4	cluster_4	0.9999969493160891
A0A523AI26	0	0	cluster_0	0.9999973046790028
A0A523AU92	10	10	cluster_10	0.9999555901145195
A0A523EM32	0	0	cluster_0	0.9999977788768641
A0A523FCE9	74	74	cluster_74	0.9999967952153319
A0A523FGJ2	0	0	cluster_0	0.9999978511998379
A0A523JJ78	181	181	cluster_181	0.999999236217102
A0A523NTV5	181	181	cluster_181	0.9999991089585346
A0A523QCU8	4	4	cluster_4	0.9999976171157468
A0A523SVI7	4	4	cluster_4	0.9999977928117649
A0A523UBK5	181	181	cluster_181	0.9999982069064093
A0A523Z2X7	182	182	cluster_182	0.99999726081393
A0A524CHJ9	0	0	cluster_0	0.999998036129624
A0A524DMY5	0	0	cluster_0	0.9999986350156271
A0A524GBL3	0	0	cluster_0	0.9999987953041121
A0A524GHJ7	181	181	cluster_181	0.9999984397602112
A0A524KJA0	4	4	cluster_4	0.9999975729790955
A0A524LTP6	0	0	cluster_0	0.9999983153651302
A0A524MJK2	0	0	cluster_0	0.9999988348868575
A0A525CYY5	0	0	cluster_0	0.9999971532917227
A0A525VUT9	0	0	cluster_0	0.9999987777696003
A0A527J387	103	103	cluster_103	0.9999879898408591
A0A529UF78	0	0	cluster_0	0.9999980489371404
A0A532DHT2	181	181	cluster_181	0.9999992334549569
A0A532F2A4	2	2	cluster_2	0.9999979382080515
A0A533B6V9	4	4	cluster_4	0.9999971771727746
A0A533VKW9	4	4	cluster_4	0.9999970266752025
A0A533Y148	4	4	cluster_4	0.999997361709475
A0A534K9N3	0	0	cluster_0	0.9999980344262968
A0A534SGE7	0	0	cluster_0	0.9999989576607495
A0A535EE55	0	0	cluster_0	0.9999985173625869
A0A535F4F6	0	0	cluster_0	0.9999987103290197
A0A535W483	0	0	cluster_0	0.9999986227661176
A0A535X5K7	0	0	cluster_0	0.9999985580842233
A0A535YZI6	4	4	cluster_4	0.9999977151684127
A0A536EA16	127	127	cluster_127	0.9999967084405812
A0A536WML5	181	181	cluster_181	0.9999986835772791
A0A537FLV4	0	0	cluster_0	0.9999988787265803
A0A537ISE7	4	4	cluster_4	0.9999975634135964
A0A537JHD6	0	0	cluster_0	0.9999986087642985
A0A537K3X7	0	0	cluster_0	0.9999984910896347
A0A537M1Z2	0	0	cluster_0	0.9999984963378438
A0A537TIN8	0	0	cluster_0	0.9999982015954887
A0A538B2N7	74	74	cluster_74	0.9999968849466183
A0A538MAI0	0	0	cluster_0	0.9999957447995791
A0A538PT73	181	181	cluster_181	0.9999990319706062
A0A538R8E4	4	4	cluster_4	0.9999975509784674
A0A540V7Y6	192	192	cluster_192	0.9999927442793457
A0A540VDU3	0	0	cluster_0	0.9999983282384896
A0A540VY59	0	0	cluster_0	0.9999984319067605
A0A540W4N4	197	197	cluster_197	0.9999989844011457
A0A542DNJ4	197	197	cluster_197	0.9999989314286973
A0A542GA01	0	0	cluster_0	0.9999983570138751
A0A542M2Q5	0	0	cluster_0	0.9999984389000652
A0A542S6S7	0	0	cluster_0	0.9999984872473278
A0A542ZCI1	4	4	cluster_4	0.9999977543589039
A0A543DWV9	4	4	cluster_4	0.9999978139212417
A0A543J1A2	5	5	cluster_5	0.9999921464961481
A0A543JG07	0	0	cluster_0	0.9999984870737485
A0A550CBC0	181	181	cluster_181	0.9999989707114633
A0A552LKY8	6	6	cluster_6	0.9999990385518391
A0A553AE47	103	103	cluster_103	0.9999863653768357
A0A553JR33	6	6	cluster_6	0.9999991834683605
A0A553LZU7	175	175	cluster_175	0.9999983767360638
A0A554WGL8	74	74	cluster_74	0.9999964597658524
A0A557P105	6	6	cluster_6	0.9999990837754501
A0A557P8M2	0	0	cluster_0	0.999998169650697
A0A557RM39	192	192	cluster_192	0.9999924294347753
A0A558BFA2	127	127	cluster_127	0.9999979303915936
A0A558BMB5	181	181	cluster_181	0.9999989514319457
A0A558CU86	4	4	cluster_4	0.9999965020090329
A0A558DEL7	0	0	cluster_0	0.9999985494147346
A0A560LRL9	0	0	cluster_0	0.9999982843223166
A0A560WHB1	181	181	cluster_181	0.9999991472144731
A0A561EAL4	5	5	cluster_5	0.999994167344435
A0A562JPH4	0	0	cluster_0	0.9999987658929264
A0A562V0R2	181	181	cluster_181	0.9999992015928856
A0A563DK47	0	0	cluster_0	0.9999984917832051
A0A563UD12	4	4	cluster_4	0.9999976443047087
A0A563VJ93	181	181	cluster_181	0.9999990975662038
A0A564M5G3	36	36	cluster_36	0.9995727947923131
A0A564TQV2	187	187	cluster_187	0.9999901735632021
A0A5A9DZI8	74	74	cluster_74	0.9999943052288452
A0A5A9E5S8	0	0	cluster_0	0.9999986527702545
A0A5A9Z273	196	196	cluster_196	0.9999983396324396
A0A5B0G4J6	2	2	cluster_2	0.9999980813285074
A0A5B0KB34	182	182	cluster_182	0.9999974637040336
A0A5B0SW81	2	2	cluster_2	0.9999967070373718
A0A5B0VGN3	89	89	cluster_89	0.9999975729891426
A0A5B2U4B2	4	4	cluster_4	0.9999976472756933
A0A5B7UPU7	197	197	cluster_197	0.9999987583701291
A0A5B7YJM2	192	192	cluster_192	0.9999920201489437
A0A5B8A1D6	5	5	cluster_5	0.9999939197001838
A0A5B8RYG9	4	4	cluster_4	0.9999972106058771
A0A5B9DEH1	181	181	cluster_181	0.9999989899916184
A0A5B9E1N1	95	95	cluster_95	0.999967421073603
A0A5B9T7R1	69	69	cluster_69	0.9999885931473435
A0A5B9YAJ4	0	0	cluster_0	0.9999977202512412
A0A5C0B4A4	4	4	cluster_4	0.9999972609677336
A0A5C1APJ2	181	181	cluster_181	0.9999993392160006
A0A5C2HB60	0	0	cluster_0	0.9999984795017183
A0A5C4RIN1	192	192	cluster_192	0.9999926246343588
A0A5C4RN57	6	6	cluster_6	0.999998999582779
A0A5C5VGI5	0	0	cluster_0	0.9999983990112352
A0A5C5ZMZ8	0	0	cluster_0	0.9999984103069708
A0A5C6BLM6	0	0	cluster_0	0.9999980927756953
A0A5C6DEG2	181	181	cluster_181	0.9999990287120245
A0A5C6ZRL7	0	0	cluster_0	0.999997986180925
A0A5C7BP24	2	2	cluster_2	0.9999969592166746
A0A5C7F5S2	4	4	cluster_4	0.9999975802488307
A0A5C7J8S3	182	182	cluster_182	0.9999979561958665
A0A5C7K5I3	208	208	cluster_208	0.9999803168427543
A0A5C7LK55	197	197	cluster_197	0.9999985548698854
A0A5C7PDU2	10	10	cluster_10	0.9999554202297786
A0A5C7PYG3	17	17	cluster_17	0.9999871995830522
A0A5C7RJV6	181	181	cluster_181	0.9999991063129472
A0A5C7SI98	0	0	cluster_0	0.9999976984303826
A0A5C7W3J6	89	89	cluster_89	0.9999967312607326
A0A5C7XJI3	181	181	cluster_181	0.9999993426136154
A0A5C8FYA9	175	175	cluster_175	0.9999981812763339
A0A5C8LGF4	0	0	cluster_0	0.9999983755053639
A0A5C8LH63	0	0	cluster_0	0.999998465826391
A0A5C9ECH3	0	0	cluster_0	0.9999989556846783
A0A5D0HVF6	2	2	cluster_2	0.9999964521441288
A0A5D0SHD7	0	0	cluster_0	0.9999986474047929
A0A5D2D3W3	0	0	cluster_0	0.9999982048300237
A0A5E4INC1	4	4	cluster_4	0.9999972150659985
A0A5E4JR25	181	181	cluster_181	0.9999991063987994
A0A5E4JY37	0	0	cluster_0	0.9999984696334389
A0A5E4KPJ5	0	0	cluster_0	0.9999986412920838
A0A5E4L8C5	0	0	cluster_0	0.9999987378934654
A0A5E4LXF5	14	14	cluster_14	0.9999972327615563
A0A5E4WGP0	4	4	cluster_4	0.9999978125962604
A0A5E7CMV1	0	0	cluster_0	0.9999984654131202
A0A5E7IJK8	6	6	cluster_6	0.9999984958719936
A0A5F1ZBA2	4	4	cluster_4	0.9999973933718673
A0A5H1ZR47	132	132	cluster_132	0.9994380916638498
A0A5I0P2Q9	182	182	cluster_182	0.9999977115334018
A0A5I4A8N0	2	2	cluster_2	0.9999968993149317
A0A5J4FV82	4	4	cluster_4	0.9999974790606372
A0A5J4JX22	0	0	cluster_0	0.9999985563136354
A0A5J4KZH2	181	181	cluster_181	0.9999993116586845
A0A5J4PCZ3	8	8	cluster_8	0.9999732297137534
A0A5J5JSF0	0	0	cluster_0	0.9999981748472476
A0A5J5W073	4	4	cluster_4	0.9999965453358343
A0A5J6G698	181	181	cluster_181	0.9999993001409186
A0A5J6IFJ0	127	127	cluster_127	0.9999976574389255
A0A5J6L562	4	4	cluster_4	0.9999975168070608
A0A5J6LBM8	4	4	cluster_4	0.9999973325466139
A0A5J6MTU5	4	4	cluster_4	0.9999966618536984
A0A5J6P6P3	2	2	cluster_2	0.9999977353887134
A0A5J6UE86	0	0	cluster_0	0.9999988825924686
A0A5J6UFQ6	197	197	cluster_197	0.9999988294684278
A0A5M6D6L0	4	4	cluster_4	0.9999977657602008
A0A5N3RXH4	55	55	cluster_55	0.9996468705790716
A0A5N7NL70	4	4	cluster_4	0.9999968898491626
A0A5N8WDT0	5	5	cluster_5	0.9999918308219532
A0A5N9CY53	0	0	cluster_0	0.9999987068752765
A0A5P1X5E4	4	4	cluster_4	0.9999974031287859
A0A5P3MU93	11	11	cluster_11	0.999464416659513
A0A5P8JN98	12	12	cluster_12	0.9999615546889877
A0A5P8LZ48	0	0	cluster_0	0.9999979670471555
A0A5P9GNE2	74	74	cluster_74	0.9999968280582281
A0A5P9Q0F7	5	5	cluster_5	0.9999924992991006
A0A5P9WBC3	18	18	cluster_18	0.9994052806581303
A0A5P9XTU2	74	74	cluster_74	0.9999968312016281
A0A5Q0BLB1	101	101	cluster_101	0.9999723260193453
A0A5Q0EJ58	2	2	cluster_2	0.99999800250896
A0A5Q0MCZ2	0	0	cluster_0	0.9999982424642219
A0A5Q0TGN5	182	182	cluster_182	0.9999980408410358
A0A5Q2N577	0	0	cluster_0	0.9999978724378208
A0A5Q2TIX2	0	0	cluster_0	0.9999981168189883
A0A5Q3HEI8	2	2	cluster_2	0.9999978571063107
A0A5Q4FR05	0	0	cluster_0	0.9999986255574215
A0A5Q4SLS9	181	181	cluster_181	0.9999993012017507
A0A5Q8CNX0	0	0	cluster_0	0.9999978860826577
A0A5R8WTF6	5	5	cluster_5	0.9999948776031303
A0A5R9QDA1	0	0	cluster_0	0.9999986491973197
A0A5R9QZY2	0	0	cluster_0	0.9999985648863908
A0A5S3YAX8	192	192	cluster_192	0.9999935906375509
A0A5S3Z1N3	5	5	cluster_5	0.9999921385948697
A0A5S4F714	4	4	cluster_4	0.9999978708132944
A0A5S4URY4	192	192	cluster_192	0.999993527200977
A0A5S5B5Q2	74	74	cluster_74	0.9999967767099559
A0A5S9F1I1	0	0	cluster_0	0.9999989110876817
A0A5S9PCK2	101	101	cluster_101	0.999971881448562
A0A5T3EBG4	2	2	cluster_2	0.999996853265069
A0A5T5I2L7	6	6	cluster_6	0.999998856021042
A0A5U1A8M2	101	101	cluster_101	0.9999746425706418
A0A5U3R486	123	123	cluster_123	0.9999894294450099
A0A5U6PAX8	6	6	cluster_6	0.9999991355506074
A0A5U7RS35	2	2	cluster_2	0.999997510265922
A0A5U8KA48	123	123	cluster_123	0.9999885262690764
A0A5U8XQ26	181	181	cluster_181	0.9999992101204389
A0A5V0B8P0	2	2	cluster_2	0.999995948289252
A0A5V5V9F4	6	6	cluster_6	0.9999991110219948
A0A5W4PV75	181	181	cluster_181	0.9999990890544141
A0A5X4LHR9	156	156	cluster_156	0.9996630576064677
A0A5X6EVH5	123	123	cluster_123	0.9999883981110693
A0A5Z7XTM6	2	2	cluster_2	0.9999970517569898
A0A606C674	6	6	cluster_6	0.9999989992800613
A0A628U1J1	181	181	cluster_181	0.9999989484006554
A0A635RBS4	181	181	cluster_181	0.9999991274848624
A0A644ULT1	0	0	cluster_0	0.9999986227945477
A0A644VRJ8	17	17	cluster_17	0.9999882661041505
A0A645EXZ7	0	0	cluster_0	0.9999973777932954
A0A650CL96	183	183	cluster_183	0.9999976789249098
A0A650CQA2	183	183	cluster_183	0.9999975746614077
A0A651HGB7	0	0	cluster_0	0.9999975435640271
A0A653D3M8	6	6	cluster_6	0.9999989947903601
A0A653P5I4	5	5	cluster_5	0.9999945886342405
A0A653S9V7	4	4	cluster_4	0.9999966698869002
A0A654DR93	182	182	cluster_182	0.9999969681833214
A0A656XW61	4	4	cluster_4	0.9999975821786912
A0A657LL99	103	103	cluster_103	0.9999877593717024
A0A658IMK3	2	2	cluster_2	0.9999971508023178
A0A660A3P8	4	4	cluster_4	0.9999981233105831
A0A660PZ51	4	4	cluster_4	0.9999975563786759
A0A660QVU6	0	0	cluster_0	0.9999970332154309
A0A660R8P7	0	0	cluster_0	0.9999963252883136
A0A660RFC0	175	175	cluster_175	0.999991992224074
A0A660RL44	0	0	cluster_0	0.9999981308465581
A0A660RPZ5	0	0	cluster_0	0.9999968317103008
A0A660RZ55	10	10	cluster_10	0.9999635112963849
A0A660T930	0	0	cluster_0	0.9999984459072886
A0A660UKH2	0	0	cluster_0	0.9999980227588698
A0A660W388	181	181	cluster_181	0.9999991457787379
A0A660WRJ6	4	4	cluster_4	0.9999971510499962
A0A660YMQ6	0	0	cluster_0	0.9999979267207649
A0A661IST0	183	183	cluster_183	0.9999213488734807
A0A661JR83	5	5	cluster_5	0.999994274486271
A0A661MAC3	4	4	cluster_4	0.9999981266967867
A0A661MH55	0	0	cluster_0	0.999998832776049
A0A661NCX8	6	6	cluster_6	0.9999984041635773
A0A661QVG6	4	4	cluster_4	0.9999974750316979
A0A661X719	181	181	cluster_181	0.9999982946492579
A0A661XIM7	10	10	cluster_10	0.9999552529028652
A0A662AH49	6	6	cluster_6	0.9999991546404056
A0A662BTY0	0	0	cluster_0	0.9999986234998457
A0A662EZ62	0	0	cluster_0	0.999997139938403
A0A662GCF9	183	183	cluster_183	0.9999976035581211
A0A662GD04	183	183	cluster_183	0.9999959657271771
A0A662HSK1	183	183	cluster_183	0.9999978914851867
A0A662ID95	183	183	cluster_183	0.9999974771050776
A0A662II30	183	183	cluster_183	0.9999979207851059
A0A662IIN5	183	183	cluster_183	0.9999973027073633
A0A662ISP3	183	183	cluster_183	0.9999971357506044
A0A662J1N2	183	183	cluster_183	0.999997325393099
A0A662J5Z6	183	183	cluster_183	0.9999963197601945
A0A662J9M6	183	183	cluster_183	0.9999972961145738
A0A662PRF2	0	0	cluster_0	0.9999970054963163
A0A662RH96	4	4	cluster_4	0.9999978726516422
A0A662TG72	183	183	cluster_183	0.9999980310172814
A0A662U5H0	0	0	cluster_0	0.9999903634875744
A0A662UB66	183	183	cluster_183	0.9999981596731544
A0A662UGZ8	0	0	cluster_0	0.9999897292950877
A0A662ULF9	183	183	cluster_183	0.9999958401293307
A0A662UUH1	183	183	cluster_183	0.9999967773222385
A0A662V6X6	183	183	cluster_183	0.9999958485176479
A0A662VDP7	183	183	cluster_183	0.9999978288279392
A0A662VIH3	183	183	cluster_183	0.9999973107563086
A0A662W327	183	183	cluster_183	0.9999967386799374
A0A662ZDM5	131	131	cluster_131	0.9999822395090004
A0A669CYL2	4	4	cluster_4	0.9999969334821419
A0A673A701	5	5	cluster_5	0.9999920861020412
A0A673LKU5	5	5	cluster_5	0.9999886798322969
A0A673WT73	4	4	cluster_4	0.999997007136255
A0A679HJ12	0	0	cluster_0	0.9999978274546477
A0A6A0HK10	0	0	cluster_0	0.9999985294061081
A0A6A1VVC2	0	0	cluster_0	0.9999980580214621
A0A6A4VZX9	4	4	cluster_4	0.9999973571841724
A0A6A5QZI9	181	181	cluster_181	0.9999965611299007
A0A6A7RSL7	2	2	cluster_2	0.9999979568113566
A0A6A8ACD9	181	181	cluster_181	0.9999989826057657
A0A6A8UB22	185	185	cluster_185	0.9995180007238804
A0A6A9QG94	183	183	cluster_183	0.9999971289341659
A0A6A9QVF6	10	10	cluster_10	0.9999623246049426
A0A6A9SCU2	0	0	cluster_0	0.9999980723896056
A0A6B1GRP2	192	192	cluster_192	0.9999930148129608
A0A6B1K7R6	181	181	cluster_181	0.9999988222007105
A0A6B2BYY2	181	181	cluster_181	0.9999980499499996
A0A6B2C4K8	181	181	cluster_181	0.9999934283904339
A0A6B2CHL7	10	10	cluster_10	0.9999646923915648
A0A6B2FVI0	181	181	cluster_181	0.9999989849285048
A0A6B2SMT1	181	181	cluster_181	0.9999993226579329
A0A6B3BV92	0	0	cluster_0	0.999998639173745
A0A6B3KNQ2	7	7	cluster_7	0.9999985719963732
A0A6B4A2B9	17	17	cluster_17	0.9999866472239808
A0A6B4JIJ5	17	17	cluster_17	0.9999889150503551
A0A6B4JRQ0	17	17	cluster_17	0.9999839939241562
A0A6B9D1I8	2	2	cluster_2	0.9999976967892091
A0A6C0H6Q5	14	14	cluster_14	0.9999961470053285
A0A6C0KTH1	6	6	cluster_6	0.9999970359796482
A0A6C0Q1J8	0	0	cluster_0	0.999997991677582
A0A6F8UU92	4	4	cluster_4	0.9999965879490237
A0A6G0ZGV8	4	4	cluster_4	0.9999974214237894
A0A6G1RAP4	4	4	cluster_4	0.9999951573269427
A0A6G1ST23	202	202	cluster_202	0.9999970631004006
A0A6G1WXX7	4	4	cluster_4	0.9999975123808217
A0A6G2I1S2	0	0	cluster_0	0.9999982500951861
A0A6G2PZK4	0	0	cluster_0	0.9999978992305355
A0A6G2X9N1	197	197	cluster_197	0.9999988733145697
A0A6G3CQI0	181	181	cluster_181	0.9999993471808054
A0A6G3LM74	4	4	cluster_4	0.9999955318603843
A0A6G3ZR53	0	0	cluster_0	0.9999985093333593
A0A6G5QF78	4	4	cluster_4	0.9999973920146324
A0A6G6SA81	6	6	cluster_6	0.9999991507679247
A0A6G6SNZ5	182	182	cluster_182	0.9999976645998738
A0A6G7KAI7	187	187	cluster_187	0.9999878963363941
A0A6G7SZE3	0	0	cluster_0	0.9999980087083284
A0A6G7WGN8	187	187	cluster_187	0.9999891858075733
A0A6G8ARE3	187	187	cluster_187	0.9999904303983643
A0A6G8DJS7	181	181	cluster_181	0.9999981597016222
A0A6G8HY03	119	119	cluster_119	0.9993343852730602
A0A6G8L0R5	0	0	cluster_0	0.9999983221704238
A0A6G8U7B9	0	0	cluster_0	0.9999970154146041
A0A6G9IAT4	3	3	cluster_3	0.9999745307463234
A0A6G9QPZ4	208	208	cluster_208	0.9999761262037078
A0A6G9WBH5	0	0	cluster_0	0.9999971987872198
A0A6G9XY87	197	197	cluster_197	0.9999989777247794
A0A6G9YUC0	197	197	cluster_197	0.9999989446648179
A0A6H0A4D1	2	2	cluster_2	0.99999762885799
A0A6H0KQQ8	0	0	cluster_0	0.9999978839804713
A0A6H1NGD5	181	181	cluster_181	0.999999301416338
A0A6H1NLG3	0	0	cluster_0	0.9999985278056678
A0A6H1RFF8	0	0	cluster_0	0.9999987540157188
A0A6H1ZDP0	197	197	cluster_197	0.9999988130709595
A0A6H2A6Q0	17	17	cluster_17	0.9999865422274016
A0A6H9HHD3	103	103	cluster_103	0.999988034580695
A0A6H9YWH6	181	181	cluster_181	0.9999993232105888
A0A6I1AZF0	6	6	cluster_6	0.9999987060013236
A0A6I1NPH9	95	95	cluster_95	0.9999692037077128
A0A6I2G834	5	5	cluster_5	0.999991278377169
A0A6I2G892	0	0	cluster_0	0.9999979694558916
A0A6I2IR61	0	0	cluster_0	0.9999977283265085
A0A6I2MCR1	5	5	cluster_5	0.9999945846900865
A0A6I2RCR7	0	0	cluster_0	0.9999981123637471
A0A6I2SZJ6	192	192	cluster_192	0.9999929492140814
A0A6I2ZCU0	4	4	cluster_4	0.999997610177315
A0A6I3I697	4	4	cluster_4	0.9999977259180504
A0A6I3J634	5	5	cluster_5	0.9999947575427587
A0A6I3VZV6	4	4	cluster_4	0.9999970870643178
A0A6I4MAU5	181	181	cluster_181	0.9999992473313247
A0A6I4MZ18	0	0	cluster_0	0.9999980892065649
A0A6I4RJE5	131	131	cluster_131	0.9999753826073282
A0A6I4V6X0	4	4	cluster_4	0.9999967999113092
A0A6I5L8Z2	4	4	cluster_4	0.999997984235523
A0A6I6A8K3	202	202	cluster_202	0.9999978194121256
A0A6I6DBP1	0	0	cluster_0	0.999998879674597
A0A6I6EK88	101	101	cluster_101	0.9999714463753321
A0A6I6JF97	0	0	cluster_0	0.9999987819649067
A0A6I6L3C8	103	103	cluster_103	0.9999887237675166
A0A6I6SB04	181	181	cluster_181	0.9999991534892265
A0A6I7N7P0	4	4	cluster_4	0.9999976279847599
A0A6I7Q4B3	10	10	cluster_10	0.9999616982527697
A0A6I7X103	4	4	cluster_4	0.9999973043189049
A0A6I9QR34	5	5	cluster_5	0.9999914703478399
A0A6I9QTP4	0	0	cluster_0	0.9999973391891206
A0A6I9REQ2	0	0	cluster_0	0.9999976268282578
A0A6J0IXA6	181	181	cluster_181	0.999998830847969
A0A6J1GL88	4	4	cluster_4	0.9999964876845926
A0A6J4CYB8	6	6	cluster_6	0.9999972344825905
A0A6J4N9P1	181	181	cluster_181	0.9999988679714061
A0A6J4QU75	0	0	cluster_0	0.9999987484248379
A0A6J4R0G5	0	0	cluster_0	0.9999983407042993
A0A6J5BTB0	5	5	cluster_5	0.9999921739448367
A0A6J5KD29	2	2	cluster_2	0.9999977773838926
A0A6J6H3E3	0	0	cluster_0	0.9999982850312866
A0A6L5XDL9	6	6	cluster_6	0.9999987093642781
A0A6L5YMI0	131	131	cluster_131	0.9999827304785306
A0A6L6IH44	95	95	cluster_95	0.9999724996137688
A0A6L6Q8S0	7	7	cluster_7	0.9999984517526851
A0A6L6TNG5	4	4	cluster_4	0.9999971526279574
A0A6L6X137	197	197	cluster_197	0.9999989108960599
A0A6L6Y1J9	6	6	cluster_6	0.999999231445146
A0A6L7IM16	0	0	cluster_0	0.9999978892244209
A0A6L7SQZ7	74	74	cluster_74	0.9999968305617765
A0A6L7WYW5	4	4	cluster_4	0.9999977962964699
A0A6L8E285	181	181	cluster_181	0.9999991806876589
A0A6L9SEW2	4	4	cluster_4	0.9999979805941691
A0A6M0L4R6	4	4	cluster_4	0.9999974966149281
A0A6M0LPW9	4	4	cluster_4	0.9999976043128808
A0A6M0S2Q0	17	17	cluster_17	0.9999844099450439
A0A6M1KY41	0	0	cluster_0	0.9999988841422037
A0A6M1M225	0	0	cluster_0	0.9999979203178101
A0A6M2A4R2	4	4	cluster_4	0.9999974560229897
A0A6M3HDG5	165	165	cluster_165	0.9995123601629085
A0A6M3J7T5	17	17	cluster_17	0.9999872579018755
A0A6M3KZ75	17	17	cluster_17	0.999985652287446
A0A6M3MB12	6	6	cluster_6	0.9999990498808148
A0A6M3Z7Y3	10	10	cluster_10	0.9999519662846325
A0A6M4PF13	197	197	cluster_197	0.9999988850219785
A0A6M5YL18	181	181	cluster_181	0.9999993123716454
A0A6M8UF20	77	77	cluster_77	0.9999880010137289
A0A6N0IG21	2	2	cluster_2	0.9999958721292487
A0A6N1YHM5	0	0	cluster_0	0.9999984262563604
A0A6N2B5N9	5	5	cluster_5	0.9999918821089328
A0A6N2CYS6	0	0	cluster_0	0.9999987391699335
A0A6N2HNV6	181	181	cluster_181	0.9999993898514897
A0A6N2JQ07	6	6	cluster_6	0.9999988857755879
A0A6N2VBM9	3	3	cluster_3	0.9999764263177585
A0A6N2VLC5	0	0	cluster_0	0.9999973132630385
A0A6N4H2V1	4	4	cluster_4	0.9999973958263051
A0A6N4STH9	5	5	cluster_5	0.9999947388323078
A0A6N6MS85	0	0	cluster_0	0.9999975222596466
A0A6N6S0A3	181	181	cluster_181	0.9999990194061755
A0A6N7ANE0	0	0	cluster_0	0.9999988583124491
A0A6N7AR73	181	181	cluster_181	0.9999988814114937
A0A6N7Y1B4	0	0	cluster_0	0.9999979933920397
A0A6N7ZPW0	127	127	cluster_127	0.9999958049241394
A0A6N7ZRP9	72	72	cluster_72	0.9999742529867501
A0A6N8FKW7	0	0	cluster_0	0.9999985049164648
A0A6N8JF31	181	181	cluster_181	0.9999993023745433
A0A6N8UT57	192	192	cluster_192	0.9999915577500732
A0A6N8WCA7	4	4	cluster_4	0.9999975989599793
A0A6N9NX40	0	0	cluster_0	0.9999970854287392
A0A6P0BEU0	0	0	cluster_0	0.9999981828674487
A0A6P0N748	12	12	cluster_12	0.999971624909729
A0A6P0UQ84	5	5	cluster_5	0.9999947307637905
A0A6P1BAZ3	8	8	cluster_8	0.9999610191596942
A0A6P1UB79	182	182	cluster_182	0.9999973443527442
A0A6P1UTT3	208	208	cluster_208	0.9999829738124993
A0A6P1V6D1	2	2	cluster_2	0.9999972400628687
A0A6P1V7I3	123	123	cluster_123	0.9999903601223814
A0A6P1VMY4	181	181	cluster_181	0.999999020286339
A0A6P2DB52	181	181	cluster_181	0.999999332268541
A0A6P4FG72	181	181	cluster_181	0.9999990901078887
A0A6P7MIQ6	5	5	cluster_5	0.9999924053349374
A0A6P8FDS4	181	181	cluster_181	0.9999985654878615
A0A6P8SI98	5	5	cluster_5	0.9999917709463022
A0A6Q2WSQ0	5	5	cluster_5	0.9999904924208457
A0A6S5JWJ8	2	2	cluster_2	0.9999967390837042
A0A6V6YNQ4	181	181	cluster_181	0.9999993068912588
A0A6V8SCA1	0	0	cluster_0	0.9999973173701299
A0A6V8SNK3	5	5	cluster_5	0.999994758029397
A0A6W4RI05	88	88	cluster_88	0.9999957036809962
A0A6W5FZD9	30	30	cluster_30	0.9998618876877783
A0A729G350	3	3	cluster_3	0.999974760712845
A0A729XFV9	6	6	cluster_6	0.9999992108214077
A0A734HNA2	2	2	cluster_2	0.9999975765876411
A0A736P5Z9	182	182	cluster_182	0.9999976214593334
A0A738Z5S4	6	6	cluster_6	0.9999991208217691
A0A748ZIA1	22	22	cluster_22	0.9999719703059051
A0A754AHP3	6	6	cluster_6	0.9999990953284905
A0A756I2J3	2	2	cluster_2	0.9999974356977945
A0A757YPX3	0	0	cluster_0	0.9999979067261306
A0A765TA05	182	182	cluster_182	0.9999972086855636
A0A7C0TXM2	183	183	cluster_183	0.999997168877015
A0A7C0VQU3	0	0	cluster_0	0.9999984993356954
A0A7C1BH06	183	183	cluster_183	0.9999975363668748
A0A7C1BTX6	183	183	cluster_183	0.999996047066882
A0A7C1QU62	197	197	cluster_197	0.999998689130082
A0A7C1S9W8	0	0	cluster_0	0.9999979854432982
A0A7C1TXS0	74	74	cluster_74	0.9999965897310944
A0A7C1VJP6	17	17	cluster_17	0.999986323074985
A0A7C1VX49	5	5	cluster_5	0.9999835790599728
A0A7C1ZEA7	181	181	cluster_181	0.9999992267759213
A0A7C1ZIE2	0	0	cluster_0	0.9999983772624983
A0A7C2CWD8	4	4	cluster_4	0.9999978265927504
A0A7C2HZI8	0	0	cluster_0	0.9999983827528862
A0A7C2LA42	183	183	cluster_183	0.9999968368735314
A0A7C2MN87	183	183	cluster_183	0.9999977948413457
A0A7C2S0Z0	181	181	cluster_181	0.9999989834815938
A0A7C2V697	0	0	cluster_0	0.9999882576781138
A0A7C2Z9C4	183	183	cluster_183	0.999996237226812
A0A7C3AJG2	0	0	cluster_0	0.9999955923496594
A0A7C3CW16	4	4	cluster_4	0.999996942542063
A0A7C3F2E9	0	0	cluster_0	0.9999989489685277
A0A7C3HB31	181	181	cluster_181	0.9999987684085614
A0A7C3K146	0	0	cluster_0	0.9999986340246259
A0A7C3PLL5	0	0	cluster_0	0.9999976106270093
A0A7C3PSQ5	0	0	cluster_0	0.9999983042776102
A0A7C3RWM5	175	175	cluster_175	0.9999980653841816
A0A7C3WNK7	0	0	cluster_0	0.9999982917961289
A0A7C3XK16	0	0	cluster_0	0.9999981454444703
A0A7C4BXS7	0	0	cluster_0	0.9999974811446195
A0A7C4DAR2	183	183	cluster_183	0.9999968390052557
A0A7C4DBW2	181	181	cluster_181	0.9999989712644499
A0A7C4DJ22	181	181	cluster_181	0.9999983824101855
A0A7C4DRR7	183	183	cluster_183	0.9999974799252919
A0A7C4E5N9	181	181	cluster_181	0.9999983273341768
A0A7C4F828	183	183	cluster_183	0.999996750408337
A0A7C4G2Y2	183	183	cluster_183	0.9999969423576809
A0A7C4H004	183	183	cluster_183	0.9999976102535845
A0A7C4H9D9	183	183	cluster_183	0.9999977444158383
A0A7C4HPT2	0	0	cluster_0	0.9999980423325454
A0A7C4JE00	4	4	cluster_4	0.9999933375084363
A0A7C4JLW6	4	4	cluster_4	0.9999833770906684
A0A7C4M7N5	0	0	cluster_0	0.9999978307399408
A0A7C4MA36	183	183	cluster_183	0.9999976447357178
A0A7C4MCK2	69	69	cluster_69	0.9999892871150344
A0A7C4NTS2	183	183	cluster_183	0.999997502251573
A0A7C4QJW0	183	183	cluster_183	0.9999975857829617
A0A7C4S4P9	183	183	cluster_183	0.9999951691965
A0A7C4WAS7	183	183	cluster_183	0.9999973131120132
A0A7C4WIU5	183	183	cluster_183	0.9999976033673694
A0A7C4WSM6	74	74	cluster_74	0.999996205641649
A0A7C4X5W1	0	0	cluster_0	0.999998432361168
A0A7C4Z5I4	0	0	cluster_0	0.999997379051627
A0A7C4ZJC3	103	103	cluster_103	0.9999880852566175
A0A7C4ZXZ0	0	0	cluster_0	0.9999969375035902
A0A7C5EM88	4	4	cluster_4	0.9999973861440103
A0A7C5FU80	10	10	cluster_10	0.999965204770515
A0A7C5GJK3	10	10	cluster_10	0.9999721989965842
A0A7C5MQC4	4	4	cluster_4	0.9999977508192224
A0A7C5TWZ8	183	183	cluster_183	0.9999978689816542
A0A7C5U7H6	183	183	cluster_183	0.9999971760997669
A0A7C5V1E0	183	183	cluster_183	0.9999969786464039
A0A7C5X245	10	10	cluster_10	0.9999710553596015
A0A7C5X7F7	183	183	cluster_183	0.9999971419699585
A0A7C5Y5N4	183	183	cluster_183	0.9999978377153226
A0A7C5YXX6	183	183	cluster_183	0.9999970192072787
A0A7C5ZPM1	0	0	cluster_0	0.9999984590375068
A0A7C6B1J4	0	0	cluster_0	0.999998435562789
A0A7C6HPY4	127	127	cluster_127	0.9999979345427801
A0A7C6J9T3	0	0	cluster_0	0.9999970188098983
A0A7C6LYW8	175	175	cluster_175	0.9999982918826187
A0A7C6YP57	10	10	cluster_10	0.9999687266178161
A0A7C7CPV9	4	4	cluster_4	0.9999975654159261
A0A7C7DZQ4	0	0	cluster_0	0.9999946149049893
A0A7C7EKI3	131	131	cluster_131	0.9999761009394176
A0A7C7PAV6	181	181	cluster_181	0.9999988799588228
A0A7C9GNH4	139	139	cluster_139	0.9998142939130255
A0A7C9GVB6	74	74	cluster_74	0.9999969452815433
A0A7C9PEK1	101	101	cluster_101	0.9999754120990989
A0A7C9R6Z9	0	0	cluster_0	0.9999981116113401
A0A7D4BSG0	74	74	cluster_74	0.9999969802122362
A0A7D5FZZ2	123	123	cluster_123	0.9999903508418654
A0A7D5SWX7	4	4	cluster_4	0.9999977724460241
A0A7D6BUH7	181	181	cluster_181	0.9999980437780457
A0A7D6GS78	0	0	cluster_0	0.9999970426044357
A0A7D6USB9	123	123	cluster_123	0.9999893696668225
A0A7D6VVQ1	5	5	cluster_5	0.9999947186986872
A0A7D7V7C4	4	4	cluster_4	0.9999968921047172
A0A7G1G8V4	0	0	cluster_0	0.9999988919023859
A0A7G1N7U8	127	127	cluster_127	0.9999979214212358
A0A7G2IRC4	181	181	cluster_181	0.9999989370615184
A0A7G2RV69	5	5	cluster_5	0.9999945344289848
A0A7G2SAS3	5	5	cluster_5	0.99999401787587
A0A7G2T5W9	6	6	cluster_6	0.9999987265407998
A0A7G5MXF6	10	10	cluster_10	0.9999619207243398
A0A7G6E130	0	0	cluster_0	0.9999979732510268
A0A7G7MJF7	0	0	cluster_0	0.9999979898271487
A0A7G8VMR7	0	0	cluster_0	0.9999984731334376
A0A7G9FI99	0	0	cluster_0	0.9999959602416592
A0A7G9GWC9	175	175	cluster_175	0.9999983535474027
A0A7G9W9D1	10	10	cluster_10	0.9999649664403314
A0A7H0M8K2	192	192	cluster_192	0.9999936029895357
A0A7H0MIR6	5	5	cluster_5	0.9999944668163124
A0A7H0VBC2	8	8	cluster_8	0.9999640964581995
A0A7H1BAK9	4	4	cluster_4	0.9999973908274779
A0A7H1MCK1	6	6	cluster_6	0.9999984436641899
A0A7H2YMF0	182	182	cluster_182	0.9999978440622923
A0A7H5F1N6	4	4	cluster_4	0.999997243462002
A0A7H8IZ37	181	181	cluster_181	0.9999992627057426
A0A7H8K1D4	181	181	cluster_181	0.9999991931195058
A0A7H8L339	181	181	cluster_181	0.9999993228606625
A0A7H8M914	181	181	cluster_181	0.9999992715083104
A0A7H8N349	197	197	cluster_197	0.9999987108004817
A0A7H8PZJ3	181	181	cluster_181	0.9999987350831303
A0A7H9B077	181	181	cluster_181	0.9999991457059034
A0A7H9FJJ0	145	145	cluster_145	0.9999935648483286
A0A7I7MKC8	0	0	cluster_0	0.9999981271477677
A0A7I8E844	18	18	cluster_18	0.9993485601199819
A0A7I8VAT3	5	5	cluster_5	0.999993793398421
A0A7J0AJI8	8	8	cluster_8	0.9999724710768783
A0A7J2I1Q8	10	10	cluster_10	0.9999629701770175
A0A7J2PK43	6	6	cluster_6	0.9999984069875496
A0A7J2R1X1	181	181	cluster_181	0.9999991713346975
A0A7J2RHN2	0	0	cluster_0	0.9999980878090687
A0A7J2RHT2	0	0	cluster_0	0.9999980978706063
A0A7J2TJB8	0	0	cluster_0	0.9999972066042853
A0A7J2V8T1	183	183	cluster_183	0.9999974059592602
A0A7J2VVV6	151	151	cluster_151	0.9997124864101922
A0A7J2VWC6	50	50	cluster_50	0.9995168470251447
A0A7J2VWF6	151	151	cluster_151	0.9996680992970015
A0A7J2X1N9	10	10	cluster_10	0.9999668088295296
A0A7J2X1Y4	0	0	cluster_0	0.9999975979808852
A0A7J3A0H4	10	10	cluster_10	0.9999646092269088
A0A7J3I6J8	183	183	cluster_183	0.9999968407833266
A0A7J3M5E6	0	0	cluster_0	0.9999970915144588
A0A7J3MXD8	183	183	cluster_183	0.9999973981707172
A0A7J3P9X0	181	181	cluster_181	0.9999973085442824
A0A7J3QAU4	183	183	cluster_183	0.999997201333319
A0A7J3S898	0	0	cluster_0	0.9999978204513924
A0A7J3W5D4	183	183	cluster_183	0.999995926890324
A0A7J3W5X4	10	10	cluster_10	0.9999652699914237
A0A7J3XWJ1	183	183	cluster_183	0.9999970367715987
A0A7J3XYT4	183	183	cluster_183	0.9999971384035455
A0A7J3Z8D7	183	183	cluster_183	0.9999971868371831
A0A7J4YNI7	4	4	cluster_4	0.9999974128057377
A0A7J5AAU7	0	0	cluster_0	0.9999983268810895
A0A7J5DVN6	0	0	cluster_0	0.9999984843809309
A0A7J5GA63	6	6	cluster_6	0.999998825406398
A0A7J5W220	0	0	cluster_0	0.9999982468938503
A0A7J5WYF8	181	181	cluster_181	0.9999988913561392
A0A7J7WLR3	5	5	cluster_5	0.9999912857135866
A0A7J9Q241	0	0	cluster_0	0.9999984145914211
A0A7J9YHL2	0	0	cluster_0	0.9999982901183546
A0A7K1XZ03	0	0	cluster_0	0.9999983235252871
A0A7K2CCR9	0	0	cluster_0	0.9999985736869961
A0A7K2EVI8	181	181	cluster_181	0.9999988955429006
A0A7K2J027	181	181	cluster_181	0.999999337428761
A0A7K2KNC7	181	181	cluster_181	0.9999993275310898
A0A7K2N9P4	176	176	cluster_176	0.9998331615437028
A0A7K2YSF4	181	181	cluster_181	0.9999993267183015
A0A7K3B691	181	181	cluster_181	0.9999992437180747
A0A7K3S0X0	197	197	cluster_197	0.9999988420842175
A0A7K3SBH9	181	181	cluster_181	0.9999993985145322
A0A7K3ZYK3	0	0	cluster_0	0.9999986605492639
A0A7K4AJI0	0	0	cluster_0	0.9999987268805778
A0A7K4AM72	4	4	cluster_4	0.9999977107718206
A0A7K4DHJ4	4	4	cluster_4	0.9999979806711244
A0A7K4G476	0	0	cluster_0	0.9999959008949237
A0A7K6ZJ70	4	4	cluster_4	0.9999961801892268
A0A7K8R055	4	4	cluster_4	0.9999962597499428
A0A7L4P4S2	0	0	cluster_0	0.99999700625277
A0A7L4Q9E5	181	181	cluster_181	0.999998742301466
A0A7L4WF73	130	130	cluster_130	0.9993444081082195
A0A7L5A372	0	0	cluster_0	0.99999850904107
A0A7L5E083	202	202	cluster_202	0.999997019845581
A0A7L5SVI2	0	0	cluster_0	0.9999980501991986
A0A7L5T6Z5	181	181	cluster_181	0.9999993371917529
A0A7L6N304	69	69	cluster_69	0.9999913035744822
A0A7L6N3Z4	69	69	cluster_69	0.9999920977540676
A0A7L9FET9	4	4	cluster_4	0.9999909690050743
A0A7M1Q509	10	10	cluster_10	0.9999611379054724
A0A7M1SVQ6	4	4	cluster_4	0.9999976371695002
A0A7M1T5N8	4	4	cluster_4	0.9999977282958462
A0A7M2C8T2	181	181	cluster_181	0.9999993788108961
A0A7M2GQH8	103	103	cluster_103	0.9999885218652416
A0A7M2QM72	101	101	cluster_101	0.9999718881804384
A0A7M2V601	4	4	cluster_4	0.9999952686399707
A0A7M3LUE9	0	0	cluster_0	0.9999985268770706
A0A7M3LZG4	181	181	cluster_181	0.9999991526893285
A0A7M3MV25	0	0	cluster_0	0.9999986562117241
A0A7M4DTV3	107	107	cluster_107	0.9998768235733924
A0A7R7EL56	0	0	cluster_0	0.9999981010314903
A0A7R7RSL7	197	197	cluster_197	0.9999989855199769
A0A7S4H264	6	6	cluster_6	0.9999990250660561
A0A7S4ZTG0	14	14	cluster_14	0.9999971707642644
A0A7S6MVS2	0	0	cluster_0	0.9999985007052469
A0A7S6U6H0	6	6	cluster_6	0.9999990212676608
A0A7S7T3Q2	5	5	cluster_5	0.9999914847320792
A0A7S8F6D9	0	0	cluster_0	0.9999982053455638
A0A7S9L072	202	202	cluster_202	0.9999965919736749
A0A7T1DXV6	7	7	cluster_7	0.9999984733765537
A0A7T2VX95	2	2	cluster_2	0.9999978978313937
A0A7T7HE15	0	0	cluster_0	0.9999976787787019
A0A7U5GVS6	5	5	cluster_5	0.9999944160891511
A0A7U6QKZ7	0	0	cluster_0	0.9999975417585183
A0A7U8B3X1	6	6	cluster_6	0.9999974979855217
A0A7U8GT71	0	0	cluster_0	0.9999984627614119
A0A7U9NXL8	156	156	cluster_156	0.9996743331362697
A0A7U9RV81	6	6	cluster_6	0.9999987592052549
A0A7U9S8R7	131	131	cluster_131	0.9999780193024583
A0A7U9SLK4	131	131	cluster_131	0.9999798073168387
A0A7V0IFJ3	0	0	cluster_0	0.9999980345394243
A0A7V0Z973	0	0	cluster_0	0.9999982977562025
A0A7V1H5K3	181	181	cluster_181	0.9999985616147001
A0A7V1M5M9	4	4	cluster_4	0.9999979518253196
A0A7V1ZGT2	181	181	cluster_181	0.9999989022932775
A0A7V1ZJF3	175	175	cluster_175	0.9999977862234112
A0A7V1ZVD5	181	181	cluster_181	0.9999990328152069
A0A7V2EM87	0	0	cluster_0	0.9999974041842926
A0A7V2JEN2	10	10	cluster_10	0.999966453715849
A0A7V2JH69	0	0	cluster_0	0.9999984756542829
A0A7V2QFG3	4	4	cluster_4	0.9999977165483614
A0A7V2QHJ4	0	0	cluster_0	0.9999978038907721
A0A7V3QFE4	0	0	cluster_0	0.9999986036935714
A0A7V3RXG1	5	5	cluster_5	0.9999937475913615
A0A7V3UQG5	196	196	cluster_196	0.999997937235511
A0A7V3VBR4	4	4	cluster_4	0.9999979015865288
A0A7V4KHU8	5	5	cluster_5	0.9999925956575438
A0A7V4LYQ6	0	0	cluster_0	0.9999982686883414
A0A7V4XC42	0	0	cluster_0	0.999998220210603
A0A7V5BN78	6	6	cluster_6	0.9999982193257597
A0A7V5CY62	197	197	cluster_197	0.9999983059184059
A0A7V5ERB8	4	4	cluster_4	0.9999978680051557
A0A7V6GAQ3	0	0	cluster_0	0.9999979197446871
A0A7V6J135	5	5	cluster_5	0.999995031010049
A0A7V6U001	103	103	cluster_103	0.9999871277034458
A0A7V7B2W7	4	4	cluster_4	0.9999972602925193
A0A7V7G0A3	181	181	cluster_181	0.9999989102630971
A0A7V7MIF6	181	181	cluster_181	0.9999988411805313
A0A7V7X3B0	4	4	cluster_4	0.999997881597016
A0A7V8BZ85	0	0	cluster_0	0.9999987729561066
A0A7V8CYW1	5	5	cluster_5	0.999994067936117
A0A7V8K1I8	7	7	cluster_7	0.999998430004547
A0A7V9A8P3	0	0	cluster_0	0.9999986596329293
A0A7V9AA96	0	0	cluster_0	0.9999981812227822
A0A7V9MX41	0	0	cluster_0	0.9999974951938768
A0A7V9U8B3	5	5	cluster_5	0.9999922157599743
A0A7W0A248	4	4	cluster_4	0.9999979808784548
A0A7W0I1S1	0	0	cluster_0	0.9999985388064115
A0A7W0Q3C7	0	0	cluster_0	0.9999983935872694
A0A7W0UW27	181	181	cluster_181	0.9999992802859743
A0A7W0ZU24	0	0	cluster_0	0.9999983549858888
A0A7W1HH64	0	0	cluster_0	0.9999985327536761
A0A7W1ILR5	181	181	cluster_181	0.9999992518917099
A0A7W1RF08	0	0	cluster_0	0.9999985903882519
A0A7W1RW23	0	0	cluster_0	0.9999973563394272
A0A7W2J0Q8	175	175	cluster_175	0.999998358847664
A0A7W2Z9G5	101	101	cluster_101	0.9999730915244606
A0A7W3RFL5	0	0	cluster_0	0.9999974342599717
A0A7W3SSW8	0	0	cluster_0	0.9999977761797931
A0A7W3TRZ0	6	6	cluster_6	0.9999987338421907
A0A7W3WSY1	181	181	cluster_181	0.9999992207901426
A0A7W4GU10	4	4	cluster_4	0.9999977960390025
A0A7W4HLB3	10	10	cluster_10	0.9999604166927124
A0A7W4JQX9	0	0	cluster_0	0.9999977885069575
A0A7W4KLJ7	2	2	cluster_2	0.9999960966751231
A0A7W4XZN2	181	181	cluster_181	0.9999993500333794
A0A7W4YTA2	0	0	cluster_0	0.9999983568366574
A0A7W5ASH8	181	181	cluster_181	0.999999366508238
A0A7W5GWB6	6	6	cluster_6	0.999998853912958
A0A7W5H2E7	0	0	cluster_0	0.9999984922134187
A0A7W5K0F7	74	74	cluster_74	0.9999969677576283
A0A7W5QL63	103	103	cluster_103	0.9999885897765023
A0A7W6B0K6	0	0	cluster_0	0.9999972796697713
A0A7W6EEJ8	17	17	cluster_17	0.9999852485647102
A0A7W6KDF5	0	0	cluster_0	0.9999976746091461
A0A7W6LX24	103	103	cluster_103	0.9999875037356553
A0A7W6RX85	0	0	cluster_0	0.9999982241639301
A0A7W6SFS9	0	0	cluster_0	0.9999973475549242
A0A7W7G9J5	197	197	cluster_197	0.9999987660353996
A0A7W7N3W9	0	0	cluster_0	0.999997679071089
A0A7W7ZCY8	182	182	cluster_182	0.9999979167056579
A0A7W8BKU4	0	0	cluster_0	0.99999833996584
A0A7W8FTD1	74	74	cluster_74	0.9999935062498256
A0A7W8JF42	74	74	cluster_74	0.9999936742499596
A0A7W8JW03	5	5	cluster_5	0.9999951402141048
A0A7W8KQZ2	0	0	cluster_0	0.9999985554826166
A0A7W8UQX9	2	2	cluster_2	0.9999974995382601
A0A7W8WLT0	2	2	cluster_2	0.9999975434433528
A0A7W8ZL34	4	4	cluster_4	0.999997507102806
A0A7W9LPV4	127	127	cluster_127	0.9999980001411388
A0A7W9SLM9	181	181	cluster_181	0.9999992426878024
A0A7W9T689	181	181	cluster_181	0.9999989176976335
A0A7X0LWB4	17	17	cluster_17	0.9999870638029135
A0A7X0P347	0	0	cluster_0	0.9999981488532693
A0A7X0VYA8	0	0	cluster_0	0.9999977091318614
A0A7X0W4Y2	97	97	cluster_97	0.9999003778488139
A0A7X0WGQ1	88	88	cluster_88	0.9999956434933113
A0A7X0X9I9	15	15	cluster_15	0.9998550685045055
A0A7X0X9M6	177	177	cluster_177	0.9996973162454181
A0A7X0XBX8	88	88	cluster_88	0.9999956711761158
A0A7X0XM77	88	88	cluster_88	0.9999960224899505
A0A7X0ZEC6	114	114	cluster_114	0.9992753335741811
A0A7X0ZFI6	15	15	cluster_15	0.999856427293741
A0A7X0ZGX8	181	181	cluster_181	0.9999993044336182
A0A7X1BTS0	101	101	cluster_101	0.9999780764238104
A0A7X1CJZ2	175	175	cluster_175	0.9999978580994385
A0A7X1LN05	208	208	cluster_208	0.9999833281079008
A0A7X1NH29	2	2	cluster_2	0.9999980026294031
A0A7X1ZD93	0	0	cluster_0	0.999998128135311
A0A7X2BTZ4	2	2	cluster_2	0.9999976976186499
A0A7X2G1R9	6	6	cluster_6	0.9999987824377988
A0A7X2L2U6	0	0	cluster_0	0.999998421145435
A0A7X2NM68	0	0	cluster_0	0.9999967265281673
A0A7X2VHX6	116	116	cluster_116	0.9992106291417177
A0A7X2ZAI6	4	4	cluster_4	0.999997900877344
A0A7X3G8I8	131	131	cluster_131	0.9999797410709491
A0A7X3H2S2	0	0	cluster_0	0.9999981487690659
A0A7X3M513	0	0	cluster_0	0.9999987624089013
A0A7X3MRT9	0	0	cluster_0	0.9999983662553072
A0A7X3P015	17	17	cluster_17	0.9999856985816147
A0A7X3VS49	17	17	cluster_17	0.9999838835903587
A0A7X3ZZ62	0	0	cluster_0	0.9999971014556625
A0A7X4ZA69	17	17	cluster_17	0.9999875601922513
A0A7X5HWF2	131	131	cluster_131	0.9999739931493936
A0A7X5I636	182	182	cluster_182	0.9999964231145484
A0A7X5QHM3	192	192	cluster_192	0.9999932374790105
A0A7X6J8I3	14	14	cluster_14	0.9999972768057555
A0A7X6X7H7	10	10	cluster_10	0.9999705613010998
A0A7X6ZSL8	17	17	cluster_17	0.9999876457504554
A0A7X7B4Y0	0	0	cluster_0	0.999997920102372
A0A7X7H5E3	181	181	cluster_181	0.9999990724476707
A0A7X7I130	0	0	cluster_0	0.9999975361787308
A0A7X7J1I3	0	0	cluster_0	0.9999985878806757
A0A7X7N701	181	181	cluster_181	0.9999989621059265
A0A7X7THV5	0	0	cluster_0	0.9999984727777624
A0A7X7YU53	10	10	cluster_10	0.9999683614382534
A0A7X8C7R5	0	0	cluster_0	0.9999983046226683
A0A7X8DCI6	5	5	cluster_5	0.9999944402068839
A0A7X8GV85	4	4	cluster_4	0.9999974562277989
A0A7X8L5K6	131	131	cluster_131	0.9999798907746927
A0A7X8LD53	6	6	cluster_6	0.9999986521184936
A0A7X8REB6	0	0	cluster_0	0.999997013473738
A0A7X8S4U1	103	103	cluster_103	0.999988683159056
A0A7X8WDR1	91	91	cluster_91	0.9996178360628575
A0A7X8Z042	0	0	cluster_0	0.9999986786101055
A0A7X8Z5R0	4	4	cluster_4	0.9999979949554362
A0A7X9B3U1	181	181	cluster_181	0.999999196571006
A0A7X9BLH3	0	0	cluster_0	0.9999985942862298
A0A7X9BQ49	10	10	cluster_10	0.9999544549810089
A0A7X9BY54	0	0	cluster_0	0.9999979157807949
A0A7X9MTT8	4	4	cluster_4	0.9999975021169858
A0A7X9P7K8	5	5	cluster_5	0.999993646448834
A0A7X9PDB7	0	0	cluster_0	0.9999971789010215
A0A7X9PEV5	0	0	cluster_0	0.9999988782904888
A0A7X9RZA8	181	181	cluster_181	0.9999993312803395
A0A7X9SJR9	10	10	cluster_10	0.999965898013018
A0A7Y0H0B8	0	0	cluster_0	0.9999986060237386
A0A7Y0HAT3	192	192	cluster_192	0.9999939858647132
A0A7Y1EYP3	0	0	cluster_0	0.999998641276453
A0A7Y1X9B1	0	0	cluster_0	0.9999982469008311
A0A7Y1ZNX7	4	4	cluster_4	0.9999975181239265
A0A7Y2EZD9	0	0	cluster_0	0.9999970141528265
A0A7Y2MAD8	74	74	cluster_74	0.9999969834568387
A0A7Y2TLH3	0	0	cluster_0	0.9999978062318684
A0A7Y2TMN9	4	4	cluster_4	0.9999975152991731
A0A7Y3P5K3	0	0	cluster_0	0.9999982392568025
A0A7Y3Q409	182	182	cluster_182	0.9999980185970101
A0A7Y3RAH2	0	0	cluster_0	0.9999978271001873
A0A7Y3TF55	0	0	cluster_0	0.9999972379093337
A0A7Y3W3M6	0	0	cluster_0	0.9999980561300844
A0A7Y4AZI7	192	192	cluster_192	0.999986278565819
A0A7Y4ED74	182	182	cluster_182	0.9999975988671567
A0A7Y4F1P6	101	101	cluster_101	0.9999724005900847
A0A7Y4GUW1	4	4	cluster_4	0.999996504482942
A0A7Y4RQQ5	4	4	cluster_4	0.9999976537897082
A0A7Y4XGS7	0	0	cluster_0	0.999998955548075
A0A7Y5DRL5	202	202	cluster_202	0.9999973269709502
A0A7Y5ESZ9	10	10	cluster_10	0.9999668422616586
A0A7Y5GSC2	0	0	cluster_0	0.9999983286905931
A0A7Y5GYG3	6	6	cluster_6	0.9999987208113762
A0A7Y5KZE8	4	4	cluster_4	0.9999974902279223
A0A7Y5M0C4	0	0	cluster_0	0.9999979841483786
A0A7Y5PKY7	4	4	cluster_4	0.9999965266025372
A0A7Y5SCD4	0	0	cluster_0	0.9999987709382108
A0A7Y6C199	0	0	cluster_0	0.9999984506294284
A0A7Y6Q0J1	0	0	cluster_0	0.999998061184834
A0A7Y6TTU6	6	6	cluster_6	0.9999989962175818
A0A7Y6TZ16	2	2	cluster_2	0.9999976432813876
A0A7Y7NJ03	0	0	cluster_0	0.9999981083192824
A0A7Y7NWF4	4	4	cluster_4	0.999997777955916
A0A7Y7SQ27	2	2	cluster_2	0.9999973218822386
A0A7Y8JBH1	5	5	cluster_5	0.9999942834356116
A0A7Y8M068	0	0	cluster_0	0.9999985185541931
A0A7Y8S2G2	131	131	cluster_131	0.9999809727208938
A0A7Y9EM15	181	181	cluster_181	0.9999993118270833
A0A7Y9JBE1	0	0	cluster_0	0.9999979973804197
A0A7Y9S1B9	0	0	cluster_0	0.9999979520464873
A0A7Y9W1N6	182	182	cluster_182	0.9999972595863557
A0A7Y9WHX9	5	5	cluster_5	0.99999185602712
A0A7Z0S5Y9	74	74	cluster_74	0.9999970525110493
A0A7Z0SUJ9	5	5	cluster_5	0.9999945030474492
A0A7Z0WHV0	127	127	cluster_127	0.9999981165496286
A0A7Z1TH59	2	2	cluster_2	0.9999971285823958
A0A7Z7FNN6	2	2	cluster_2	0.999997968070969
A0A7Z7PT04	0	0	cluster_0	0.9999983987299031
A0A7Z7VNZ8	208	208	cluster_208	0.9999779538683401
A0A811BR59	2	2	cluster_2	0.9999974043660917
A0A813PQ26	14	14	cluster_14	0.9999951665122108
A0A815PRD6	181	181	cluster_181	0.9999992145985925
A0A817B1N5	5	5	cluster_5	0.9999944570929479
A0A821EZK9	14	14	cluster_14	0.9999966450745995
A0A822V658	0	0	cluster_0	0.9999966725123881
A0A823IYL9	114	114	cluster_114	0.999316016531827
A0A823J4W2	177	177	cluster_177	0.9997777578185847
A0A829YGA1	2	2	cluster_2	0.9999976899364218
A0A830EKN2	10	10	cluster_10	0.9999716053649685
A0A831UB78	181	181	cluster_181	0.9999989046449126
A0A832CCQ3	0	0	cluster_0	0.9999972832599128
A0A832CLH1	183	183	cluster_183	0.9999973295215473
A0A832FU22	10	10	cluster_10	0.9999651807913397
A0A832HA98	4	4	cluster_4	0.9999974710805398
A0A832HT82	10	10	cluster_10	0.9999607450977085
A0A832M0J0	183	183	cluster_183	0.9999961859213353
A0A832MB68	181	181	cluster_181	0.9999993064680479
A0A832NQG8	0	0	cluster_0	0.9999981398945567
A0A832RS45	181	181	cluster_181	0.9999988177408736
A0A832RUW3	74	74	cluster_74	0.9999952857993746
A0A832S876	0	0	cluster_0	0.999998693918919
A0A832T0Y3	0	0	cluster_0	0.999996464637607
A0A832VE90	0	0	cluster_0	0.9999984063780468
A0A835KPF9	0	0	cluster_0	0.9999974361998648
A0A836TC20	4	4	cluster_4	0.999997502666914
A0A837RLB1	181	181	cluster_181	0.9999986426259083
A0A838EH79	181	181	cluster_181	0.9999993327645842
A0A838S422	5	5	cluster_5	0.9999923799552599
A0A838YJ59	0	0	cluster_0	0.9999985530378375
A0A838Z1Z3	4	4	cluster_4	0.999997527353615
A0A839RI50	4	4	cluster_4	0.999997560453659
A0A839WLW3	2	2	cluster_2	0.9999974396108224
A0A840D808	0	0	cluster_0	0.9999979804953608
A0A840FVS2	182	182	cluster_182	0.9999970272397711
A0A840FVV2	0	0	cluster_0	0.999998422051967
A0A840UMI5	175	175	cluster_175	0.9999984997378363
A0A840VI55	74	74	cluster_74	0.9999966887356813
A0A840YG56	0	0	cluster_0	0.9999972189018842
A0A841GX56	0	0	cluster_0	0.9999980750306479
A0A842AFU9	175	175	cluster_175	0.9999982127530246
A0A842B0R8	10	10	cluster_10	0.9999738450333847
A0A842CZK2	0	0	cluster_0	0.9999980439717873
A0A842G382	10	10	cluster_10	0.9999690856495154
A0A842M336	0	0	cluster_0	0.9999984698627157
A0A842SZS8	0	0	cluster_0	0.9999979682242933
A0A842TP36	4	4	cluster_4	0.9999980520455998
A0A842UDS3	6	6	cluster_6	0.9999988235026166
A0A842W4Q7	181	181	cluster_181	0.9999989836642118
A0A842W6H2	197	197	cluster_197	0.9999979714524466
A0A842X888	181	181	cluster_181	0.9999990986720887
A0A842Y7E9	0	0	cluster_0	0.9999987622644139
A0A843BQF2	6	6	cluster_6	0.9999984757575334
A0A843HU57	181	181	cluster_181	0.9999973344815638
A0A844SB32	196	196	cluster_196	0.9999980679234907
A0A844TZV4	4	4	cluster_4	0.9999972801033554
A0A844X4T5	6	6	cluster_6	0.9999992425713365
A0A845BAH8	0	0	cluster_0	0.9999983655665414
A0A845L102	0	0	cluster_0	0.9999974401021426
A0A845LB71	6	6	cluster_6	0.9999989951619371
A0A845QYG2	175	175	cluster_175	0.9999983357431459
A0A845RB56	17	17	cluster_17	0.9999862006802278
A0A845UMH8	74	74	cluster_74	0.9999968410173238
A0A847CPF8	4	4	cluster_4	0.999997811288378
A0A847JBR5	0	0	cluster_0	0.9999982663396807
A0A847KZY0	4	4	cluster_4	0.9999976554284288
A0A847LBU2	4	4	cluster_4	0.9999974214458429
A0A847QN33	0	0	cluster_0	0.9999981096078665
A0A847T5F1	0	0	cluster_0	0.9999975342380638
A0A847YL98	4	4	cluster_4	0.9999977585385007
A0A848CWU3	175	175	cluster_175	0.9999983404242265
A0A848GEU6	4	4	cluster_4	0.9999983947842715
A0A848NFB6	2	2	cluster_2	0.9999976688791883
A0A848PX29	4	4	cluster_4	0.9999977421151517
A0A848ZQW1	0	0	cluster_0	0.9999985719818869
A0A849FD78	181	181	cluster_181	0.9999993182500058
A0A849M8T8	181	181	cluster_181	0.9999991000113864
A0A849MMS2	4	4	cluster_4	0.9999971720649145
A0A849T946	10	10	cluster_10	0.9999680612340491
A0A849WCN8	0	0	cluster_0	0.9999987286542421
A0A850DJA9	127	127	cluster_127	0.999997413294222
A0A850JBS5	181	181	cluster_181	0.9999992304294247
A0A850LJR8	4	4	cluster_4	0.9999974838864621
A0A850MHK7	4	4	cluster_4	0.9999976693894167
A0A850RE71	2	2	cluster_2	0.9999976035167624
A0A851G2N2	123	123	cluster_123	0.9999889259878093
A0A851G347	2	2	cluster_2	0.999997392281838
A0A851I322	131	131	cluster_131	0.9999803481124682
A0A851I3G7	88	88	cluster_88	0.999995337253609
A0A851IC01	131	131	cluster_131	0.9999809906339431
A0A851IEN4	175	175	cluster_175	0.9999980738910239
A0A852XHX6	4	4	cluster_4	0.9999977642298743
A0A853DKR2	0	0	cluster_0	0.9999983035649842
A0A853FYB6	196	196	cluster_196	0.9999981444177555
A0A853GRN0	196	196	cluster_196	0.9999985095554965
A0A853H8V0	4	4	cluster_4	0.9999973930661421
A0A855NEP2	6	6	cluster_6	0.9999979070787073
A0A857DJY8	0	0	cluster_0	0.9999977310330074
A0A858QC68	4	4	cluster_4	0.9999972951225538
A0A859FCV8	4	4	cluster_4	0.9999977538683775
A0A859IEM0	6	6	cluster_6	0.9999982512824872
A0A894KLM0	5	5	cluster_5	0.9999951757494533
A0A897NLI3	0	0	cluster_0	0.9999973566135156
A0A8A4KAP3	123	123	cluster_123	0.9999907906363322
A0A8B3DK38	101	101	cluster_101	0.9999739712263418
A0A8B5ZK83	74	74	cluster_74	0.9999934712712559
A0A8B6IUU9	0	0	cluster_0	0.9999982439043608
A0A8B7AP87	4	4	cluster_4	0.9999958520893656
A0A8B8ULH6	181	181	cluster_181	0.9999992280553579
A0A8B9D4F4	5	5	cluster_5	0.9999912438112954
A0A8C2E417	5	5	cluster_5	0.9999907647092281
A0A8C2GWH1	5	5	cluster_5	0.9999909473985998
A0A8C3F7X7	5	5	cluster_5	0.9999907226420176
A0A8C4ZFH6	5	5	cluster_5	0.999989423729663
A0A8C4ZHX9	4	4	cluster_4	0.9999957955724629
A0A8C5BDH6	5	5	cluster_5	0.9999909041234524
A0A8C7GZ46	4	4	cluster_4	0.9999970314728027
A0A8C7K0S7	4	4	cluster_4	0.9999970950106978
A0A8C8FI13	5	5	cluster_5	0.9999899699091213
A0A8C9U2F4	5	5	cluster_5	0.9999908455129682
A0A8D4VNT4	4	4	cluster_4	0.9999973199723663
A0A8D5U4S4	183	183	cluster_183	0.9999968565414689
A0A8D5U6Q3	0	0	cluster_0	0.9999966240407425
A0A8D8SYS6	181	181	cluster_181	0.9999985566493057
A0A8E0I4D3	5	5	cluster_5	0.9999947843039565
A0A8E0SDX2	0	0	cluster_0	0.9999982224455377
A0A8E0VC36	0	0	cluster_0	0.9999982752920508
A0A8E1RZ45	192	192	cluster_192	0.9999935178081143
A0A8E2BCJ0	0	0	cluster_0	0.9999986242194417
A0A8E4MC86	5	5	cluster_5	0.9999945558394915
A0A8F2B0J1	4	4	cluster_4	0.9999977085181391
A0A8F5C1V0	181	181	cluster_181	0.9999977702111789
A0A8F5GV21	183	183	cluster_183	0.9999975326706668
A0A8F7N4P3	0	0	cluster_0	0.9999987874528605
A0A8F7UGC1	2	2	cluster_2	0.9999976752685351
A0A8G2C406	74	74	cluster_74	0.9999931691292692
A0A8H2VDA0	181	181	cluster_181	0.9999993388913847
A0A8H3QZ02	5	5	cluster_5	0.9999930508653884
A0A8H9IPG8	0	0	cluster_0	0.999998727251545
A0A8H9QUF4	17	17	cluster_17	0.9999898245269668
A0A8H9TUQ5	2	2	cluster_2	0.9999970770149773
A0A8I0BM05	182	182	cluster_182	0.9999981639654341
A0A8I0E3Z7	0	0	cluster_0	0.9999976543419012
A0A8I0M3Q8	0	0	cluster_0	0.9999972156210649
A0A8I1RGF8	0	0	cluster_0	0.999998196157643
A0A8I1UQS6	0	0	cluster_0	0.9999975757017342
A0A8I2B4V4	2	2	cluster_2	0.9999970774911026
A0A8J2T4N7	181	181	cluster_181	0.9999991409775105
A0A8J2TP66	4	4	cluster_4	0.9999973096606514
A0A8J2VHP5	0	0	cluster_0	0.9999976957203769
A0A8J2ZWM7	17	17	cluster_17	0.999986492405208
A0A8J3AHV3	4	4	cluster_4	0.9999975231910192
A0A8J3D1J2	202	202	cluster_202	0.9999974690856877
A0A8J3FST0	197	197	cluster_197	0.999998993607235
A0A8J3FTD8	197	197	cluster_197	0.9999989549783564
A0A8J3GMY9	103	103	cluster_103	0.9999871425054996
A0A8J3L022	0	0	cluster_0	0.9999984831084653
A0A8J3WI52	0	0	cluster_0	0.9999982784952302
A0A8J3YD85	0	0	cluster_0	0.9999982785985055
A0A8J4DES2	0	0	cluster_0	0.9999987359136419
A0A8J4FAD4	0	0	cluster_0	0.9999983338019425
A0A8J4YAT8	5	5	cluster_5	0.9999941531500406
A0A8J6J4B5	4	4	cluster_4	0.9999973357401979
A0A8J6R640	4	4	cluster_4	0.999997262471095
A0A8J6STD7	6	6	cluster_6	0.9999993045411841
A0A8J6V8X3	6	6	cluster_6	0.9999990834585999
A0A8J6Y575	181	181	cluster_181	0.9999991174641546
A0A8J6Z960	4	4	cluster_4	0.999997234263167
A0A8J7CXU6	6	6	cluster_6	0.9999990689109256
A0A8J7GM40	197	197	cluster_197	0.9999989612728302
A0A8J7JN47	6	6	cluster_6	0.9999987017778663
A0A8J7Q2U5	181	181	cluster_181	0.9999993526633406
A0A8J7R3F4	0	0	cluster_0	0.9999980010665603
A0A8J7ZK75	0	0	cluster_0	0.999996621495567
A0A8J8BSJ0	181	181	cluster_181	0.9999989688039477
A0A8J8EE43	0	0	cluster_0	0.9999965704317098
A0A8J8IYN7	0	0	cluster_0	0.9999920207649952
A0A8J8K305	0	0	cluster_0	0.9999983757650812
A0A8J8MEW2	0	0	cluster_0	0.9999978066271084
A0A8J8MNR8	0	0	cluster_0	0.9999975345090464
A0A8M0FGS8	3	3	cluster_3	0.9999725215523688
A0A8S0WLY5	6	6	cluster_6	0.999998250632934
A0A8S7EG33	2	2	cluster_2	0.9999970339168198
A0A8T0AWH5	181	181	cluster_181	0.9999991261033417
A0A8T0JP32	0	0	cluster_0	0.9999979815375065
A0A8T2BM23	0	0	cluster_0	0.9999984398736492
A0A8T3KWB5	74	74	cluster_74	0.9999968228508317
A0A8T3NK70	5	5	cluster_5	0.9999916758397202
A0A8T3W2U3	0	0	cluster_0	0.999997795609808
A0A8T3XE41	0	0	cluster_0	0.9999986100959783
A0A8T4MTW9	181	181	cluster_181	0.99999921345604
A0A8T4PRB2	0	0	cluster_0	0.9999981707675408
A0A8T4UXN6	181	181	cluster_181	0.9999993354257382
A0A8T4V3T2	0	0	cluster_0	0.9999988021344342
A0A8T4WEG0	0	0	cluster_0	0.9999985892387481
A0A8T5H1U1	0	0	cluster_0	0.9999985800990061
A0A8T5IAN8	0	0	cluster_0	0.9999986079950732
A0A8T5LRQ0	0	0	cluster_0	0.9999978190616269
A0A8T5M6G4	0	0	cluster_0	0.9999986882680221
A0A8T5NE89	0	0	cluster_0	0.9999983198428722
A0A8T5QXQ1	196	196	cluster_196	0.9999978845826075
A0A8T5R6K4	0	0	cluster_0	0.9999984593935574
A0A8T5T3E7	17	17	cluster_17	0.9999826102736524
A0A8T5T4M3	0	0	cluster_0	0.9999985611761114
A0A8T5U730	17	17	cluster_17	0.9999888190106526
A0A8T5UH17	0	0	cluster_0	0.9999985209423599
A0A8T5XQM0	10	10	cluster_10	0.9999545759382368
A0A8T6G746	181	181	cluster_181	0.9999992070285784
A0A8T6M651	181	181	cluster_181	0.9999983958950281
A0A8T7FL09	4	4	cluster_4	0.999997580588476
A0A8T7GQ01	183	183	cluster_183	0.9999961757002566
A0A8T8E1Y5	181	181	cluster_181	0.9999983448475098
A0A8T8IAG6	0	0	cluster_0	0.9999986076518839
A0A8W8J757	181	181	cluster_181	0.9999992291910142
A0A8X6ETY5	6	6	cluster_6	0.9999989688617227
A0A8X8C815	0	0	cluster_0	0.9999980656623333
A0A913Y1Q7	5	5	cluster_5	0.9999932268045629
A0A915Q9D6	19	19	cluster_19	0.9995905086692716
A0A916A6C1	74	74	cluster_74	0.9999959831635941
A0A916CQD4	4	4	cluster_4	0.9999977777617558
A0A916EP14	2	2	cluster_2	0.999997602615
A0A916G826	6	6	cluster_6	0.9999991530301394
A0A916HZ82	0	0	cluster_0	0.9999987677369478
A0A916I5Q9	181	181	cluster_181	0.9999993300456628
A0A917DD97	0	0	cluster_0	0.9999985090612906
A0A917GS28	0	0	cluster_0	0.9999975977168825
A0A917K7L7	0	0	cluster_0	0.999998931357075
A0A917UVM5	0	0	cluster_0	0.999996574379698
A0A917WWG1	181	181	cluster_181	0.9999992954843496
A0A917XGR6	181	181	cluster_181	0.9999993039176407
A0A917Z319	182	182	cluster_182	0.9999982216082423
A0A918F499	0	0	cluster_0	0.9999988487888302
A0A918NZF1	4	4	cluster_4	0.9999969979877357
A0A918ZET7	181	181	cluster_181	0.9999991856905884
A0A919B2V8	197	197	cluster_197	0.9999989803170529
A0A919BRN2	6	6	cluster_6	0.9999989880490017
A0A919EEZ6	197	197	cluster_197	0.9999988335612532
A0A919EGN6	181	181	cluster_181	0.9999991942879819
A0A919PH84	0	0	cluster_0	0.999998458778485
A0A919PSW4	6	6	cluster_6	0.9999985110063176
A0A919WZ62	0	0	cluster_0	0.9999972163056404
A0A919X635	0	0	cluster_0	0.9999987125098616
A0A919XA24	0	0	cluster_0	0.9999973593956196
A0A920R255	0	0	cluster_0	0.9999986119813241
A0A921L6F5	0	0	cluster_0	0.9999980413323263
A0A921SUG3	6	6	cluster_6	0.9999987639306491
A0A923CR05	0	0	cluster_0	0.9999976462536148
A0A923E5M9	0	0	cluster_0	0.9999970283277172
A0A923FAZ3	74	74	cluster_74	0.9999966223951633
A0A923M867	182	182	cluster_182	0.9999972548411595
A0A923MDE4	2	2	cluster_2	0.9999975015968955
A0A923S8K0	69	69	cluster_69	0.9999797047188218
A0A923XKA0	0	0	cluster_0	0.9999982903089291
A0A924GW39	192	192	cluster_192	0.9999939006478394
A0A924KT45	4	4	cluster_4	0.999997041487505
A0A924R9V1	0	0	cluster_0	0.9999982564544899
A0A924SM71	192	192	cluster_192	0.9999934719929259
A0A925CM97	181	181	cluster_181	0.999999242944863
A0A925DRV7	0	0	cluster_0	0.9999983282425583
A0A925LQT8	0	0	cluster_0	0.9999982177719022
A0A925MC29	0	0	cluster_0	0.9999984072925862
A0A925PIE2	0	0	cluster_0	0.9999980297509136
A0A925S974	196	196	cluster_196	0.9999977392050321
A0A925XAL7	181	181	cluster_181	0.9999992502832203
A0A926D3J6	12	12	cluster_12	0.9999124118226522
A0A926U8W5	4	4	cluster_4	0.9999974101069029
A0A927A7Y7	6	6	cluster_6	0.9999989921233767
A0A927CRA7	5	5	cluster_5	0.9999945026605235
A0A927CVJ3	0	0	cluster_0	0.9999975800920888
A0A927LEF7	4	4	cluster_4	0.9999975588949042
A0A927QC01	22	22	cluster_22	0.9999751645124494
A0A927QZT8	181	181	cluster_181	0.9999991321355006
A0A927S158	4	4	cluster_4	0.9999979244698656
A0A927SMX5	0	0	cluster_0	0.9999985541173937
A0A927Y0F2	5	5	cluster_5	0.999995335347841
A0A927Z2W2	0	0	cluster_0	0.9999986269049246
A0A928AB58	187	187	cluster_187	0.9999837498660397
A0A928BYW6	6	6	cluster_6	0.9999985429495224
A0A928DVS4	196	196	cluster_196	0.9999973562232296
A0A928L4V8	17	17	cluster_17	0.9999846839580401
A0A928QQL1	17	17	cluster_17	0.9999841264186052
A0A928U5A9	0	0	cluster_0	0.9999988609344242
A0A928U9N1	181	181	cluster_181	0.999998955560379
A0A928XBM2	197	197	cluster_197	0.9999986928342197
A0A928YSE3	4	4	cluster_4	0.9999970854619922
A0A929D4J9	4	4	cluster_4	0.9999972698487302
A0A929KFH0	181	181	cluster_181	0.9999992925653909
A0A929PE58	0	0	cluster_0	0.9999978186800222
A0A929TRJ5	5	5	cluster_5	0.9999950202877294
A0A929VQV4	131	131	cluster_131	0.9999793188319265
A0A930BC59	44	44	cluster_44	0.9999322710181437
A0A930FH97	164	164	cluster_164	0.9997256014223259
A0A930QMK2	131	131	cluster_131	0.9999785547106961
A0A930R510	187	187	cluster_187	0.9999901190256164
A0A930SD18	181	181	cluster_181	0.9999993427919796
A0A930SQU6	4	4	cluster_4	0.9999972812448212
A0A931BA27	181	181	cluster_181	0.9999985580112541
A0A931DNT5	181	181	cluster_181	0.9999990359578464
A0A931E036	0	0	cluster_0	0.9999977204959568
A0A931RZM9	0	0	cluster_0	0.999998309716797
A0A931VR21	181	181	cluster_181	0.9999992070181354
A0A932BZV2	0	0	cluster_0	0.9999975932325215
A0A932EJ77	181	181	cluster_181	0.9999985914377588
A0A932HFJ8	0	0	cluster_0	0.9999982247926905
A0A932TIW6	0	0	cluster_0	0.9999984623806271
A0A932U4L8	10	10	cluster_10	0.9999666105942943
A0A933BGW1	181	181	cluster_181	0.9999988417673108
A0A933DQ52	196	196	cluster_196	0.9999982500855324
A0A933G7X6	0	0	cluster_0	0.9999982846957463
A0A933GXM0	0	0	cluster_0	0.9999989660471246
A0A933IWH4	0	0	cluster_0	0.9999985782642223
A0A933RMV1	181	181	cluster_181	0.999998943075888
A0A933XCE9	0	0	cluster_0	0.9999973205619872
A0A934A6D2	6	6	cluster_6	0.9999990895087679
A0A934BN01	8	8	cluster_8	0.9999760929417908
A0A934MIK1	0	0	cluster_0	0.9999975947806427
A0A934QPM8	0	0	cluster_0	0.9999982967320903
A0A934V096	0	0	cluster_0	0.9999976372418591
A0A935AA14	10	10	cluster_10	0.9999686121018051
A0A935AU38	181	181	cluster_181	0.9999992632314268
A0A935L489	0	0	cluster_0	0.9999989617768049
A0A935M1J8	17	17	cluster_17	0.9999872699574376
A0A935NFX2	5	5	cluster_5	0.9999926286290463
A0A935PYJ4	10	10	cluster_10	0.9999628381382091
A0A936AD28	2	2	cluster_2	0.9999978668255273
A0A936E0N2	181	181	cluster_181	0.9999986368699866
A0A936QLX9	0	0	cluster_0	0.9999979586934096
A0A936TQH1	2	2	cluster_2	0.9999977600817024
A0A936ZTQ4	2	2	cluster_2	0.9999977790554343
A0A937HTD0	0	0	cluster_0	0.9999982817672317
A0A937MFR3	181	181	cluster_181	0.9999989246457346
A0A937NMZ1	0	0	cluster_0	0.9999990797228151
A0A937V1J7	6	6	cluster_6	0.9999990507788992
A0A937ZBI3	4	4	cluster_4	0.9999964353145209
A0A938AD31	74	74	cluster_74	0.999996847731423
A0A938H497	0	0	cluster_0	0.9999981912866988
A0A938MDX6	0	0	cluster_0	0.9999979266841218
A0A938T5N2	4	4	cluster_4	0.9999976223234569
A0A938WHB7	192	192	cluster_192	0.9999943426792224
A0A939BCL9	0	0	cluster_0	0.999998861909157
A0A939H3A4	6	6	cluster_6	0.9999988920681369
A0A939HVL5	0	0	cluster_0	0.9999984256838261
A0A939IFF7	6	6	cluster_6	0.9999990516772173
A0A939PPW5	181	181	cluster_181	0.9999992901890584
A0A940B5X6	0	0	cluster_0	0.9999979685583807
A0A940CVS8	0	0	cluster_0	0.999998804246441
A0A940I6K7	4	4	cluster_4	0.9999977738581111
A0A940P4T5	187	187	cluster_187	0.9999895829462104
A0A940SFZ5	0	0	cluster_0	0.9999986786077434
A0A941R5X1	0	0	cluster_0	0.9999987399871428
A0A941TSU3	0	0	cluster_0	0.9999984110376402
A0A941Z6E0	2	2	cluster_2	0.9999975634512486
A0A942EC33	6	6	cluster_6	0.9999984648746554
A0A942F581	0	0	cluster_0	0.9999978186058097
A0A942HB72	6	6	cluster_6	0.9999989118282924
A0A942IF04	0	0	cluster_0	0.9999987898734031
A0A942MWW7	0	0	cluster_0	0.9999985556894079
A0A942VZ71	130	130	cluster_130	0.9992816857621867
A0A942W3Y7	187	187	cluster_187	0.9999754828917546
A0A942Z784	10	10	cluster_10	0.9999599033486437
A0A943G2F7	8	8	cluster_8	0.9999593593046623
A0A943L596	17	17	cluster_17	0.9999859344665847
A0A944E4U9	197	197	cluster_197	0.9999989631138493
A0A944KY35	181	181	cluster_181	0.9999993365471577
A0A944PM15	181	181	cluster_181	0.9999993218576608
A0A944SBL1	0	0	cluster_0	0.9999969990833874
A0A944STD2	74	74	cluster_74	0.9999965087143763
A0A944YYX2	4	4	cluster_4	0.9999971568500758
A0A945Z051	181	181	cluster_181	0.9999990878231665
A0A946NTC7	4	4	cluster_4	0.9999972693678981
A0A947F7G6	4	4	cluster_4	0.9999971077422779
A0A947S6Q5	196	196	cluster_196	0.9999983481163204
A0A947VAT8	4	4	cluster_4	0.9999971988358584
A0A948LT44	74	74	cluster_74	0.9999968843322696
A0A948R1Z4	0	0	cluster_0	0.9999988720625111
A0A948RTV9	0	0	cluster_0	0.9999988256238235
A0A949MDH8	0	0	cluster_0	0.9999984895054902
A0A949MZE6	181	181	cluster_181	0.9999991605566493
A0A949QC18	192	192	cluster_192	0.9999933437265686
A0A949Y726	0	0	cluster_0	0.9999978619256106
A0A949ZE73	4	4	cluster_4	0.9999978778957954
A0A950CHV0	0	0	cluster_0	0.9999983217781454
A0A950DFV5	0	0	cluster_0	0.9999981791143567
A0A950G1A0	0	0	cluster_0	0.9999980229009815
A0A950JJ17	0	0	cluster_0	0.9999973237765093
A0A950QKN9	74	74	cluster_74	0.9999967413261707
A0A950WXH5	0	0	cluster_0	0.9999985232577587
A0A950X458	0	0	cluster_0	0.999997900659796
A0A950XFZ4	0	0	cluster_0	0.999998523633587
A0A950YJ79	0	0	cluster_0	0.9999986580269177
A0A951E699	0	0	cluster_0	0.9999980920732723
A0A951JT01	0	0	cluster_0	0.9999983021380893
A0A951LDF6	0	0	cluster_0	0.9999978661554566
A0A951SFL3	74	74	cluster_74	0.9999968966275092
A0A951TS12	181	181	cluster_181	0.9999988752526078
A0A951X5B9	4	4	cluster_4	0.9999978668034539
A0A952AGX4	181	181	cluster_181	0.9999990925024105
A0A952JVM5	0	0	cluster_0	0.9999984082510814
A0A952LCW8	10	10	cluster_10	0.9999679899514605
A0A952LFG0	10	10	cluster_10	0.9999640299231858
A0A952LFG5	10	10	cluster_10	0.9999672861770021
A0A952THU2	12	12	cluster_12	0.9999731048244441
A0A952Z6K0	74	74	cluster_74	0.9999967780057926
A0A952ZCI4	181	181	cluster_181	0.9999992118790019
A0A953F0P4	0	0	cluster_0	0.9999981613770336
A0A953JEB6	0	0	cluster_0	0.9999976903271883
A0A953MDD8	0	0	cluster_0	0.9999983632682251
A0A954GVV4	0	0	cluster_0	0.999998385215037
A0A954IV21	0	0	cluster_0	0.999998782857882
A0A954J9D9	0	0	cluster_0	0.9999983380956156
A0A954KWL7	127	127	cluster_127	0.9999875076321345
A0A954LY28	0	0	cluster_0	0.9999981457301927
A0A954Q8C7	0	0	cluster_0	0.9999983567700134
A0A954R5K2	0	0	cluster_0	0.9999981788671294
A0A954RM08	10	10	cluster_10	0.9999651876065067
A0A954ZDP5	0	0	cluster_0	0.9999983932475889
A0A955BLE6	0	0	cluster_0	0.9999974109045976
A0A955HDZ7	196	196	cluster_196	0.9999982843814538
A0A955HFD7	196	196	cluster_196	0.9999970619695998
A0A955R148	0	0	cluster_0	0.9999982167091737
A0A955VSI0	6	6	cluster_6	0.9999983166779901
A0A956G5J9	181	181	cluster_181	0.9999974075308101
A0A956GT44	0	0	cluster_0	0.9999982145559067
A0A956NX19	131	131	cluster_131	0.9999817989062754
A0A956PEM8	192	192	cluster_192	0.9999910984838247
A0A956SNG8	187	187	cluster_187	0.9999904197296267
A0A956TQV0	196	196	cluster_196	0.9999979364696654
A0A957N3T0	6	6	cluster_6	0.9999989964885719
A0A957PTQ5	6	6	cluster_6	0.9999990542915207
A0A957RW86	208	208	cluster_208	0.9999794642550291
A0A957S9W8	10	10	cluster_10	0.9999612926422431
A0A958D5I8	72	72	cluster_72	0.9999785212089501
A0A958M6S4	10	10	cluster_10	0.9999676009038942
A0A958TBV3	4	4	cluster_4	0.9999973577916472
A0A958YQX9	0	0	cluster_0	0.9999980478283403
A0A959A156	4	4	cluster_4	0.9999973393986166
A0A959HSE7	4	4	cluster_4	0.9999977889757364
A0A959KAQ1	4	4	cluster_4	0.9999974924512869
A0A959PXS3	0	0	cluster_0	0.9999984854557974
A0A959R4J3	0	0	cluster_0	0.9999979225160177
A0A959SBE5	4	4	cluster_4	0.9999978021827043
A0A960HK10	4	4	cluster_4	0.999997520451879
A0A960KNH5	5	5	cluster_5	0.9999950827310206
A0A960P312	4	4	cluster_4	0.9999973620603414
A0A960TUZ8	181	181	cluster_181	0.9999987268331434
A0A960ZYR6	0	0	cluster_0	0.9999984271542757
A0A961NEC7	0	0	cluster_0	0.9999981270594585
A0A961NED1	0	0	cluster_0	0.9999979788257236
A0A961VLN8	0	0	cluster_0	0.9999973801859177
A0A961ZFQ0	0	0	cluster_0	0.9999970355895128
A0A962JHX4	192	192	cluster_192	0.9999940876717455
A0A962KBR7	5	5	cluster_5	0.9999941269737189
A0A962MIP1	10	10	cluster_10	0.9999641883849788
A0A962Q988	196	196	cluster_196	0.9999982290621622
A0A962S4E1	74	74	cluster_74	0.9999970842995266
A0A963DJE3	0	0	cluster_0	0.9999984408525795
A0A963F833	74	74	cluster_74	0.9999968867944771
A0A963F994	0	0	cluster_0	0.9999981889485775
A0A963FA97	10	10	cluster_10	0.9999661137348841
A0A963TDZ7	0	0	cluster_0	0.9999979143271378
A0A964P2K5	192	192	cluster_192	0.9999944687532072
A0A965CA82	197	197	cluster_197	0.9999987248937822
A0A965ED72	197	197	cluster_197	0.9999987668548999
A0A965EV72	0	0	cluster_0	0.9999969256797362
A0A965GSK8	197	197	cluster_197	0.9999986320578799
A0A965KTE6	197	197	cluster_197	0.9999987387977275
A0A965L7H6	197	197	cluster_197	0.999998150392071
A0A965M9G9	0	0	cluster_0	0.9999984721009517
A0A965MQR1	4	4	cluster_4	0.99999771831334
A0A965NZ29	17	17	cluster_17	0.9999851875629139
A0A965PCW0	197	197	cluster_197	0.9999987875877745
A0A965PT68	133	133	cluster_133	0.999414344953934
A0A965RCR5	4	4	cluster_4	0.9999972552470572
A0A965SUQ0	4	4	cluster_4	0.999997370175933
A0A965U0T7	0	0	cluster_0	0.9999980267063565
A0A965U5W0	17	17	cluster_17	0.9999858602635237
A0A965US72	6	6	cluster_6	0.9999990057140741
A0A965US91	197	197	cluster_197	0.9999979797815836
A0A965UUE6	133	133	cluster_133	0.9994201411155078
A0A965UZP7	197	197	cluster_197	0.99999871436105
A0A966KC64	74	74	cluster_74	0.9999966531426672
A0A966LWJ5	10	10	cluster_10	0.999967814938841
A0A966MZL3	197	197	cluster_197	0.9999978274790412
A0A966US30	197	197	cluster_197	0.999997933521124
A0A966YDB7	0	0	cluster_0	0.9999982387605852
A0A967B1C8	181	181	cluster_181	0.9999991446050266
A0A967M4L9	0	0	cluster_0	0.9999982039504497
A0A967N0I2	181	181	cluster_181	0.9999989567875442
A0A967Z311	0	0	cluster_0	0.9999973084437505
A0A968FWX7	5	5	cluster_5	0.9999937132937707
A0A968G9J4	0	0	cluster_0	0.9999988820795561
A0A968HHG6	0	0	cluster_0	0.999998228681325
A0A968LAX2	74	74	cluster_74	0.9999968212528417
A0A968PN53	6	6	cluster_6	0.9999990501497118
A0A968TWC2	6	6	cluster_6	0.9999987656665122
A0A968YDF8	10	10	cluster_10	0.9999629098922782
A0A969IVD9	5	5	cluster_5	0.9999940449241902
A0A969KDJ2	5	5	cluster_5	0.999993396765639
A0A969KFK3	0	0	cluster_0	0.9999984978424407
A0A969KQV5	6	6	cluster_6	0.9999992074901564
A0A970DUM7	4	4	cluster_4	0.999997841649477
A0A970GYY5	181	181	cluster_181	0.9999992184286892
A0A970L980	0	0	cluster_0	0.9999983286920755
A0A970Q4K8	0	0	cluster_0	0.9999973535005888
A0A970R9Q3	17	17	cluster_17	0.9999883860417474
A0A970SKG2	4	4	cluster_4	0.9999976160663887
A0A970SQT1	0	0	cluster_0	0.9999983465719189
A0A970XPR5	196	196	cluster_196	0.9999978595357927
A0A971B625	0	0	cluster_0	0.9999981262368141
A0A971MYA6	69	69	cluster_69	0.9999909563412605
A0A971PI20	4	4	cluster_4	0.9999976707691222
A0A971QIP8	0	0	cluster_0	0.9999986689292596
A0A971TIZ6	181	181	cluster_181	0.9999991671436599
A0A971VL63	6	6	cluster_6	0.999998651313281
A0A971XI73	4	4	cluster_4	0.9999977078324735
A0A972CE01	5	5	cluster_5	0.9999941799519949
A0A972E3G3	4	4	cluster_4	0.9999976240796187
A0A972F6M0	4	4	cluster_4	0.9999975563855554
A0A972HES7	4	4	cluster_4	0.9999973569215702
A0A972I261	10	10	cluster_10	0.9999626241191304
A0A972IP42	0	0	cluster_0	0.9999984428921208
A0A972NDW2	10	10	cluster_10	0.9999684766963168
A0A972NTI7	2	2	cluster_2	0.9999978284302823
A0A972PCU7	0	0	cluster_0	0.9999987363762941
A0A972PWB9	0	0	cluster_0	0.9999986083456223
A0A972R6Z9	0	0	cluster_0	0.9999976813997749
A0A973B9F7	181	181	cluster_181	0.9999993224600731
A0A973BYI2	192	192	cluster_192	0.9999892230213877
A0A973E627	0	0	cluster_0	0.999998339085542
A0A973KQP7	0	0	cluster_0	0.9999984936498663
A0A973MNV4	197	197	cluster_197	0.9999990148852399
A0A973MVE4	0	0	cluster_0	0.9999984735863032
A0A973V357	181	181	cluster_181	0.9999993462150196
A0A974BHS2	21	21	cluster_21	0.999985166470279
A0A975BC57	12	12	cluster_12	0.9999572103669968
A0A975MML4	182	182	cluster_182	0.9999981861893387
A0A975S178	0	0	cluster_0	0.9999983122231533
A0A975SN99	74	74	cluster_74	0.9999968226592315
A0A976GSG2	6	6	cluster_6	0.9999986341214739
A0A976RQW2	181	181	cluster_181	0.9999989120424858
A0A977KBM2	181	181	cluster_181	0.999995819636429
A0A977NLF8	175	175	cluster_175	0.9999962060016407
A0A978SKV9	4	4	cluster_4	0.9999973091241907
A0A979H410	35	35	cluster_35	0.9999752314764819
A0A9C6X792	181	181	cluster_181	0.9999987997072964
A0A9C8N142	8	8	cluster_8	0.9999777571098165
A0A9C9G5K0	0	0	cluster_0	0.9999988557378642
A0A9D0AW90	74	74	cluster_74	0.9999970112256211
A0A9D1AGG3	4	4	cluster_4	0.9999974477023376
A0A9D1IBK4	0	0	cluster_0	0.9999980994104438
A0A9D1KDS8	6	6	cluster_6	0.9999987782515826
A0A9D1N0W0	0	0	cluster_0	0.9999977660875007
A0A9D1NEJ2	0	0	cluster_0	0.999995053023323
A0A9D1PTR4	101	101	cluster_101	0.9999740942730138
A0A9D1XS99	0	0	cluster_0	0.9999986202966853
A0A9D2DV20	131	131	cluster_131	0.999973606337492
A0A9D2E0M9	202	202	cluster_202	0.999998042471918
A0A9D2NWR3	5	5	cluster_5	0.9999948702703023
A0A9D2PEI8	131	131	cluster_131	0.9999810533977326
A0A9D2PJE9	131	131	cluster_131	0.9999775304624039
A0A9D2PMW5	131	131	cluster_131	0.9999799309706283
A0A9D2S6M3	5	5	cluster_5	0.9999941834332534
A0A9D2SNM3	131	131	cluster_131	0.9999814007419909
A0A9D4TM29	5	5	cluster_5	0.9999943012137923
A0A9D5DG47	4	4	cluster_4	0.999996432398679
A0A9D5HXP2	10	10	cluster_10	0.9999596870717329
A0A9D5JRW4	0	0	cluster_0	0.9999982811182839
A0A9D5MXH2	0	0	cluster_0	0.9999988544716323
A0A9D5Y601	17	17	cluster_17	0.9999863833389496
A0A9D6JUH7	74	74	cluster_74	0.9999964362086241
A0A9D6PKE0	4	4	cluster_4	0.9999976367492164
A0A9D7PAK2	181	181	cluster_181	0.9999991606145782
A0A9D7QFT0	127	127	cluster_127	0.9999973738784329
A0A9D7XEY4	4	4	cluster_4	0.9999977606399878
A0A9D8C381	0	0	cluster_0	0.9999977614257486
A0A9D8MP53	0	0	cluster_0	0.999998295429296
A0A9D8RYY0	131	131	cluster_131	0.9999809414167606
A0A9D8WBF4	181	181	cluster_181	0.9999988132791405
A0A9D8ZAC6	0	0	cluster_0	0.9999977343078233
A0A9D9BL97	0	0	cluster_0	0.9999979831805522
A0A9D9CP11	0	0	cluster_0	0.9999980672727962
A0A9D9NMJ6	5	5	cluster_5	0.9999933344027254
A0A9D9Z1W8	182	182	cluster_182	0.9999975466629619
A0A9E0GSP2	5	5	cluster_5	0.9999953707499704
A0A9E0GX10	181	181	cluster_181	0.9999990838707109
A0A9E0I5C2	7	7	cluster_7	0.999998312754736
A0A9E0IKZ8	0	0	cluster_0	0.9999984332209678
A0A9E0K409	131	131	cluster_131	0.9999836269346659
A0A9E0PJQ3	192	192	cluster_192	0.9999920141115096
A0A9E0ZY00	5	5	cluster_5	0.9999937877904668
A0A9E1BG59	175	175	cluster_175	0.9999964532740351
A0A9E2G8S8	69	69	cluster_69	0.9999911210595873
A0A9E2H2S8	181	181	cluster_181	0.9999993911221322
A0A9E2J5S4	103	103	cluster_103	0.9999832147708223
A0A9E2JHF4	0	0	cluster_0	0.9999984720997844
A0A9E2LLM5	69	69	cluster_69	0.9999923461025771
A0A9E2MQA6	0	0	cluster_0	0.9999987048937256
A0A9E3APB5	181	181	cluster_181	0.9999989003222145
A0A9E3EFJ9	5	5	cluster_5	0.9999941604926845
A0A9E3EK83	0	0	cluster_0	0.9999983534353674
A0A9E3GRK8	0	0	cluster_0	0.999998545912176
A0A9E3HE46	6	6	cluster_6	0.9999990976137884
A0A9E3INB9	4	4	cluster_4	0.9999976459706524
A0A9E3JP86	5	5	cluster_5	0.9999948583038373
A0A9E3LGU0	0	0	cluster_0	0.9999979906819204
A0A9E3PEQ6	14	14	cluster_14	0.9999966126074008
A0A9E3PIR8	74	74	cluster_74	0.9999969704575568
A0A9E3QJX7	0	0	cluster_0	0.999998192823702
A0A9E3VJK9	181	181	cluster_181	0.9999990694060139
A0A9E3VJS1	0	0	cluster_0	0.9999978015363573
A0A9E3W008	4	4	cluster_4	0.9999973929049206
A0A9E4CCI9	6	6	cluster_6	0.9999990698521547
A0A9E4EG41	74	74	cluster_74	0.9999966600862054
A0A9E4I2X5	192	192	cluster_192	0.9999933358302334
A0A9E4KDV9	0	0	cluster_0	0.999998648416901
A0A9E4NVW6	0	0	cluster_0	0.9999986272185613
A0A9E4RTG7	4	4	cluster_4	0.9999978785729499
A0A9E4ZMG3	0	0	cluster_0	0.9999976737180091
A0A9E5DIP8	183	183	cluster_183	0.9999969527070324
A0A9E5VCY2	6	6	cluster_6	0.9999987392141985
A0A9E5VSA6	5	5	cluster_5	0.9999941300829448
A0A9E6DQ47	5	5	cluster_5	0.9999948621701901
A0A9E6MUV3	10	10	cluster_10	0.9999707156815805
A0A9E6R9U7	0	0	cluster_0	0.9999975206054489
A0A9E6SU30	4	4	cluster_4	0.9999973253350738
A0A9E8LYW5	4	4	cluster_4	0.9999975101753598
A0A9E8RY20	0	0	cluster_0	0.9999976035706556
A0A9J6BR49	181	181	cluster_181	0.9999989787497796
A0A9J6P5S1	0	0	cluster_0	0.9999975354945958
A0A9J6QWE2	10	10	cluster_10	0.9999444833723017
A0A9J7BK00	181	181	cluster_181	0.999998939907875
A0A9N6YZ80	6	6	cluster_6	0.9999967346316555
A0A9N8GUB7	123	123	cluster_123	0.9999910155056773
A0A9N8J8P5	0	0	cluster_0	0.9999979506211187
A0A9N8NZV4	181	181	cluster_181	0.9999992909715583
A0A9N8YNY2	5	5	cluster_5	0.9999940388751577
A0A9N9DJW0	5	5	cluster_5	0.9999941940769014
A0A9P1VZ35	48	48	cluster_48	0.999829583395002
A0A9P1WYH2	177	177	cluster_177	0.9997836889254235
A0A9P2C2B4	97	97	cluster_97	0.9998752209857282
A0A9P2DNG4	114	114	cluster_114	0.9991753459397467
A0A9P2LAS0	5	5	cluster_5	0.999994612034649
A0A9P3V0E5	74	74	cluster_74	0.9999969768937041
A0A9P3V3G9	88	88	cluster_88	0.9999958197824006
A0A9P4XG97	4	4	cluster_4	0.9999974887163927
A0A9P7BAV5	181	181	cluster_181	0.9999993231696407
A0A9P8Q5T6	181	181	cluster_181	0.9999992323719862
A0A9Q2FEW2	131	131	cluster_131	0.9999829613183183
A0A9Q2KT16	2	2	cluster_2	0.999996883877144
A0A9Q2NR41	103	103	cluster_103	0.9999857700241057
A0A9Q2QHC5	2	2	cluster_2	0.9999966408785318
A0A9Q6N0R8	2	2	cluster_2	0.999997596533998
A0A9Q7AGV4	0	0	cluster_0	0.9999978372488897
A0A9Q8Q2J8	2	2	cluster_2	0.9999975646367487
A0A9Q9T0U7	139	139	cluster_139	0.9997175552699753
A0A9R1X2C3	4	4	cluster_4	0.9999961600843527
A0A9W4JUS7	4	4	cluster_4	0.9999968939392165
A0A9W4TJK8	0	0	cluster_0	0.9999980451734465
A0A9W4XU38	6	6	cluster_6	0.9999981519509089
A0A9W5QGR6	8	8	cluster_8	0.99997548966467
A0A9W5Y414	4	4	cluster_4	0.9999974779400503
A0A9W5YCF0	0	0	cluster_0	0.9999981008329331
A0A9W6B1B5	0	0	cluster_0	0.9999985038827878
A0A9W6F060	5	5	cluster_5	0.9999939867625997
A0A9W7TZH0	4	4	cluster_4	0.9999970740501584
A0A9W8E8W3	5	5	cluster_5	0.9999932631659845
A0A9W9L3U6	181	181	cluster_181	0.9999985340651152
A0A9X0PE56	19	19	cluster_19	0.99961830076911
A0A9X1PAK8	4	4	cluster_4	0.9999977503663433
A0A9X1SUG2	127	127	cluster_127	0.9999973054655248
A0A9X1ZX14	2	2	cluster_2	0.9999977905016693
A0A9X2CP91	181	181	cluster_181	0.9999991140614153
A0A9X2DIS1	0	0	cluster_0	0.9999981645155224
A0A9X2F7E5	0	0	cluster_0	0.9999981702459659
A0A9X2LGB0	5	5	cluster_5	0.9999928141954985
A0A9X2S682	175	175	cluster_175	0.9999983473407418
A0A9X2WC44	6	6	cluster_6	0.9999991313551027
A0A9X2YE54	0	0	cluster_0	0.9999982750345765
A0A9X3CY75	4	4	cluster_4	0.9999974875972352
A0A9X3H9R2	6	6	cluster_6	0.9999987795836646
A0A9X3JNQ1	0	0	cluster_0	0.9999978530993963
A0A9X3LLE8	4	4	cluster_4	0.9999975444666864
A0A9X3XAN5	181	181	cluster_181	0.9999992958456423
A0A9X3XNU6	17	17	cluster_17	0.999984637625812
A0A9X3XR90	17	17	cluster_17	0.9999858550521299
A0A9X3ZJR1	5	5	cluster_5	0.999995053392023
A0A9X4HFS8	89	89	cluster_89	0.9999971035660539
A0A9X4MYI9	0	0	cluster_0	0.9999985208566099
A0A9X4N167	4	4	cluster_4	0.9999976537530189
A0A9X5Q090	192	192	cluster_192	0.9999932567437639
A0A9X6QP05	188	188	cluster_188	0.9999713927041
A0A9X7VZV4	0	0	cluster_0	0.9999990372369635
A0A9X8BYB8	5	5	cluster_5	0.9999941678962365
A0A9X8CIH2	0	0	cluster_0	0.9999978035259053
A0A9X8N7T7	197	197	cluster_197	0.9999989262344361
A0A9X9SQH2	0	0	cluster_0	0.9999987384957432
A0AA35JAL0	181	181	cluster_181	0.9999992379241093
A0AA35KHU1	181	181	cluster_181	0.9999990577920603
A0AA35NFT7	181	181	cluster_181	0.9999992053817669
A0AA36F2M8	5	5	cluster_5	0.9999932783657869
A0AA37FWB1	89	89	cluster_89	0.9999966117297403
A0AA37SBK8	89	89	cluster_89	0.9999976038503443
A0AA37UCZ3	4	4	cluster_4	0.9999977223104839
A0AA37W6K4	208	208	cluster_208	0.9999811626469441
A0AA38KRY4	4	4	cluster_4	0.9999978788151777
A0AA38YVA9	0	0	cluster_0	0.9999975280566545
A0AA39HYI2	5	5	cluster_5	0.9999933428559968
A0AA40IUT4	17	17	cluster_17	0.9999893178877115
A0AA41UFG8	74	74	cluster_74	0.9999968429833904
A0AA42DQI2	0	0	cluster_0	0.9999978130068338
A0AA42QD31	72	72	cluster_72	0.9999758335698196
A0AA42QEL6	6	6	cluster_6	0.9999989943296561
A0AA42RSP5	0	0	cluster_0	0.9999985595039274
A0AA43C664	0	0	cluster_0	0.9999987288950151
A0AA43LGA6	6	6	cluster_6	0.9999985707037445
A0AA43S282	0	0	cluster_0	0.9999985057233209
A0AA45G828	197	197	cluster_197	0.9999990189312452
A0AA45HJP7	0	0	cluster_0	0.9999987710597416
A0AA46P342	4	4	cluster_4	0.9999974347917229
A0AA46ST98	5	5	cluster_5	0.9999947573403658
A0AA46TPF8	192	192	cluster_192	0.9999936043127176
A0AA50Q825	5	5	cluster_5	0.9999946046654578
A0AA51R2W0	181	181	cluster_181	0.9999988618493258
A0AA51RTD6	0	0	cluster_0	0.9999977267113498
A0AA51X6P3	4	4	cluster_4	0.9999970393813299
A0AA52APH6	181	181	cluster_181	0.9999988830018787
A0AA82WNY5	66	66	cluster_66	0.9995949917881474
A0AA86ME52	17	17	cluster_17	0.9999872824498388
A0AA86YNB2	2	2	cluster_2	0.9999979248348669
A0AA86YPH7	2	2	cluster_2	0.9999978393965354
A0AA87M211	0	0	cluster_0	0.9999985054913363
A0AA90GU72	0	0	cluster_0	0.9999984118010647
A0AA91J8A6	7	7	cluster_7	0.9999984347277393
A0AA91Z2C9	181	181	cluster_181	0.9999990005745071
A0AA92RCB0	4	4	cluster_4	0.9999969542293083
A0AA92TIH2	0	0	cluster_0	0.9999979055243792
A0AA95EXI9	0	0	cluster_0	0.9999988481077527
A0AA95I4D8	4	4	cluster_4	0.99999809812143
A0AA96ELC3	2	2	cluster_2	0.9999975415319344
A0AA96KWY2	181	181	cluster_181	0.9999990154588817
A0AA96PPJ0	5	5	cluster_5	0.9999945374521991
A0AA96URZ5	181	181	cluster_181	0.9999993508722224
A0AA96ZI09	4	4	cluster_4	0.9999975326010113
A0AA97IIQ3	192	192	cluster_192	0.999994099230209
A0AAC8T7L7	176	176	cluster_176	0.9999207329624336
A0AAC8T7M7	84	84	cluster_84	0.9997146135724871
A0AAC8UDJ9	6	6	cluster_6	0.9999986064212466
A0AAC9GLD3	0	0	cluster_0	0.9999976870497618
A0AAC9LAX5	0	0	cluster_0	0.9999980907925976
A0AAC9QML2	0	0	cluster_0	0.9999970438018772
A0AAC9R0Y7	4	4	cluster_4	0.9999974791960424
A0AAC9RPE4	10	10	cluster_10	0.9999652414403105
A0AAC9WII3	0	0	cluster_0	0.9999972354530431
A0AAC9Z126	0	0	cluster_0	0.9999986675802189
A0AAD0ADZ1	4	4	cluster_4	0.9999977119333864
A0AAD0EDI1	103	103	cluster_103	0.9999834037377798
A0AAD0J0K4	0	0	cluster_0	0.999998404402735
A0AAD0SKX9	182	182	cluster_182	0.9999976187371485
A0AAD1A121	74	74	cluster_74	0.999996814023922
A0AAD1F6X1	6	6	cluster_6	0.999998694557731
A0AAD1M529	4	4	cluster_4	0.9999976349104579
A0AAD3UTK0	95	95	cluster_95	0.9999721115800411
A0AAD7AE13	4	4	cluster_4	0.9999976211151137
A0AAD7E666	181	181	cluster_181	0.9999991451957851
A0AAD8APD7	2	2	cluster_2	0.9999978400919928
A0AAD8CLL6	181	181	cluster_181	0.999998654754376
A0AAD8F5S2	5	5	cluster_5	0.9999936806668344
A0AAD8MYX3	4	4	cluster_4	0.9999964220628635
A0AAD9HE78	4	4	cluster_4	0.9999975347040452
A0AAE0RPC3	4	4	cluster_4	0.9999964832576617
A0AAE3DXZ0	6	6	cluster_6	0.9999988188131151
A0AAE3HAE2	0	0	cluster_0	0.9999987953173715
A0AAE3NZ31	0	0	cluster_0	0.9999981006137909
A0AAE3QNU5	181	181	cluster_181	0.9999992619047459
A0AAE4BTH1	5	5	cluster_5	0.999994376114149
A0AAE4LDF5	0	0	cluster_0	0.9999981719408042
A0AAE4UAN4	197	197	cluster_197	0.9999989377100438
A0AAE5WHH6	6	6	cluster_6	0.9999988822016619
A0AAE6JCZ0	5	5	cluster_5	0.999994787841187
A0AAE6W2C2	6	6	cluster_6	0.9999985317556158
A0AAE6YI19	127	127	cluster_127	0.9999975183811423
A0AAE6YJ16	7	7	cluster_7	0.9999983344364022
A0AAE7C2C3	6	6	cluster_6	0.9999988441419134
A0AAE7ELK7	2	2	cluster_2	0.9999975530943358
A0AAE7LII8	2	2	cluster_2	0.9999964541552384
A0AAE8IF68	103	103	cluster_103	0.99998652398077
A0AAE8IQS6	4	4	cluster_4	0.9999966954876404
A0AAE8QU29	0	0	cluster_0	0.9999987886532086
A0AAE9RTE1	74	74	cluster_74	0.9999967474838394
A0AAF0CW20	187	187	cluster_187	0.9999873229446176
A0AAF0FTA7	183	183	cluster_183	0.9999941346781697
A0AAF0FUT9	183	183	cluster_183	0.9999973319443756
A0AAF0ICY5	4	4	cluster_4	0.9999977474557113
A0AAI8D2Z4	0	0	cluster_0	0.9999981054011239
A0AAI8ZLI4	101	101	cluster_101	0.999975863575691
A0AAI9EP75	3	3	cluster_3	0.9999720026095273
A0AAI9HVL9	182	182	cluster_182	0.999997304337612
A0AAI9SC44	101	101	cluster_101	0.9999730816368216
A0AAJ0RLY0	0	0	cluster_0	0.9999984504492937
A0AAJ1AZK1	131	131	cluster_131	0.9999824058351695
A0AAJ1FW79	0	0	cluster_0	0.9999986945592225
A0AAJ1JGI0	101	101	cluster_101	0.9999775396551973
A0AAJ1R1L1	0	0	cluster_0	0.999997710804992
A0AAJ1RI69	0	0	cluster_0	0.9999976595392165
A0AAJ1YBC2	2	2	cluster_2	0.9999976713574759
A0AAJ1YCK3	3	3	cluster_3	0.9999650343848286
A0AAJ2F7M6	8	8	cluster_8	0.9999585397636663
A0AAJ2RZT0	101	101	cluster_101	0.999973592138952
A0AAJ2THW5	10	10	cluster_10	0.9999625144065969
A0AAJ2WGN8	17	17	cluster_17	0.9999881086073656
A0AAJ2ZB36	0	0	cluster_0	0.9999983649650722
A0AAJ3P1Z1	3	3	cluster_3	0.9999769456801497
A0AAJ3TPK4	181	181	cluster_181	0.9999990951719568
A0AAJ4DX36	101	101	cluster_101	0.9999736378362342
A0AAJ4KAJ6	3	3	cluster_3	0.9999647544220759
A0AAJ4X8Q8	0	0	cluster_0	0.9999978121736008
A0AAJ6LNT7	159	159	cluster_159	0.9999783793305728
A0AAN0M9X3	0	0	cluster_0	0.999998848666358
A0AAN1A7M9	5	5	cluster_5	0.9999942249641413
A0AAN1CYE7	181	181	cluster_181	0.9999988709097473
A0AAN1H6A2	95	95	cluster_95	0.999970829931566
A0AAN1JJ51	0	0	cluster_0	0.9999985356850974
A0AAN1NTG2	2	2	cluster_2	0.9999972585257705
A0AAN3C289	181	181	cluster_181	0.9999989216473419
A0AAN5AJ05	0	0	cluster_0	0.9999973514234969
A0AAN5KR66	0	0	cluster_0	0.9999984398067739
A0AAN5NDH5	17	17	cluster_17	0.9999883856226429
A0AAN5UK26	126	126	cluster_126	0.9994540263452125
A0AAN5WZK4	36	36	cluster_36	0.9996353704295408
A0AAN6AW52	2	2	cluster_2	0.9999966139881417
A0AAN8LZA3	5	5	cluster_5	0.999990976928315
A0AAP0BT08	0	0	cluster_0	0.9999979229810155
A0AAP2BJY6	77	77	cluster_77	0.9999903556763229
A0AAP2BME2	0	0	cluster_0	0.9999984353663953
A0AAP2RA11	0	0	cluster_0	0.9999986553142989
A0AAP2SH37	6	6	cluster_6	0.9999981847063929
A0AAP4DK51	10	10	cluster_10	0.99996241828901
A0AAP4EMD2	6	6	cluster_6	0.9999979480537854
A0AAP4JCS4	6	6	cluster_6	0.9999990209817645
A0AAP4RHJ5	7	7	cluster_7	0.9999983301987216
A0AAP6VMR4	6	6	cluster_6	0.9999986930115923
A0AAP9RGG5	131	131	cluster_131	0.9999809666538683
A0AAP9Y5C1	66	66	cluster_66	0.9995231762117898
A0AAQ0KCZ3	6	6	cluster_6	0.9999987284231497
A0AAQ0MGM7	74	74	cluster_74	0.9999963737307205
A0AAQ0Q7W5	6	6	cluster_6	0.9999986931790334
A0AAQ0TJJ4	8	8	cluster_8	0.9999648787155226
A0AAQ1G682	107	107	cluster_107	0.9998620033196174
A0AAQ1KFL8	72	72	cluster_72	0.9999830168570153
A0AAQ1KFR0	128	128	cluster_128	0.9997478839232099
A0AAQ3H4E6	3	3	cluster_3	0.9999295531849982
A0AAQ4CWI9	183	183	cluster_183	0.9999977338921948
A0AAQ4PLP4	5	5	cluster_5	0.9999914594835667
A0AAQ6IK80	5	5	cluster_5	0.9999907800744945
A0AAR2IK67	5	5	cluster_5	0.9999924771769683
A0AAT9GPK5	183	183	cluster_183	0.9999973560179889
A0AAT9VZ28	0	0	cluster_0	0.9999988437923663
A0AAT9W775	0	0	cluster_0	0.999998756161485
A0AAU0KVY8	2	2	cluster_2	0.9999975831378277
A0AAU0S806	192	192	cluster_192	0.9999937126668392
A0AAU0WKD6	181	181	cluster_181	0.9999993607181489
A0AAU0ZXY7	0	0	cluster_0	0.9999980640870768
A0AAU1GCR9	181	181	cluster_181	0.9999988628903227
A0AAU1GRA8	0	0	cluster_0	0.9999977295328963
A0AAU1KI85	181	181	cluster_181	0.9999993532129565
A0AAU1PZX2	0	0	cluster_0	0.9999985843331994
A0AAU2DFK6	127	127	cluster_127	0.9999976933109065
A0AAU2EIM3	181	181	cluster_181	0.9999993529761221
A0AAU2F3F1	0	0	cluster_0	0.9999985589247186
A0AAU2MJ33	181	181	cluster_181	0.9999993801542603
A0AAU2NN72	181	181	cluster_181	0.9999988578309316
A0AAU3DKS8	181	181	cluster_181	0.9999992904665821
A0AAU3GLP1	181	181	cluster_181	0.9999993827648777
A0AAU3JUF9	197	197	cluster_197	0.9999978822874519
A0AAU3SVF7	181	181	cluster_181	0.9999992985040613
A0AAU4BLL9	181	181	cluster_181	0.9999991542232837
A0AAU4HII4	181	181	cluster_181	0.9999993820798349
A0AAU4V5C9	0	0	cluster_0	0.999998012584126
A0AAU4VTU5	181	181	cluster_181	0.999999331162544
A0AAU4XVA5	181	181	cluster_181	0.999999308653487
A0AAU5E8T8	181	181	cluster_181	0.9999988684053165
A0AAU5ESA5	0	0	cluster_0	0.9999986430888481
A0AAU5EUW5	181	181	cluster_181	0.9999991635402736
A0AAU5JVS1	5	5	cluster_5	0.9999924126469817
A0AAU5NF82	0	0	cluster_0	0.9999981765261416
A0AAU5WZA2	181	181	cluster_181	0.9999992766759936
A0AAU6D8R2	181	181	cluster_181	0.9999990610007716
A0AAU6EL59	181	181	cluster_181	0.999999301075182
A0AAU6GF40	181	181	cluster_181	0.9999993179776587
A0AAU6GU29	0	0	cluster_0	0.9999985728067345
A0AAU6HEX1	181	181	cluster_181	0.9999989408645493
A0AAU6L8K7	181	181	cluster_181	0.999999329034632
A0AAU6TXZ6	2	2	cluster_2	0.9999976624093996
A0AAU6VQP3	6	6	cluster_6	0.9999991653651893
A0AAU7GGF6	0	0	cluster_0	0.9999987327104716
A0AAU7I4J3	181	181	cluster_181	0.9999988467340122
A0AAU7LAZ3	5	5	cluster_5	0.9999923343074316
A0AAU7R1B2	0	0	cluster_0	0.9999986341227889
A0AAU7R223	0	0	cluster_0	0.9999984743455578
A0AAU7RVU0	0	0	cluster_0	0.9999984150494731
A0AAU7SS95	14	14	cluster_14	0.999996885614013
A0AAU7VJ15	10	10	cluster_10	0.9999658108227503
A0AAU7Y0U7	0	0	cluster_0	0.9999985142420597
A0AAU8HVN3	10	10	cluster_10	0.999965741938879
A0AAU8I4K7	0	0	cluster_0	0.9999983587809227
A0AAU9DT09	0	0	cluster_0	0.9999984970079209
A0AAU9SVT8	5	5	cluster_5	0.9999922531326089
A0AAV0VWX5	4	4	cluster_4	0.9999961200042755
A0AAV1KF31	4	4	cluster_4	0.999996047237677
A0AAV2G6N6	0	0	cluster_0	0.9999979515187619
A0AAV2VPU0	101	101	cluster_101	0.9999773079160805
A0AAV3BIV9	0	0	cluster_0	0.9999988733866785
A0AAV3IX18	0	0	cluster_0	0.9999984687575628
A0AAV4ZPE9	0	0	cluster_0	0.9999981191034325
A0AAV5AV60	0	0	cluster_0	0.9999979899236385
A0AAV5QW17	181	181	cluster_181	0.999998960899512
A0AAV5S0J7	181	181	cluster_181	0.9999993204766314
A0AAV6BRQ8	0	0	cluster_0	0.9999979537187551
A0AAV8QS49	0	0	cluster_0	0.9999980017905856
A0AAV8UTI3	5	5	cluster_5	0.9999935965788482
A0AAV8UZW7	0	0	cluster_0	0.9999980612281995
A0AAV9C0R1	0	0	cluster_0	0.9999982837357132
A0AAV9C3B1	0	0	cluster_0	0.9999985276182956
A0AAV9FUN0	0	0	cluster_0	0.9999985611614594
A0AAW0SMP3	5	5	cluster_5	0.9999939677629831
A0AAW0U871	4	4	cluster_4	0.9999974071633217
A0AAW0ZSN8	4	4	cluster_4	0.9999959843509292
A0AAW1Q554	5	5	cluster_5	0.9999945595657637
A0AAW1T4M6	5	5	cluster_5	0.9999943740612307
A0AAW2JBX4	0	0	cluster_0	0.9999977432672293
A0AAW3D7I5	7	7	cluster_7	0.9999985657725976
A0AAW3FA32	134	134	cluster_134	0.9992804622803897
A0AAW3FCK0	2	2	cluster_2	0.9999978634602162
A0AAW3RFC8	131	131	cluster_131	0.9999775630784088
A0AAW3WV32	3	3	cluster_3	0.999946178757497
A0AAW3WWI7	95	95	cluster_95	0.9999683648449352
A0AAW3YW73	6	6	cluster_6	0.9999990458538826
A0AAW3YZY1	8	8	cluster_8	0.9999768779246461
A0AAW4IXP6	17	17	cluster_17	0.9999870800506426
A0AAW4N6A3	6	6	cluster_6	0.9999987560396542
A0AAW4QLL1	187	187	cluster_187	0.9999903668884345
A0AAW4XUU5	74	74	cluster_74	0.9999969334480043
A0AAW5BCY9	4	4	cluster_4	0.9999975132929191
A0AAW5LGI2	182	182	cluster_182	0.9999978437016814
A0AAW5QZC8	17	17	cluster_17	0.999984822432843
A0AAW6AUT2	181	181	cluster_181	0.9999989133102521
A0AAW6DDJ2	32	32	cluster_32	0.999957473199904
A0AAW6K7M5	10	10	cluster_10	0.9999552762088152
A0AAW6U388	69	69	cluster_69	0.9999924928795706
A0AAW7EE87	3	3	cluster_3	0.9999771559191498
A0AAW7G2M8	101	101	cluster_101	0.9999747469969447
A0AAW7GDT7	165	165	cluster_165	0.9993849936596194
A0AAW7GY26	6	6	cluster_6	0.9999991331413118
A0AAW7PEM4	32	32	cluster_32	0.9999577641479234
A0AAW7PIH1	0	0	cluster_0	0.9999983435679407
A0AAW7SVR4	181	181	cluster_181	0.9999990953016202
A0AAW7T884	2	2	cluster_2	0.9999972270151803
A0AAW7WLA5	6	6	cluster_6	0.9999988955256249
A0AAW7ZZ92	6	6	cluster_6	0.9999990403366882
A0AAW8BSH2	0	0	cluster_0	0.9999987270842837
A0AAW8CT84	6	6	cluster_6	0.9999984947355604
A0AAW8HHJ2	2	2	cluster_2	0.9999975148353569
A0AAW8L198	4	4	cluster_4	0.9999954376913235
A0AAW8Q8K6	182	182	cluster_182	0.9999976586596919
A0AAW8UA00	187	187	cluster_187	0.9999893531049282
A0AAW8WK21	6	6	cluster_6	0.9999987218540213
A0AAW9CC03	123	123	cluster_123	0.9999919833204767
A0AAW9CW87	4	4	cluster_4	0.9999978347971087
A0AAW9JX06	88	88	cluster_88	0.9999950778779932
A0AAW9KIZ7	0	0	cluster_0	0.9999977960931836
A0AAW9QVN3	6	6	cluster_6	0.999999017414648
A0AAW9XE34	4	4	cluster_4	0.9999975308785939
A0AAX0IT48	187	187	cluster_187	0.9999898004500118
A0AAX1EJ01	0	0	cluster_0	0.9999984656589566
A0AAX1RUA1	0	0	cluster_0	0.9999977484072886
A0AAX2A2C4	0	0	cluster_0	0.9999982845025146
A0AAX2MEA1	5	5	cluster_5	0.9999924268013939
A0AAX2UHS8	6	6	cluster_6	0.999997296354679
A0AAX2UPX7	101	101	cluster_101	0.9999771939488235
A0AAX3A9Z5	0	0	cluster_0	0.9999979366111117
A0AAX3EWU0	6	6	cluster_6	0.9999989321483992
A0AAX3S1R7	2	2	cluster_2	0.9999975636428232
A0AAX3ZRQ2	181	181	cluster_181	0.9999993492218927
A0AAX4L0P2	183	183	cluster_183	0.9999982567554255
A0AAX7FLQ9	19	19	cluster_19	0.9994025477177598
A0AAX7TBR6	5	5	cluster_5	0.9999917758055341
A0AB33EL63	181	181	cluster_181	0.9999993792935782
A0AB33FSD9	0	0	cluster_0	0.9999987367363465
A0AB33TXF7	96	96	cluster_96	0.9996524896869254
A0AB33XGU2	4	4	cluster_4	0.9999973679391685
A0AB34QHF7	2	2	cluster_2	0.9999973582640246
A0AB35FT36	187	187	cluster_187	0.9999816104078129
A0AB35LCZ0	2	2	cluster_2	0.9999978198484833
A0AB35MH84	0	0	cluster_0	0.9999984176079928
A0AB35RR47	0	0	cluster_0	0.9999983463648165
A0AB35S8C6	4	4	cluster_4	0.9999974811701029
A0AB35X8L5	0	0	cluster_0	0.999998214678469
A0AB36CHX3	6	6	cluster_6	0.9999983731655233
A0AB36S883	131	131	cluster_131	0.9999812035027718
A0AB37KGQ3	96	96	cluster_96	0.9995736378995927
A0AB37RLG3	6	6	cluster_6	0.999998824933679
A0AB37VBV7	2	2	cluster_2	0.9999974818314219
A0AB37ZXC5	8	8	cluster_8	0.9999740344088762
A0AB38BII6	131	131	cluster_131	0.999981353536023
A0AB38CW28	127	127	cluster_127	0.9999969883661034
A0AB38GFJ6	6	6	cluster_6	0.9999984340546147
A0AB38PYG6	4	4	cluster_4	0.9999973222981154
A0AB39HQ22	181	181	cluster_181	0.9999989677078569
A0AB39J4E2	181	181	cluster_181	0.9999991266532886
A0AB39MJB8	181	181	cluster_181	0.9999993263030706
A0AB39N0P7	197	197	cluster_197	0.9999988871879786
A0AB39TLY6	181	181	cluster_181	0.9999992338438576
A0AB39U8F9	6	6	cluster_6	0.9999986733123807
A0AB39V1A3	131	131	cluster_131	0.9999800982810028
A0AB40CRG4	0	0	cluster_0	0.9999977018415076
A0AB73HCR9	177	177	cluster_177	0.9997352967534966
A0AB73Q1C3	2	2	cluster_2	0.9999974173480749
A0AB74CUX7	131	131	cluster_131	0.9999835114252837
A0AB74D048	182	182	cluster_182	0.9999981801070545
A0AB74F4C6	74	74	cluster_74	0.9999934395051316
A0AB74TTH0	131	131	cluster_131	0.9999821556430047
A0AB74VBP9	0	0	cluster_0	0.9999969246620892
A0ABC9NLY1	3	3	cluster_3	0.9999707481369403
A0ABD1PN27	0	0	cluster_0	0.9999979169915565
A0ABD2WQG3	4	4	cluster_4	0.9999962702947885
A0ABD3ZUX1	162	162	cluster_162	0.9999129986915727
A0ABD4A1F3	0	0	cluster_0	0.9999976774282222
A0ABD4X3C9	74	74	cluster_74	0.9999940996172866
A0ABD4XGJ8	4	4	cluster_4	0.9999969673152199
A0ABD4ZAH6	183	183	cluster_183	0.9999971742121557
A0ABD4ZAK2	5	5	cluster_5	0.999989894956268
A0ABD5AYZ6	0	0	cluster_0	0.9999958394495033
A0ABD5DAA6	22	22	cluster_22	0.9999786875773503
A0ABD5H2E0	5	5	cluster_5	0.9999944213603565
A0ABD6CM88	0	0	cluster_0	0.9999977316891717
A0ABD6NY22	181	181	cluster_181	0.9999988114177617
A0ABD6P8D8	74	74	cluster_74	0.9999965423821963
A0ABD6PEK0	6	6	cluster_6	0.999999170939771
A0ABD6PRD5	2	2	cluster_2	0.9999972244989432
A0ABD6TBS2	88	88	cluster_88	0.9999962860767025
A0ABD6U7G5	0	0	cluster_0	0.9999984621948294
A0ABD6WX73	6	6	cluster_6	0.9999987088162567
A0ABD7CFK7	17	17	cluster_17	0.9999884795556716
A0ABD7KZQ6	6	6	cluster_6	0.9999992007928139
A0ABD7QR99	181	181	cluster_181	0.9999989536464122
A0ABD7X8Y4	130	130	cluster_130	0.9992648484781023
A0ABD7YG56	2	2	cluster_2	0.9999976847634642
A0ABD7Z3I7	0	0	cluster_0	0.9999984178606204
A0ABD7Z9Q0	5	5	cluster_5	0.9999948836690161
A0ABD7ZVR0	131	131	cluster_131	0.9999824440741625
A0ABF7PGA8	55	55	cluster_55	0.9996690078369243
A0ABF7PHK4	55	55	cluster_55	0.9996240022301833
A0ABF7PQ39	8	8	cluster_8	0.9999693036747785
A0ABF7SXL1	150	150	cluster_150	0.9997580501483697
A0AL41	181	181	cluster_181	0.9999992616269416
A0B5L4	0	0	cluster_0	0.9999980817488243
A0KJW4	182	182	cluster_182	0.9999977392042043
A0L3E1	208	208	cluster_208	0.9999781522730155
A0LWA8	4	4	cluster_4	0.9999974804371092
A1S0L7	183	183	cluster_183	0.9999964990173674
A1VNQ8	74	74	cluster_74	0.9999968575392414
A1WLS5	192	192	cluster_192	0.9999933648432137
A1ZG40	181	181	cluster_181	0.9999991484434216
A2HEL1	6	6	cluster_6	0.9999988410712615
A3DNT0	183	183	cluster_183	0.9999973743733844
A3IPE4	6	6	cluster_6	0.9999992088101808
A4FZ92	4	4	cluster_4	0.9999977526877424
A4J5B2	0	0	cluster_0	0.9999975277008227
A4P1F7	8	8	cluster_8	0.9999690730166572
A4X3X4	0	0	cluster_0	0.9999983940301927
A4XTR1	0	0	cluster_0	0.9999985128567959
A5FZ84	74	74	cluster_74	0.9999969148481551
A6EDU1	0	0	cluster_0	0.9999976315692154
A6G607	5	5	cluster_5	0.9999938061055497
A6N5D8	18	18	cluster_18	0.9991699657083115
A6N5E2	134	134	cluster_134	0.9994115029916317
A6Q943	4	4	cluster_4	0.9999974111948762
A6TNV4	10	10	cluster_10	0.9999656534354742
A6WGD1	181	181	cluster_181	0.9999993483000597
A7GFU9	17	17	cluster_17	0.9999886436600751
A7HLG2	0	0	cluster_0	0.9999985810155034
A7KZW8	103	103	cluster_103	0.9999882717315033
A7MSY0	6	6	cluster_6	0.9999990918704513
A7TJY9	181	181	cluster_181	0.9999991974126163
A7TS61	4	4	cluster_4	0.9999976524312972
A8A9L9	181	181	cluster_181	0.9999960153915376
A8GCN7	2	2	cluster_2	0.999997620192633
A8S0Y3	6	6	cluster_6	0.9999988252294977
A8SMF0	4	4	cluster_4	0.9999971962237345
A8U507	187	187	cluster_187	0.9999889593278697
A9IES9	2	2	cluster_2	0.999997654127277
A9M4P6	2	2	cluster_2	0.9999966437200035
A9M4V5	101	101	cluster_101	0.9999761564735762
A9QPC2	0	0	cluster_0	0.9999984984727197
AFV3_109	10	10	cluster_10	0.9999682765473887
AbiEi	192	192	cluster_192	0.9999938330884687
Acb4	188	188	cluster_188	0.9999573104578965
AcrF3	18	18	cluster_18	0.9995094199108764
AcrIA	151	151	cluster_151	0.9996143053522852
AcrIA1	183	183	cluster_183	0.9999700871931582
AcrIA3	23	23	cluster_23	0.9997592518352585
AcrIB1	131	131	cluster_131	0.9999805586127825
AcrIB2	102	102	cluster_102	0.9997698006680875
AcrIB3	175	175	cluster_175	0.9999981718597214
AcrIB4	27	27	cluster_27	0.999747233464464
AcrIB5	30	30	cluster_30	0.9998715189871192
AcrIB6	114	114	cluster_114	0.9991753459397467
AcrIB7	79	79	cluster_79	0.999835826493857
AcrIB8	88	88	cluster_88	0.9999959536675793
AcrIB9	59	59	cluster_59	0.9998410402568503
AcrIC1	52	52	cluster_52	0.9995470371600883
AcrIC10	90	90	cluster_90	0.9998885710886775
AcrIC11	2	2	cluster_2	0.9999949063471292
AcrIC3	82	82	cluster_82	0.9994196200226202
AcrIC4	169	169	cluster_169	0.9995494377281933
AcrIC5	68	68	cluster_68	0.9996086210993324
AcrIC6	72	72	cluster_72	0.9999791275194072
AcrIC7	128	128	cluster_128	0.9997612696182893
AcrIC8	174	174	cluster_174	0.999567844152557
AcrIC9	45	45	cluster_45	0.9994748357738742
AcrID1	9	9	cluster_9	0.9992422392395521
AcrIE1	172	172	cluster_172	0.9995215470540733
AcrIE10	208	208	cluster_208	0.9999837578994779
AcrIE2	205	205	cluster_205	0.9996163756828343
AcrIE3	147	147	cluster_147	0.9994994943577553
AcrIE4	42	42	cluster_42	0.9975605426276365
AcrIE4-IF7	104	104	cluster_104	0.9971566187281471
AcrIE5	70	70	cluster_70	0.9998564999503697
AcrIE6	179	179	cluster_179	0.9997715158329353
AcrIE7	113	113	cluster_113	0.9997056527829168
AcrIE8	36	36	cluster_36	0.9996267769414953
AcrIE9	140	140	cluster_140	0.9997383850259233
AcrIF1	53	53	cluster_53	0.9998490658548214
AcrIF10	122	122	cluster_122	0.9995793734124707
AcrIF11	107	107	cluster_107	0.9999111899552502
AcrIF12	134	134	cluster_134	0.999411503689987
AcrIF13	160	160	cluster_160	0.9996864914211725
AcrIF14	124	124	cluster_124	0.9999375342743791
AcrIF15	95	95	cluster_95	0.9999743434663425
AcrIF16	63	63	cluster_63	0.9998523392195783
AcrIF17	38	38	cluster_38	0.9997796751562047
AcrIF18	136	136	cluster_136	0.9996866825435476
AcrIF19	111	111	cluster_111	0.9994139156650504
AcrIF2	206	206	cluster_206	0.9995282048159151
AcrIF20	92	92	cluster_92	0.9995872261002701
AcrIF21	56	56	cluster_56	0.9996083061440943
AcrIF22	155	155	cluster_155	0.9997285429297262
AcrIF23	109	109	cluster_109	0.9997299808105283
AcrIF24	66	66	cluster_66	0.9995773313053546
AcrIF25	120	120	cluster_120	0.9999745140844789
AcrIF2_IC2	206	206	cluster_206	0.9995671984486578
AcrIF3	18	18	cluster_18	0.9994793803560623
AcrIF4	48	48	cluster_48	0.9998326785676177
AcrIF5	150	150	cluster_150	0.9997580501483697
AcrIF6	106	106	cluster_106	0.9997412864184918
AcrIF7	129	129	cluster_129	0.9980957955667473
AcrIF8	67	67	cluster_67	0.9994685500055104
AcrIF9	55	55	cluster_55	0.9996619610715677
AcrIIA1	177	177	cluster_177	0.9998184992522751
AcrIIA10	171	171	cluster_171	0.999924681942378
AcrIIA11	69	69	cluster_69	0.9999885931473435
AcrIIA12	125	125	cluster_125	0.9997340874317141
AcrIIA13	19	19	cluster_19	0.9995968574180727
AcrIIA13b	19	19	cluster_19	0.9994025477177598
AcrIIA14	161	161	cluster_161	0.9999618176435243
AcrIIA15	47	47	cluster_47	0.9999613481217219
AcrIIA16	207	207	cluster_207	0.9997130914890505
AcrIIA17	130	130	cluster_130	0.9990421475871311
AcrIIA18	91	91	cluster_91	0.9995220880958864
AcrIIA19	49	49	cluster_49	0.9997737837049755
AcrIIA2	15	15	cluster_15	0.9998413497865397
AcrIIA20	180	180	cluster_180	0.9995839686111777
AcrIIA21	145	145	cluster_145	0.9999954789936049
AcrIIA22	33	33	cluster_33	0.9997085247759094
AcrIIA23	168	168	cluster_168	0.9996702022030108
AcrIIA24	119	119	cluster_119	0.9993029925992946
AcrIIA25	185	185	cluster_185	0.9993852389416503
AcrIIA25_2	185	185	cluster_185	0.9994696365053584
AcrIIA26	58	58	cluster_58	0.9934117942066245
AcrIIA27	41	41	cluster_41	0.9998421220665372
AcrIIA28	34	34	cluster_34	0.9995300811175559
AcrIIA29	173	173	cluster_173	0.999837440638352
AcrIIA2_2	15	15	cluster_15	0.9998485363432799
AcrIIA3	60	60	cluster_60	0.9998425896580132
AcrIIA30	135	135	cluster_135	0.9998732339666555
AcrIIA31	116	116	cluster_116	0.999381948114373
AcrIIA32	137	137	cluster_137	0.9999406300811959
AcrIIA33	164	164	cluster_164	0.9998267660030887
AcrIIA33_Seq	149	149	cluster_149	0.9995213911913403
AcrIIA34	105	105	cluster_105	0.999770410826181
AcrIIA4	97	97	cluster_97	0.999905864685164
AcrIIA5	153	153	cluster_153	0.9997410331456131
AcrIIA6	187	187	cluster_187	0.9999871156560073
AcrIIA7	8	8	cluster_8	0.9999655323503891
AcrIIA8	21	21	cluster_21	0.9999870644864552
AcrIIA9	157	157	cluster_157	0.9998810985279875
AcrIIC1	143	143	cluster_143	0.9995043464283103
AcrIIC2	11	11	cluster_11	0.9994221019946492
AcrIIC3	96	96	cluster_96	0.9995736378995927
AcrIIC4	75	75	cluster_75	0.9878119230774005
AcrIIC4_2	200	200	cluster_200	0.9869318938224078
AcrIIC5	166	166	cluster_166	0.9995676918558359
AcrIIC6	51	51	cluster_51	0.9995851019230283
AcrIIC7	99	99	cluster_99	0.9999728478399255
AcrIIC8	167	167	cluster_167	0.999866211378655
AcrIIC9	187	187	cluster_187	0.9999880075235488
AcrIIIB1	50	50	cluster_50	0.999523132873309
AcrIIIB2	85	85	cluster_85	0.9996713958333145
AcrIIIB2_2	195	195	cluster_195	0.9999274354353312
AcrIII_1	10	10	cluster_10	0.9999602390725746
AcrVA1	132	132	cluster_132	0.9994430822390248
AcrVA2	84	84	cluster_84	0.9996751379098794
AcrVA3	117	117	cluster_117	0.9995347947450817
AcrVA3_2	204	204	cluster_204	0.9994815646009927
AcrVA4	186	186	cluster_186	0.9998854510925146
AcrVA5	176	176	cluster_176	0.9999207329624336
AcrVIA1_Lse	76	76	cluster_76	0.9995903351454064
AcrVIA1_Lwa	154	154	cluster_154	0.9998146579867148
AcrVIA2	76	76	cluster_76	0.9996860123436223
AcrVIA2_new	148	148	cluster_148	0.9999470253045943
AcrVIA3	20	20	cluster_20	0.9998038652626836
AcrVIA4	80	80	cluster_80	0.9996429134799514
AcrVIA5	158	158	cluster_158	0.999360618643316
AcrVIA6	62	62	cluster_62	0.9999015175003948
AcrVIA7	44	44	cluster_44	0.9999396905761576
AcrVIB1	65	65	cluster_65	0.9993762301663356
Adfb	190	190	cluster_190	0.9997503449847452
Adfm_1	181	181	cluster_181	0.999999321595641
Adfm_2	181	181	cluster_181	0.9999993108086609
Adfm_3	181	181	cluster_181	0.9999989346704089
Adfm_4	181	181	cluster_181	0.9999993110141188
Adfn_t4	196	196	cluster_196	0.9999983376363303
Apyc1_J14	0	0	cluster_0	0.9999987082083671
Apyc1_apo2	0	0	cluster_0	0.9999987869241426
ArdB_2	2	2	cluster_2	0.9999943946435141
B0K3Z4	0	0	cluster_0	0.9999989160543342
B116	10	10	cluster_10	0.999965342147754
B1BPP5	17	17	cluster_17	0.999986380271947
B1BRH0	5	5	cluster_5	0.9999949063051254
B1TGJ5	0	0	cluster_0	0.9999983549075546
B1YAT2	181	181	cluster_181	0.9999965227063892
B3PH38	192	192	cluster_192	0.999994263384686
B6BPJ7	0	0	cluster_0	0.9999976656836006
B6H2T3	181	181	cluster_181	0.9999986733681268
B6SED9	6	6	cluster_6	0.9999990836261952
B7IDU8	0	0	cluster_0	0.9999984951413134
B7LT90	181	181	cluster_181	0.9999988413649705
B7MXV1	0	0	cluster_0	0.9999979776631127
B8GSH5	10	10	cluster_10	0.9999606836456553
B8HVE5	5	5	cluster_5	0.9999925251846604
B9E5Y5	17	17	cluster_17	0.9999868791578486
B9MKS6	0	0	cluster_0	0.9999970496421544
BAB1_1016	0	0	cluster_0	0.9999984569265684
BxaP	202	202	cluster_202	0.9999980693212148
C0EPR3	6	6	cluster_6	0.9999990309019203
C0XQ07	4	4	cluster_4	0.9999975745659934
C2BHM6	74	74	cluster_74	0.999992675248734
C2JYC7	5	5	cluster_5	0.9999944245160661
C3J8H4	6	6	cluster_6	0.9999987923435525
C3MLM8	181	181	cluster_181	0.9999971093566075
C3MRG2	183	183	cluster_183	0.999997725026255
C3NMS3	0	0	cluster_0	0.9999976362990393
C4GDV7	5	5	cluster_5	0.9999948406860855
C4GE54	12	12	cluster_12	0.9999722078278026
C4IFE1	17	17	cluster_17	0.9999893395661447
C4XY30	181	181	cluster_181	0.9999991745400557
C5BV22	4	4	cluster_4	0.9999976476480847
C5CBX3	181	181	cluster_181	0.9999990519286681
C5CD92	0	0	cluster_0	0.9999987557584016
C5DBE3	181	181	cluster_181	0.9999991945900769
C5DPK4	181	181	cluster_181	0.9999990905071966
C6BS54	0	0	cluster_0	0.9999985548249128
C6E1F8	196	196	cluster_196	0.9999983311394873
C6I012	10	10	cluster_10	0.9999634212797006
C6REY4	4	4	cluster_4	0.9999972272818726
C6orf130	181	181	cluster_181	0.9999988956401707
C7DIF0	5	5	cluster_5	0.9999937203321259
C7MWC2	0	0	cluster_0	0.9999982816957069
C7N974	175	175	cluster_175	0.9999978973352855
C8P4G5	4	4	cluster_4	0.9999971926953963
C8P9V9	5	5	cluster_5	0.999993921032749
C8S330	4	4	cluster_4	0.9999974912129812
C8XGA4	127	127	cluster_127	0.999997586716998
CbTad1	17	17	cluster_17	0.9999798096400173
CbbQO	74	74	cluster_74	0.999992304939201
D0GLT2	0	0	cluster_0	0.9999979528413327
D0I8M6	0	0	cluster_0	0.9999985054858955
D0L9N6	0	0	cluster_0	0.999998160312725
D0R4I9	0	0	cluster_0	0.9999984790430456
D1PZV3	6	6	cluster_6	0.9999987998506159
D1QM66	0	0	cluster_0	0.9999982128503231
D2PT81	0	0	cluster_0	0.9999985552776132
D2RED5	183	183	cluster_183	0.9999970258196105
D2U875	134	134	cluster_134	0.9993365924736584
D2ZT08	2	2	cluster_2	0.9999977382360375
D3CS69	197	197	cluster_197	0.9999987213042972
D3DJN7	181	181	cluster_181	0.9999983802625664
D3HPQ1	0	0	cluster_0	0.9999982258687413
D3I9X6	6	6	cluster_6	0.9999988738189767
D3PZI6	4	4	cluster_4	0.9999977108584529
D4CXS6	181	181	cluster_181	0.999999023936205
D4GEB4	0	0	cluster_0	0.9999987238205764
D5Q8H4	175	175	cluster_175	0.9999984712917039
D5TZT1	183	183	cluster_183	0.9999974531418486
D6AD11	181	181	cluster_181	0.999998991371234
D6CK63	2	2	cluster_2	0.9999966301553761
D6CK84	2	2	cluster_2	0.9999949063471292
D7BEY3	0	0	cluster_0	0.9999973970650022
D7CIS2	0	0	cluster_0	0.999998683663197
D7V0Q4	131	131	cluster_131	0.9999828885262949
D8IFH6	4	4	cluster_4	0.9999974089185992
D9SMC3	0	0	cluster_0	0.9999969612304664
D9Z5R4	2	2	cluster_2	0.9999973844782348
Dap1	163	163	cluster_163	0.9996719608392041
Dap2	81	81	cluster_81	0.9996690092252472
DarG	181	181	cluster_181	0.999998707305658
E0M497	101	101	cluster_101	0.999976827880888
E0N6C4	11	11	cluster_11	0.9994401175441594
E0PAY1	4	4	cluster_4	0.9999975774483288
E0SP98	183	183	cluster_183	0.9999975877952717
E1GVJ3	4	4	cluster_4	0.9999974003142427
E1IEG3	0	0	cluster_0	0.9999985971417826
E1QRA6	181	181	cluster_181	0.9999967589383045
E1RBN7	0	0	cluster_0	0.9999976933061652
E1THR5	4	4	cluster_4	0.9999981951883146
E3BPY5	182	182	cluster_182	0.9999979963223032
E3EDP1	0	0	cluster_0	0.9999985614103676
E3GB47	0	0	cluster_0	0.9999979273265222
E3ZMW7	15	15	cluster_15	0.9998641146957309
E4L131	6	6	cluster_6	0.9999986238629365
E4NR84	0	0	cluster_0	0.999997888218494
E4Q3Q1	0	0	cluster_0	0.9999975631681228
E4Q4D3	4	4	cluster_4	0.9999976217731347
E4T0C7	0	0	cluster_0	0.9999982964307625
E4T2V2	4	4	cluster_4	0.9999975578187986
E4TDT4	6	6	cluster_6	0.9999987613912278
E5XRX0	197	197	cluster_197	0.9999989238715999
E5YBU0	2	2	cluster_2	0.9999971440721296
E6K2E4	6	6	cluster_6	0.9999986722329598
E6KJ32	187	187	cluster_187	0.999989646880956
E6LZ20	6	6	cluster_6	0.9999986593217138
E6VU55	0	0	cluster_0	0.9999980163107192
E6WMN4	192	192	cluster_192	0.999994359928279
E6YNK2	74	74	cluster_74	0.9999969330690689
E7C7Q5	74	74	cluster_74	0.9999967358129415
E8KCP5	6	6	cluster_6	0.999998670692388
E8LS42	4	4	cluster_4	0.9999965303274237
E8U8K7	0	0	cluster_0	0.9999985301930102
E8V5K6	0	0	cluster_0	0.9999981297930831
E9DMF0	6	6	cluster_6	0.9999986997064684
EF2626	5	5	cluster_5	0.999994631946867
ELAC_like	0	0	cluster_0	0.9999985498140894
F0GY62	5	5	cluster_5	0.9999951714904919
F0NBZ6	183	183	cluster_183	0.9999978736541536
F0NF32	183	183	cluster_183	0.9999976410935754
F0NQC7	0	0	cluster_0	0.9999926277388683
F0SZ01	0	0	cluster_0	0.9999979957299073
F1A0J3	4	4	cluster_4	0.9999972000875872
F1W253	0	0	cluster_0	0.9999984155672479
F2F8W9	0	0	cluster_0	0.9999978237583727
F2J1A1	2	2	cluster_2	0.9999978497389368
F2JJV9	10	10	cluster_10	0.9999638114335108
F2JNY8	131	131	cluster_131	0.9999831134037095
F2JQW1	21	21	cluster_21	0.9999798243558744
F2LW61	0	0	cluster_0	0.9999977173117689
F4GVJ5	196	196	cluster_196	0.9999985124935049
F4HA28	6	6	cluster_6	0.9999985521411754
F4PDI7	5	5	cluster_5	0.9999943077754336
F4QG12	2	2	cluster_2	0.9999976852588156
F5L3W1	175	175	cluster_175	0.9999979694696762
F5LCS0	162	162	cluster_162	0.9998787061661666
F7XRG4	0	0	cluster_0	0.999998642016334
F8CHX3	0	0	cluster_0	0.9999988710927418
F8L508	6	6	cluster_6	0.9999987659847085
F8WVN9	0	0	cluster_0	0.99999751623262
G0V7Y2	181	181	cluster_181	0.99999927001475
G0W4Z1	181	181	cluster_181	0.9999991136660178
G0XAE9	74	74	cluster_74	0.9999934561403039
G1VB32	0	0	cluster_0	0.9999977312252283
G2EBB7	6	6	cluster_6	0.999998689980456
G2FGJ4	0	0	cluster_0	0.9999985673684747
G2IQJ8	4	4	cluster_4	0.9999966439168669
G2PZ64	0	0	cluster_0	0.9999971645904582
G2SRV6	4	4	cluster_4	0.9999970328754033
G2Z1W1	5	5	cluster_5	0.9999946275345741
G3A9J7	7	7	cluster_7	0.9999981186007788
G3WZY9	181	181	cluster_181	0.9999989667592277
G4H7Q6	0	0	cluster_0	0.999997527528671
G4R899	0	0	cluster_0	0.9999980380549279
G4THL9	181	181	cluster_181	0.9999991356674028
G7LKY7	155	155	cluster_155	0.9997551678314638
G7Z5F2	0	0	cluster_0	0.9999981773373016
G8BNL8	181	181	cluster_181	0.9999991423078196
G8LVT2	0	0	cluster_0	0.9999988698864837
G8SAD7	181	181	cluster_181	0.9999993744038146
G8Y3U7	4	4	cluster_4	0.9999972406364472
G9C944	6	6	cluster_6	0.999998800895498
G9ERV3	2	2	cluster_2	0.9999969587586125
G9ESX7	0	0	cluster_0	0.999998562653838
G9QHB6	175	175	cluster_175	0.9999982030754535
G9ZKW1	4	4	cluster_4	0.9999971745387967
GDAP2	181	181	cluster_181	0.9999949137622175
Gp48	197	197	cluster_197	0.9999989464744811
H0Q061	4	4	cluster_4	0.9999976096301464
H1PYD6	181	181	cluster_181	0.9999992310917333
H1XY25	0	0	cluster_0	0.9999972545671435
H2AWT7	181	181	cluster_181	0.9999991952707988
H2C1R3	183	183	cluster_183	0.9999975964453484
H2D731	32	32	cluster_32	0.9999577057056432
H2J4U8	0	0	cluster_0	0.9999984286134883
H5SU10	0	0	cluster_0	0.9999983240649603
H5TF96	192	192	cluster_192	0.999990874681589
H6LJG0	17	17	cluster_17	0.9999887136971715
H6MW96	0	0	cluster_0	0.9999980658137443
H6QBF5	181	181	cluster_181	0.9999956259720735
H8FX63	4	4	cluster_4	0.9999968348423824
H8H2X4	181	181	cluster_181	0.999999206198134
H8IUK1	4	4	cluster_4	0.9999976519697421
H9F507	181	181	cluster_181	0.99999748697225
H_NS	209	209	cluster_209	0.9996291978469729
I0A2T8	183	183	cluster_183	0.9999971176660681
I0IDL0	0	0	cluster_0	0.9999981657693466
I0SDX3	145	145	cluster_145	0.9999955295869547
I0WHS3	4	4	cluster_4	0.9999973641987246
I2GJU6	0	0	cluster_0	0.9999985711876891
I2H2G6	4	4	cluster_4	0.9999975056982074
I2H8Y3	181	181	cluster_181	0.9999990384411763
I3DXZ8	17	17	cluster_17	0.9999880398650344
I3II56	4	4	cluster_4	0.9999977989389738
I3R891	0	0	cluster_0	0.9999980812804854
I3TGM9	143	143	cluster_143	0.9996490282552303
I3X734	0	0	cluster_0	0.9999984114182733
I3XGC4	2	2	cluster_2	0.9999977270719363
I3XSP7	183	183	cluster_183	0.9999972831095022
I4ECN6	0	0	cluster_0	0.9999988095077521
I5AYN0	4	4	cluster_4	0.9999979961867607
I7LJN0	0	0	cluster_0	0.9999978915403759
I7LKY3	175	175	cluster_175	0.9999981587940864
J2N4L2	182	182	cluster_182	0.9999970198340432
J3MYK5	0	0	cluster_0	0.9999982047489067
J4U4H4	181	181	cluster_181	0.9999992030573791
J7LE71	127	127	cluster_127	0.9999976927966957
J7SA85	181	181	cluster_181	0.9999991563042638
J8DGG5	0	0	cluster_0	0.9999983669053414
J8PR60	181	181	cluster_181	0.9999992261583934
J9R0M4	6	6	cluster_6	0.9999983985601102
J9VXX2	4	4	cluster_4	0.9999974215370233
J9Z1Z2	74	74	cluster_74	0.9999967014059957
J9Z874	2	2	cluster_2	0.9999976941023984
JSS1_004	201	201	cluster_201	0.9998542913982996
K0DZK5	2	2	cluster_2	0.9999977308359481
K0XEV7	6	6	cluster_6	0.9999987844180657
K1ZGX1	74	74	cluster_74	0.9999966825062859
K5CDS7	6	6	cluster_6	0.9999988067431945
K5YAM8	6	6	cluster_6	0.9999987691043112
K6CGJ1	0	0	cluster_0	0.9999988585260806
K6U8K7	0	0	cluster_0	0.9999971948668878
K6ZFD8	192	192	cluster_192	0.9999887930456078
K8EET1	187	187	cluster_187	0.9999882930831703
K8P3G1	103	103	cluster_103	0.9999858907057786
K8WXV6	192	192	cluster_192	0.999993495721784
K9E5N2	192	192	cluster_192	0.9999939463918902
K9T8W9	6	6	cluster_6	0.9999990528984747
K9WVY6	6	6	cluster_6	0.999998785841403
K9ZME4	6	6	cluster_6	0.9999988537119456
L0DKZ4	0	0	cluster_0	0.9999981427607033
L0MF84	0	0	cluster_0	0.9999986697189471
L2F6P0	6	6	cluster_6	0.9999986886996641
L7WB38	4	4	cluster_4	0.9999975626110499
L9M8I9	4	4	cluster_4	0.9999971694276831
L9WX20	181	181	cluster_181	0.9999984538271064
M0EFF1	0	0	cluster_0	0.9999973718627453
M0J8Y8	0	0	cluster_0	0.9999979291213017
M0PD02	181	181	cluster_181	0.9999986734081868
M1N346	0	0	cluster_0	0.9999971176568182
M1ZUJ6	17	17	cluster_17	0.9999893333934226
M3C3G5	181	181	cluster_181	0.9999993663911793
M3CBW8	181	181	cluster_181	0.9999991628906604
M3ENH3	0	0	cluster_0	0.9999981820387055
M7CY03	72	72	cluster_72	0.9999758060208986
M8E239	175	175	cluster_175	0.9999983043152673
M9RMS5	181	181	cluster_181	0.9999990822115342
MBLBt2	0	0	cluster_0	0.9999970298413781
MacroD2	181	181	cluster_181	0.9999950666312701
Mcbe1	6	6	cluster_6	0.9999992071825696
N0B3L3	0	0	cluster_0	0.9999978113728075
N4WMM7	131	131	cluster_131	0.9999832940477597
N6UPZ8	4	4	cluster_4	0.9999974203516201
N8XGC5	5	5	cluster_5	0.9999941375331332
N9FD96	6	6	cluster_6	0.9999990551632397
N9LLF2	0	0	cluster_0	0.9999985872630189
NAMPT_HUMAN_2	5	5	cluster_5	0.9999916127206425
NAMPT_XANC	5	5	cluster_5	0.9999945309431884
NSP3	181	181	cluster_181	0.9999982098136813
NadM-Nudix	7	7	cluster_7	0.9999984239109942
NadM-Nudix_2	7	7	cluster_7	0.9999985908489621
O32492	202	202	cluster_202	0.9999980457026206
OR342	181	181	cluster_181	0.9999983674410471
ORF14_SIFV	9	9	cluster_9	0.9994523008068209
ORF1a	181	181	cluster_181	0.9999978972537318
ORF99_AFV1	9	9	cluster_9	0.999211146214846
P0DW58	17	17	cluster_17	0.9999871189203733
P0DW61	17	17	cluster_17	0.9999805141864498
P1234	181	181	cluster_181	0.9999982126882149
P27504	0	0	cluster_0	0.9999986618004275
PAP39	4	4	cluster_4	0.9999968281800707
PAP41	4	4	cluster_4	0.9999966606195327
PQQ	0	0	cluster_0	0.9999980991180473
PhnP	0	0	cluster_0	0.9999981362650748
PhnP_new	0	0	cluster_0	0.9999980527937831
Poa1p	181	181	cluster_181	0.9999992482954854
Prps1	4	4	cluster_4	0.9999954971694127
Prs	4	4	cluster_4	0.9999976821032824
Prs_2	4	4	cluster_4	0.9999976010032239
Prs_3	4	4	cluster_4	0.9999972606166334
Prs_like4	4	4	cluster_4	0.9999973811183778
Prs_like5	4	4	cluster_4	0.9999966542724348
Prs_like6	4	4	cluster_4	0.9999914980739136
Q0W2M9	0	0	cluster_0	0.999998773678217
Q11BI1	4	4	cluster_4	0.9999962428342349
Q14558	4	4	cluster_4	0.9999969788095073
Q18AD5	131	131	cluster_131	0.9999806826017485
Q1AXL6	4	4	cluster_4	0.9999979550364625
Q1H9Y8	2	2	cluster_2	0.9999978557183867
Q1R0S7	181	181	cluster_181	0.9999989115239931
Q1YNI8	0	0	cluster_0	0.999997105798416
Q21RG5	0	0	cluster_0	0.9999990414696123
Q2B023	0	0	cluster_0	0.9999979594812594
Q2RTP6	0	0	cluster_0	0.9999980301182296
Q2SNP3	0	0	cluster_0	0.9999982622102642
Q46666	182	182	cluster_182	0.9999978102643207
Q4C9L3	6	6	cluster_6	0.999998528995534
Q5W2N9	183	183	cluster_183	0.9999963997651219
Q5WD89	0	0	cluster_0	0.9999979552278104
Q6FXN3	181	181	cluster_181	0.9999991206591582
Q6YRS0	12	12	cluster_12	0.9999600142960093
Q7BTG7	0	0	cluster_0	0.9999988418350148
Q7V111	4	4	cluster_4	0.9999974961184055
Q81VZ0	4	4	cluster_4	0.9999973251300422
Q82MI4	181	181	cluster_181	0.9999993502182457
Q899I8	4	4	cluster_4	0.9999975429799639
Q8A8B0	181	181	cluster_181	0.9999993234049208
Q92B51	177	177	cluster_177	0.9997701002756303
Q92B53	60	60	cluster_60	0.9998096363952509
Q96XL5	183	183	cluster_183	0.9999975562679517
Q97HV8	17	17	cluster_17	0.9999873597624472
Q9HKF7	6	6	cluster_6	0.9999986932809615
Q9HYM9	0	0	cluster_0	0.9999987149987156
Q9L5T8	6	6	cluster_6	0.9999990156530615
R2NVV8	88	88	cluster_88	0.9999953486531863
R2PVR0	187	187	cluster_187	0.9999899562078062
R4VEK2	5	5	cluster_5	0.9999937841447626
R4YKB0	5	5	cluster_5	0.9999923650126118
R5PU21	0	0	cluster_0	0.9999978802829642
R6A0U4	6	6	cluster_6	0.999998714752251
R6WSC2	0	0	cluster_0	0.9999986112582847
R7K5G7	4	4	cluster_4	0.9999971021813355
R7L7N2	0	0	cluster_0	0.9999981412397567
R7LI90	0	0	cluster_0	0.9999980611257457
R7LRF9	175	175	cluster_175	0.9999981989286855
R7MJS5	0	0	cluster_0	0.9999981991093836
R9H9A4	6	6	cluster_6	0.999998327004052
R9JFM2	131	131	cluster_131	0.999979517819881
R9JR69	6	6	cluster_6	0.9999986022256535
R9KBL4	131	131	cluster_131	0.999981532470294
R9KGD5	131	131	cluster_131	0.9999814502391361
R9LM86	0	0	cluster_0	0.9999975020795611
R9T6Q5	175	175	cluster_175	0.9999979884345834
RNaseZ	0	0	cluster_0	0.999998251088386
RT	182	182	cluster_182	0.9999979857571688
RelB	189	189	cluster_189	0.9999303245855072
Retron_Ec86	182	182	cluster_182	0.9999978482459528
Retron_Eco7	182	182	cluster_182	0.9999979452294508
Rnase_ZS1	0	0	cluster_0	0.9999978701061197
S0FVF5	192	192	cluster_192	0.9999937567460545
S2DHQ3	4	4	cluster_4	0.9999982645737625
S2ZRG0	5	5	cluster_5	0.9999950123773391
S3ZMV0	0	0	cluster_0	0.999998557451788
S5DP89	5	5	cluster_5	0.99999493032449
S5M2E5	6	6	cluster_6	0.9999985065447963
S7J1U3	0	0	cluster_0	0.9999988038078198
S7VCM6	0	0	cluster_0	0.9999977005317111
SCO6735	181	181	cluster_181	0.9999991828326483
SSB	198	198	cluster_198	0.998574481407389
SSO0001	183	183	cluster_183	0.9999972772049437
SptTad2	8	8	cluster_8	0.9999693036747785
T0G607	0	0	cluster_0	0.9999985030354175
T0MZV7	0	0	cluster_0	0.9999970310298706
T0TYP3	187	187	cluster_187	0.999989552692693
T0V962	32	32	cluster_32	0.9999487500305584
T0VAQ3	187	187	cluster_187	0.9999905902785954
T0VF20	164	164	cluster_164	0.9998267660030887
T2GCV4	6	6	cluster_6	0.9999988189947954
T4VQ08	17	17	cluster_17	0.9999882122596917
T6c	0	0	cluster_0	0.9999981414106853
TM_1162	0	0	cluster_0	0.9999979416390004
TTHA0132	181	181	cluster_181	0.9999981489777162
U2EH18	175	175	cluster_175	0.9999982252416922
U2GIS6	6	6	cluster_6	0.9999982127248064
U2PCT2	20	20	cluster_20	0.9998127008477594
U2PMB8	20	20	cluster_20	0.9997539059026591
U2QH01	131	131	cluster_131	0.9999840284526393
U2RDR1	88	88	cluster_88	0.9999963829835912
U2RPB0	131	131	cluster_131	0.9999783937277807
U2RQ17	131	131	cluster_131	0.999983124079554
U2USN5	131	131	cluster_131	0.9999833721591869
U2WME6	0	0	cluster_0	0.9999975288976596
U4T8B1	17	17	cluster_17	0.9999870917578754
U6EDJ1	0	0	cluster_0	0.9999976113540674
U6JG90	0	0	cluster_0	0.9999982879698067
U7NZV5	4	4	cluster_4	0.9999967770498801
UPF0173	0	0	cluster_0	0.9999973605370235
V4NBI6	5	5	cluster_5	0.9999947017713888
V4QEG6	74	74	cluster_74	0.9999967767719373
V6Q7C0	187	187	cluster_187	0.9999870904327826
V9TV52	8	8	cluster_8	0.9999757395880962
V9XQ52	181	181	cluster_181	0.9999991356183184
VEEV	181	181	cluster_181	0.9999985620133961
W0E700	0	0	cluster_0	0.9999979454627029
W0FV27	2	2	cluster_2	0.9999967588888333
W0TG97	4	4	cluster_4	0.999997492366402
W1J585	101	101	cluster_101	0.9999737440979086
W1JB07	6	6	cluster_6	0.9999989764951009
W1Q4I4	187	187	cluster_187	0.9999876555582149
W1XDH8	2	2	cluster_2	0.999993760101575
W2BYD1	5	5	cluster_5	0.9999942656182971
W2U084	0	0	cluster_0	0.9999973034187413
W2U2M7	4	4	cluster_4	0.999997838378576
W4DCD3	0	0	cluster_0	0.999998362779926
W4EUE1	131	131	cluster_131	0.9999836961530595
W4QLD7	17	17	cluster_17	0.9999857689192527
W6S7X8	32	32	cluster_32	0.9999535267344761
W6SKQ6	185	185	cluster_185	0.9995870973478823
W7DGV3	10	10	cluster_10	0.9999617670736017
W7EFV9	4	4	cluster_4	0.9999974897699083
W7IT41	6	6	cluster_6	0.9999988485173473
W7KJM6	10	10	cluster_10	0.9999684127077695
W7KMI1	183	183	cluster_183	0.9999982230517451
W7L5K1	0	0	cluster_0	0.9999975072059305
W7QK02	4	4	cluster_4	0.9999969429746627
W7RGJ2	6	6	cluster_6	0.9999990184208483
W9DQP3	0	0	cluster_0	0.9999985823526443
W9GTC4	0	0	cluster_0	0.9999974448941766
X2GUQ4	3	3	cluster_3	0.9999724707374266
X5ETH5	6	6	cluster_6	0.9999987731780803
X5YDJ9	0	0	cluster_0	0.9999971296834609
X6BRF7	103	103	cluster_103	0.9999886628577335
X6FDL4	0	0	cluster_0	0.9999979555842516
X8K7U9	116	116	cluster_116	0.9994024657119657
X8K9K5	32	32	cluster_32	0.9999554837982491
YMDB	181	181	cluster_181	0.9999989231339538
YhfI_2	0	0	cluster_0	0.9999986347914607
ZipD	0	0	cluster_0	0.9999981265097785
abc1	78	78	cluster_78	0.9999264334486031
abc2	57	57	cluster_57	0.999365773905448
aca1	1	1	cluster_1	0.9998610732129288
aca10	1	1	cluster_1	0.9997885123895789
aca11	73	73	cluster_73	0.9999909226969484
aca12	32	32	cluster_32	0.9999581848861951
aca13	142	142	cluster_142	0.9999630467826859
aca2	3	3	cluster_3	0.9999725215523688
aca2_2	3	3	cluster_3	0.999972427342619
aca3	1	1	cluster_1	0.9999000972232408
aca4	139	139	cluster_139	0.9992732483772278
aca5	146	146	cluster_146	0.9999072878051132
aca6	1	1	cluster_1	0.9998958312173272
aca7	1	1	cluster_1	0.9998363168229562
aca8	39	39	cluster_39	0.9999274292225245
aca9	1	1	cluster_1	0.9998584386410682
acb1	14	14	cluster_14	0.9999968166117529
acb1_2	14	14	cluster_14	0.9999951965030242
acb2	57	57	cluster_57	0.9994924989642208
acrx	61	61	cluster_61	0.999939133388819
adfa	115	115	cluster_115	0.9997637480753563
adnd_p0020	118	118	cluster_118	0.9999835118261551
adnd_p0021	46	46	cluster_46	0.9998008333046419
alt	152	152	cluster_152	0.999808742565306
apyc1	0	0	cluster_0	0.999998476029938
arda	12	12	cluster_12	0.9999660145852692
arda_2	12	12	cluster_12	0.9999715596402566
ardb	2	2	cluster_2	0.999997498791487
ardc	103	103	cluster_103	0.9999761533288325
ardk	139	139	cluster_139	0.9997843332007678
ardk_2	184	184	cluster_184	0.9985665389014902
ardr	165	165	cluster_165	0.9994695217296099
ardu	12	12	cluster_12	0.9999489366888791
arn	184	184	cluster_184	0.9986892091694092
atd1	100	100	cluster_100	0.9999926652949542
bet	199	199	cluster_199	0.9996736572746483
dam	6	6	cluster_6	0.9999985932030613
dam_3	6	6	cluster_6	0.9999991605944529
danM	6	6	cluster_6	0.9999989257490152
dara	54	54	cluster_54	0.9997689937561532
darb	138	138	cluster_138	0.9999517445168139
ddra	170	170	cluster_170	0.999696891337438
ddrb	178	178	cluster_178	0.9999543665208122
dmd	16	16	cluster_16	0.9995625886513184
dmd_2	16	16	cluster_16	0.9995820762890144
dsad1	37	37	cluster_37	0.9997824942719199
gad1	28	28	cluster_28	0.9996196951831957
gad2	162	162	cluster_162	0.99991893015588
gam	86	86	cluster_86	0.9996422188819936
gnarl1	98	98	cluster_98	0.999958995322759
gnarl2	29	29	cluster_29	0.9997777763029935
gnarl3	121	121	cluster_121	0.9996549013591567
gp4	210	210	cluster_210	0.9998813748107139
gp4_5	110	110	cluster_110	0.999687809272612
gp5_5	211	211	cluster_211	0.9997755248056059
gp5_9	25	25	cluster_25	0.9999002725921837
had1	24	24	cluster_24	0.9999082156282928
hdf	141	141	cluster_141	0.999751422959013
hia5	6	6	cluster_6	0.9999987657244269
hin1523	6	6	cluster_6	0.9999985922014095
ipi	43	43	cluster_43	0.9992294433492408
ipii	40	40	cluster_40	0.9997657039780203
klca	2	2	cluster_2	0.999997775425711
klca_2	2	2	cluster_2	0.9999972557217103
lar	87	87	cluster_87	0.9999584672394479
mom	35	35	cluster_35	0.9999752457576466
namat_sp	5	5	cluster_5	0.9999948736200022
narp1_adps	4	4	cluster_4	0.9999967367283963
narp1_namat	5	5	cluster_5	0.9999889171020921
narp2_nampt	5	5	cluster_5	0.9999940037956415
narp2_nmnat	7	7	cluster_7	0.9999978745335137
nip	71	71	cluster_71	0.9999750969988296
nma1821	6	6	cluster_6	0.9999988307610825
ntase	127	127	cluster_127	0.9999962427702752
ocr	112	112	cluster_112	0.9996254689549323
orba	31	31	cluster_31	0.999680868982297
orf126	94	94	cluster_94	0.999643830933371
orf148	133	133	cluster_133	0.999516647299679
parp14	181	181	cluster_181	0.999997458228975
prsA	4	4	cluster_4	0.999996639433216
prsA_2	4	4	cluster_4	0.9999966387960096
prs_R32	4	4	cluster_4	0.9999977680245785
psia	77	77	cluster_77	0.9999915894614354
psib	123	123	cluster_123	0.9999908013253628
racc	126	126	cluster_126	0.999392555391324
rad	22	22	cluster_22	0.9999758254715686
ral	26	26	cluster_26	0.9998514346342389
rep	181	181	cluster_181	0.9999980666548355
rep_bat	181	181	cluster_181	0.9999979064423559
rexb	159	159	cluster_159	0.9999723214933967
samase	93	93	cluster_93	0.9995770214192048
stp	64	64	cluster_64	0.9997049100686304
tRNase	0	0	cluster_0	0.999998131102517
tRNase_Z	0	0	cluster_0	0.9999967053309664
tad1	17	17	cluster_17	0.9999840834789092
tad1_cm	17	17	cluster_17	0.9999761535701834
tad2	8	8	cluster_8	0.9999764818673373
tad2_spo1	8	8	cluster_8	0.9999767916189019
tifa	108	108	cluster_108	0.9994847715368391
ugi	13	13	cluster_13	0.9996135426536191
ugi_3	13	13	cluster_13	0.9996097426821817
ulx	101	101	cluster_101	0.9999720720856261
vcrx089	74	74	cluster_74	0.9999934198944196
vcrx090	156	156	cluster_156	0.9996660817531593
vcrx091	83	83	cluster_83	0.998115331629073
vcrx092	144	144	cluster_144	0.9994158804187975
vcrx093	89	89	cluster_89	0.9999963150446392
ydiL	3	3	cluster_3	0.9999773118111028
