query_id	true_label	pred_label	predicted_family	judge_score
5004	194	194	cluster_194	0.9974060525967318
5021	203	203	cluster_203	0.9964442306690816
5061	193	193	cluster_193	0.9971380230542233
5277	191	191	cluster_191	0.9969210664146905
A0A022FQ66	2	2	cluster_2	0.9999642442987996
A0A022PJQ7	2	2	cluster_2	0.9999258851390891
A0A023UEJ4	165	165	cluster_165	0.9987349146063141
A0A024L1D8	2	2	cluster_2	0.9999577734806521
A0A024QGA6	131	131	cluster_131	0.9999017997762709
A0A031LKV0	181	181	cluster_181	0.999971525126793
A0A037Y2Z6	101	101	cluster_101	0.9998092523978523
A0A059FD34	74	74	cluster_74	0.9999784002568584
A0A060QSC4	12	12	cluster_12	0.9999207662123191
A0A060UYH7	74	74	cluster_74	0.9999663771560336
A0A060V0H9	74	74	cluster_74	0.9999798753590656
A0A061FDP0	0	0	cluster_0	0.9999611559050021
A0A061JKK5	128	128	cluster_128	0.998966843014157
A0A061JKM6	72	72	cluster_72	0.9996349368847871
A0A061K8L9	181	181	cluster_181	0.9999790445903874
A0A061NAH7	10	10	cluster_10	0.9997871245756167
A0A066TD26	3	3	cluster_3	0.9997616398172273
A0A068XU97	5	5	cluster_5	0.9999607051348486
A0A071M9Y6	3	3	cluster_3	0.9998033438479135
A0A072NT49	4	4	cluster_4	0.9999819596188024
A0A074V975	6	6	cluster_6	0.9999688582011365
A0A075G9T6	4	4	cluster_4	0.9999686762557288
A0A075HDM8	0	0	cluster_0	0.9999771374480441
A0A075KJR3	0	0	cluster_0	0.9999653302110415
A0A075MD29	2	2	cluster_2	0.9998625959423313
A0A075UZM1	197	197	cluster_197	0.9999739686182264
A0A076H4T2	0	0	cluster_0	0.9999756351396409
A0A076HTW2	0	0	cluster_0	0.9999801516691541
A0A076LMU3	35	35	cluster_35	0.9998989300014381
A0A077LMF9	66	66	cluster_66	0.9989646562457785
A0A077M123	0	0	cluster_0	0.9999769524401264
A0A077P3P9	8	8	cluster_8	0.9999281924105197
A0A077PJ20	182	182	cluster_182	0.9999768059766976
A0A077PJP8	6	6	cluster_6	0.9999801532499295
A0A077XSF1	6	6	cluster_6	0.9999722584682891
A0A080M5T3	10	10	cluster_10	0.9997640022250331
A0A081L7U3	181	181	cluster_181	0.9999772166480456
A0A081R364	32	32	cluster_32	0.9996495679765005
A0A084XW58	10	10	cluster_10	0.9997373579875442
A0A085A7R8	2	2	cluster_2	0.9999562039026927
A0A085FYV1	123	123	cluster_123	0.9999020609989416
A0A085WQN3	0	0	cluster_0	0.999975107293997
A0A085ZJZ9	181	181	cluster_181	0.9999797401133846
A0A086AAF2	0	0	cluster_0	0.9999795613411259
A0A086AUP6	181	181	cluster_181	0.9999784578916721
A0A086TMN3	2	2	cluster_2	0.9999592733158383
A0A087DU63	192	192	cluster_192	0.9997143721667231
A0A088F1Q9	8	8	cluster_8	0.9997574803992426
A0A088FMV2	2	2	cluster_2	0.9999672536698533
A0A089JW37	0	0	cluster_0	0.9999735822537139
A0A089K5E1	0	0	cluster_0	0.9999790928515234
A0A089PL63	4	4	cluster_4	0.9999576544885631
A0A090EBH1	6	6	cluster_6	0.9999780695080778
A0A090FIW3	181	181	cluster_181	0.9999769861763755
A0A090R008	101	101	cluster_101	0.9998097469101707
A0A090Z3E4	175	175	cluster_175	0.999951686312375
A0A091CB71	131	131	cluster_131	0.9998903061264635
A0A091UP68	4	4	cluster_4	0.9999762024462208
A0A093RSA7	192	192	cluster_192	0.9997404877511625
A0A094L0U5	192	192	cluster_192	0.9997399519689752
A0A094WH89	6	6	cluster_6	0.9999736402208624
A0A096AXJ0	69	69	cluster_69	0.9996736716814351
A0A096C4V4	4	4	cluster_4	0.9999829088185259
A0A097AQP5	0	0	cluster_0	0.9999772350347884
A0A098AYR1	0	0	cluster_0	0.999980108044966
A0A099KKJ8	74	74	cluster_74	0.9999796355896161
A0A099P9D6	181	181	cluster_181	0.9999716761103533
A0A099WDU6	10	10	cluster_10	0.9997218262617459
A0A099WPG8	88	88	cluster_88	0.9996762639477348
A0A099ZF20	181	181	cluster_181	0.9999673969315389
A0A0A0AR11	181	181	cluster_181	0.99997212257205
A0A0A0DCP1	35	35	cluster_35	0.9998914171520493
A0A0A0QVC5	123	123	cluster_123	0.9999038394456756
A0A0A0UU49	88	88	cluster_88	0.9976069539325687
A0A0A2EC71	0	0	cluster_0	0.9999684151411312
A0A0A2GC59	6	6	cluster_6	0.9999728751109377
A0A0A2UY57	0	0	cluster_0	0.9999748170619337
A0A0A2WXT2	0	0	cluster_0	0.9999801742229507
A0A0A5GA11	8	8	cluster_8	0.9999213033346598
A0A0A8E5Z3	7	7	cluster_7	0.9999816956732918
A0A0A8ECR9	197	197	cluster_197	0.9999726565326574
A0A0A8ERN0	5	5	cluster_5	0.9999630745414833
A0A0A8VG70	2	2	cluster_2	0.9999642203470952
A0A0B1BAN6	126	126	cluster_126	0.9992728617160594
A0A0B3AHQ9	0	0	cluster_0	0.9999740420579649
A0A0B3W1I8	17	17	cluster_17	0.9999112915324586
A0A0B5EMS7	0	0	cluster_0	0.9999780825642989
A0A0B5I6N9	181	181	cluster_181	0.9999791518649991
A0A0B5KHN4	0	0	cluster_0	0.9999728683178041
A0A0B7H6B7	0	0	cluster_0	0.9999786124827195
A0A0C1D7Z4	181	181	cluster_181	0.9999796556252887
A0A0C1H6K8	0	0	cluster_0	0.9999779404898337
A0A0C1LZT9	131	131	cluster_131	0.9998726048461112
A0A0C1U6Y8	175	175	cluster_175	0.9999497694348894
A0A0C2XB47	181	181	cluster_181	0.9999723590555688
A0A0C3E4H7	192	192	cluster_192	0.9997325023785327
A0A0C3HTZ0	89	89	cluster_89	0.9999809726099395
A0A0C3MC11	6	6	cluster_6	0.9999730493968673
A0A0C5H2W7	2	2	cluster_2	0.9999596876961574
A0A0C5XPN5	2	2	cluster_2	0.9999421284900185
A0A0C6EG58	131	131	cluster_131	0.9998859646381277
A0A0C7MUR0	181	181	cluster_181	0.9999606991731546
A0A0C7P103	0	0	cluster_0	0.9999764281385528
A0A0D0ETF2	6	6	cluster_6	0.9999705160781278
A0A0D0FXU7	6	6	cluster_6	0.9999742507436088
A0A0D0IW64	196	196	cluster_196	0.9999819008091735
A0A0D0WRH1	181	181	cluster_181	0.999979649964477
A0A0D3K3H9	4	4	cluster_4	0.9999635972250073
A0A0D3LA01	0	0	cluster_0	0.9999773986274896
A0A0D5CKF3	181	181	cluster_181	0.9999784125294031
A0A0D5XR64	89	89	cluster_89	0.9999830707496592
A0A0D6DWU9	131	131	cluster_131	0.9998933650327244
A0A0D6XRM7	5	5	cluster_5	0.9999637457201768
A0A0D7W0Y3	0	0	cluster_0	0.9999784477076545
A0A0D8LBA6	2	2	cluster_2	0.999968737656767
A0A0D8ZSQ7	12	12	cluster_12	0.9998843722817046
A0A0E0UT28	97	97	cluster_97	0.9990629930668319
A0A0E0UVH5	15	15	cluster_15	0.9990573672943565
A0A0E0UW46	177	177	cluster_177	0.9992925425159574
A0A0E0UY76	181	181	cluster_181	0.999978837177855
A0A0E0UYK7	181	181	cluster_181	0.9999790609092335
A0A0E0XWM1	6	6	cluster_6	0.9999801445932593
A0A0E1NKP5	12	12	cluster_12	0.9999009744737374
A0A0E2AWD3	6	6	cluster_6	0.9999552989464795
A0A0E2HUQ3	12	12	cluster_12	0.9998971276403896
A0A0E2Q264	187	187	cluster_187	0.9998652052652962
A0A0E2Z4Q9	6	6	cluster_6	0.9999773538793784
A0A0E3K7D2	183	183	cluster_183	0.9999779606979836
A0A0E3KIA9	12	12	cluster_12	0.9998968960800488
A0A0E3PW44	0	0	cluster_0	0.999972945168461
A0A0E3QX18	0	0	cluster_0	0.9999719797690515
A0A0E3S4J9	0	0	cluster_0	0.999973053445984
A0A0F0DN23	5	5	cluster_5	0.9999564590992547
A0A0F1AW96	89	89	cluster_89	0.9999807887992561
A0A0F2JC73	0	0	cluster_0	0.9999805902746631
A0A0F2L6M4	10	10	cluster_10	0.9997081347937651
A0A0F2NHV6	74	74	cluster_74	0.9999642845660701
A0A0F3IMY4	101	101	cluster_101	0.9997362655956447
A0A0F3QCL8	0	0	cluster_0	0.9999786425604589
A0A0F4LRR3	0	0	cluster_0	0.9999737062727403
A0A0F5EY39	6	6	cluster_6	0.9999704353527287
A0A0F5FQJ7	0	0	cluster_0	0.9999795476491553
A0A0F5YLB7	181	181	cluster_181	0.9999766402628366
A0A0F6AJ29	0	0	cluster_0	0.9999739524461112
A0A0F6B0V6	3	3	cluster_3	0.9997564707039123
A0A0F6MNM7	131	131	cluster_131	0.9999005376460893
A0A0F6MV49	4	4	cluster_4	0.999981313462473
A0A0F6W0P6	5	5	cluster_5	0.9999683123138444
A0A0F7CQ77	181	181	cluster_181	0.9999793374215089
A0A0F7HJY6	0	0	cluster_0	0.9999732216139562
A0A0F7JE63	101	101	cluster_101	0.9998450030372268
A0A0F8DCR5	0	0	cluster_0	0.9999743203046928
A0A0F8UDL9	0	0	cluster_0	0.9999733035277446
A0A0F8W1N2	127	127	cluster_127	0.9999707891880857
A0A0F8WC35	197	197	cluster_197	0.9999637393370839
A0A0F8YC37	17	17	cluster_17	0.9998726655723966
A0A0F9AHB9	17	17	cluster_17	0.9999091148618389
A0A0F9AQS0	7	7	cluster_7	0.9999809227022534
A0A0F9C2J6	197	197	cluster_197	0.9999694526752132
A0A0F9CIJ6	6	6	cluster_6	0.9999746088248717
A0A0F9DWZ7	17	17	cluster_17	0.9999033351775541
A0A0F9EMJ1	197	197	cluster_197	0.9999701941570472
A0A0F9ETL9	14	14	cluster_14	0.9999770302148153
A0A0F9F1U2	197	197	cluster_197	0.9999696198344458
A0A0F9LXL1	197	197	cluster_197	0.9999683305585916
A0A0F9NFV1	197	197	cluster_197	0.9999697603886074
A0A0F9NKV7	197	197	cluster_197	0.9999665431517777
A0A0F9Q6A3	4	4	cluster_4	0.9999828727711838
A0A0F9RAN6	17	17	cluster_17	0.9996608683162198
A0A0F9RAV8	6	6	cluster_6	0.9999770177465026
A0A0F9RWS4	17	17	cluster_17	0.9998977105668617
A0A0F9RZA9	196	196	cluster_196	0.9999831163478828
A0A0F9SBM5	196	196	cluster_196	0.9999825759331291
A0A0F9T152	197	197	cluster_197	0.9999657124158029
A0A0F9T9R9	197	197	cluster_197	0.9999573282271689
A0A0F9UEM3	181	181	cluster_181	0.9999762273763004
A0A0F9UZD9	181	181	cluster_181	0.9998148316442128
A0A0F9XR49	192	192	cluster_192	0.999653433261917
A0A0G0AQP7	4	4	cluster_4	0.9999706072491362
A0A0G0HCE9	4	4	cluster_4	0.9999751005782199
A0A0G0MI32	181	181	cluster_181	0.9999771406286347
A0A0G0PSR2	0	0	cluster_0	0.9999755312280817
A0A0G0PTH8	196	196	cluster_196	0.9999789458175038
A0A0G0TNE4	4	4	cluster_4	0.9999719243918805
A0A0G0WAD7	0	0	cluster_0	0.9999754383237691
A0A0G1VAR5	202	202	cluster_202	0.9999755000126476
A0A0G2K831	181	181	cluster_181	0.9999705491905568
A0A0G3GW64	4	4	cluster_4	0.9999827498535538
A0A0G3M711	6	6	cluster_6	0.9999735181821301
A0A0G3WH58	10	10	cluster_10	0.9997541401842567
A0A0G4LZI3	4	4	cluster_4	0.9999702993818226
A0A0G4P7U7	181	181	cluster_181	0.9999574549002751
A0A0H1R0N1	0	0	cluster_0	0.9999743580653225
A0A0H1WCG7	145	145	cluster_145	0.9999554450951329
A0A0H2SMB7	0	0	cluster_0	0.999975110813987
A0A0H2UV12	168	168	cluster_168	0.9987404468214656
A0A0H2XJF5	123	123	cluster_123	0.9999014803558363
A0A0H2Z5B8	0	0	cluster_0	0.9999766143493045
A0A0H3CCB1	74	74	cluster_74	0.9999777042928426
A0A0H3CVI7	0	0	cluster_0	0.9999760468803769
A0A0H3FJB2	2	2	cluster_2	0.9999569621270572
A0A0H3JFM6	3	3	cluster_3	0.9997020828016363
A0A0H3NHP7	182	182	cluster_182	0.9999756127943564
A0A0H3ZUM5	101	101	cluster_101	0.9998176720211476
A0A0J0YTE9	8	8	cluster_8	0.9999334600590281
A0A0J1BZR6	0	0	cluster_0	0.9999698041305433
A0A0J4IIG3	77	77	cluster_77	0.99989451435865
A0A0J5FWW0	101	101	cluster_101	0.9998352289814266
A0A0J5IU09	6	6	cluster_6	0.9999792650366379
A0A0J5IU53	36	36	cluster_36	0.996984879806845
A0A0J5P1Y4	6	6	cluster_6	0.9999696605284232
A0A0J6E3P8	8	8	cluster_8	0.9999285781075009
A0A0J6ESB5	10	10	cluster_10	0.9997754126449698
A0A0J8GT29	6	6	cluster_6	0.9999786570152631
A0A0J8VKV5	123	123	cluster_123	0.999903243217486
A0A0J9FJ14	181	181	cluster_181	0.9999787500848406
A0A0K1FK66	4	4	cluster_4	0.9999832117147414
A0A0K1SKI8	181	181	cluster_181	0.9999692733399675
A0A0K1UGF5	89	89	cluster_89	0.9999826269426835
A0A0K2CSF0	123	123	cluster_123	0.9999026973590545
A0A0K2JCM2	0	0	cluster_0	0.9999595265066067
A0A0K4SA34	2	2	cluster_2	0.9999528835739918
A0A0K9YU99	181	181	cluster_181	0.9999772585704022
A0A0L0AWP9	192	192	cluster_192	0.9997472891143853
A0A0L6JM76	181	181	cluster_181	0.9999794618401036
A0A0L6JTM2	0	0	cluster_0	0.9999666682487246
A0A0L7Z181	192	192	cluster_192	0.9997291174342829
A0A0L8VVC2	181	181	cluster_181	0.9999710471691433
A0A0M1JI45	10	10	cluster_10	0.9997550609767735
A0A0M2KB22	123	123	cluster_123	0.999884731770379
A0A0M2LTT0	4	4	cluster_4	0.9999833843099614
A0A0M2SI15	0	0	cluster_0	0.9999746286052735
A0A0M2VJJ9	6	6	cluster_6	0.9999776575392396
A0A0M3AV27	4	4	cluster_4	0.9999829712745645
A0A0M4LGY3	0	0	cluster_0	0.9999764533489517
A0A0M8PX65	0	0	cluster_0	0.9999573876058186
A0A0M8SU46	0	0	cluster_0	0.9999778368522385
A0A0N0E893	5	5	cluster_5	0.9999696138238713
A0A0N0GE38	0	0	cluster_0	0.999978743332757
A0A0N1BJ23	0	0	cluster_0	0.9999798607699032
A0A0N1MT78	74	74	cluster_74	0.999977315630907
A0A0N5CK15	5	5	cluster_5	0.9999629604563102
A0A0N7MNF7	181	181	cluster_181	0.9999699973194062
A0A0N9WNT5	74	74	cluster_74	0.9999792980730736
A0A0P0NW10	4	4	cluster_4	0.9999841028022722
A0A0P0SIP2	0	0	cluster_0	0.9999767831706663
A0A0P1F7Z2	0	0	cluster_0	0.9999793462707168
A0A0P7DUX0	5	5	cluster_5	0.9999523840636102
A0A0P7Y0W5	74	74	cluster_74	0.9999785805028348
A0A0P8KB23	0	0	cluster_0	0.999978334831644
A0A0P9CBZ5	0	0	cluster_0	0.9999786127527515
A0A0P9FRG7	0	0	cluster_0	0.9999781899834158
A0A0P9LNQ5	0	0	cluster_0	0.9999784310195132
A0A0Q0VTU5	4	4	cluster_4	0.9999632815385299
A0A0Q1HTA6	4	4	cluster_4	0.9999824636037137
A0A0Q2Y1H1	6	6	cluster_6	0.999979240896752
A0A0Q4G265	74	74	cluster_74	0.9999771538898876
A0A0Q4IKH9	2	2	cluster_2	0.9999626514803762
A0A0Q4IMH8	74	74	cluster_74	0.9999780334065609
A0A0Q4QPZ9	0	0	cluster_0	0.9999791111559919
A0A0Q4RLX9	181	181	cluster_181	0.9999748697999666
A0A0Q4U8Z6	0	0	cluster_0	0.9999748502430185
A0A0Q5TPT2	0	0	cluster_0	0.9999789418867513
A0A0Q6T6X2	5	5	cluster_5	0.9999700335049934
A0A0Q7GIB9	0	0	cluster_0	0.999977202082694
A0A0Q7IKP4	182	182	cluster_182	0.9999746694111087
A0A0Q7UW68	0	0	cluster_0	0.9999790872809523
A0A0Q8CTT3	5	5	cluster_5	0.9999704163286744
A0A0Q8J9F8	181	181	cluster_181	0.999977804865695
A0A0Q8PK38	17	17	cluster_17	0.9998983463564804
A0A0Q8ZQU0	197	197	cluster_197	0.9999719983801508
A0A0Q9K4U4	0	0	cluster_0	0.9999737191561598
A0A0Q9L7H0	4	4	cluster_4	0.9999823891548464
A0A0Q9S1R8	0	0	cluster_0	0.9999730907453723
A0A0R0AZ31	7	7	cluster_7	0.9999846036768898
A0A0R1ERC2	131	131	cluster_131	0.9998708704849232
A0A0R1MAP6	0	0	cluster_0	0.9999783175262064
A0A0R1QRV3	181	181	cluster_181	0.9999783353581547
A0A0R1SCG7	0	0	cluster_0	0.999977175936767
A0A0R1WBN8	131	131	cluster_131	0.9998973049582156
A0A0R2B0H2	181	181	cluster_181	0.9999779071424442
A0A0R2B3V3	0	0	cluster_0	0.9999798261800007
A0A0R2BIA5	175	175	cluster_175	0.9999489496887309
A0A0R2BT53	88	88	cluster_88	0.9997352794143616
A0A0R2CF16	12	12	cluster_12	0.9999113291819148
A0A0R2FL22	175	175	cluster_175	0.9999500865780836
A0A0R2FV42	88	88	cluster_88	0.9997370991219546
A0A0R2I6L3	187	187	cluster_187	0.9998847825626038
A0A0R2LRF1	4	4	cluster_4	0.9999803364948031
A0A0R2NNE2	0	0	cluster_0	0.9999736676221983
A0A0R2ZXH4	0	0	cluster_0	0.999972973906651
A0A0R3LMC4	0	0	cluster_0	0.999966932034336
A0A0R3WBI4	0	0	cluster_0	0.9999640193786503
A0A0S6TY66	5	5	cluster_5	0.9999680772264236
A0A0S7ZER4	196	196	cluster_196	0.9999829873688032
A0A0S8HPU2	0	0	cluster_0	0.9999752480907884
A0A0S8IH39	0	0	cluster_0	0.9999769910566971
A0A0T6BWL9	10	10	cluster_10	0.9997823620186675
A0A0T6TWZ1	4	4	cluster_4	0.999981792883211
A0A0T8U657	145	145	cluster_145	0.9999561820087657
A0A0U0XGR3	0	0	cluster_0	0.9999771175603169
A0A0U3FPI9	183	183	cluster_183	0.9999786951970941
A0A0U3FU83	10	10	cluster_10	0.9997633513039329
A0A0U3P3P4	187	187	cluster_187	0.9998898934710014
A0A0U3PWS2	4	4	cluster_4	0.9999822607072801
A0A0U4CTS4	0	0	cluster_0	0.9999795798221616
A0A0U5E0X7	2	2	cluster_2	0.999958940335777
A0A0U5JCJ5	4	4	cluster_4	0.9999670012591709
A0A0U5JS89	5	5	cluster_5	0.999963688919745
A0A0V0JC76	0	0	cluster_0	0.9999698187554914
A0A0W0SUP1	6	6	cluster_6	0.9999798222507311
A0A0W0U2S0	0	0	cluster_0	0.9999712731407288
A0A0W0UL45	0	0	cluster_0	0.9999739563383293
A0A0W0Y7B1	6	6	cluster_6	0.9999798779661394
A0A0W0YLA8	192	192	cluster_192	0.9997381149128591
A0A0W1A5A1	0	0	cluster_0	0.9999720774370154
A0A0W1DGP0	103	103	cluster_103	0.9999571912309224
A0A0W1FAV9	0	0	cluster_0	0.9999034651194267
A0A0X3W124	5	5	cluster_5	0.9999625709632051
A0A0X4EW64	182	182	cluster_182	0.9999757259122929
A0A0X8VB38	21	21	cluster_21	0.9996466684531252
A0A0X8VCV4	21	21	cluster_21	0.9997173765725781
A0A0Z8H928	145	145	cluster_145	0.999951699514459
A0A0Z8V8E1	4	4	cluster_4	0.9999823668939527
A0A101FKK0	4	4	cluster_4	0.9999784755676149
A0A101VWW1	0	0	cluster_0	0.9999775828426085
A0A101XGX5	0	0	cluster_0	0.999967897001276
A0A101XLL2	0	0	cluster_0	0.9999722330558263
A0A103Y532	5	5	cluster_5	0.9999534755418548
A0A109QJ75	175	175	cluster_175	0.9999546782092607
A0A117M7I7	0	0	cluster_0	0.9999742924697669
A0A120BE14	0	0	cluster_0	0.9999786110538725
A0A120DAC5	74	74	cluster_74	0.9999782633877669
A0A120M0K1	181	181	cluster_181	0.9999785081220418
A0A124IG39	131	131	cluster_131	0.9998928716243333
A0A125DME0	196	196	cluster_196	0.9999835147370162
A0A126R9X6	103	103	cluster_103	0.9999534665139239
A0A126ZAY1	7	7	cluster_7	0.9999834194334872
A0A127VIK4	0	0	cluster_0	0.9999797594369912
A0A132EEN6	74	74	cluster_74	0.9999797566669015
A0A133L5A5	4	4	cluster_4	0.9999827285897498
A0A133NFH4	4	4	cluster_4	0.9999820672607681
A0A133VFN5	4	4	cluster_4	0.9999697540616144
A0A134A2N4	4	4	cluster_4	0.9999830776953796
A0A134AEI2	131	131	cluster_131	0.999894913208885
A0A136M114	181	181	cluster_181	0.9999752831256256
A0A136Q4J0	181	181	cluster_181	0.9999762890239555
A0A136WG86	21	21	cluster_21	0.9996212797374905
A0A137SQ48	6	6	cluster_6	0.9999730612168086
A0A139CIC0	4	4	cluster_4	0.9999690758231606
A0A139N676	145	145	cluster_145	0.9999545601852199
A0A139N961	0	0	cluster_0	0.9999770952564472
A0A139P1M4	58	58	cluster_58	0.9982411850728431
A0A139QDZ9	187	187	cluster_187	0.9998752556851114
A0A139R393	145	145	cluster_145	0.999948660090865
A0A142Y7P6	0	0	cluster_0	0.9999772170652026
A0A142Y9S1	0	0	cluster_0	0.9999793085805924
A0A143CBR9	127	127	cluster_127	0.9999715294279375
A0A143HAB6	131	131	cluster_131	0.9998818640656852
A0A143X725	192	192	cluster_192	0.9996883115484292
A0A143YQ43	187	187	cluster_187	0.9998906032199787
A0A143YVB8	187	187	cluster_187	0.9998983845477751
A0A147JWS3	181	181	cluster_181	0.9999742685792525
A0A149V1L2	0	0	cluster_0	0.9999794068628812
A0A149ZRP9	4	4	cluster_4	0.9999826212220967
A0A150J123	0	0	cluster_0	0.9999743789583843
A0A150LZM1	0	0	cluster_0	0.9999788236105961
A0A150M5G9	175	175	cluster_175	0.9999565783883895
A0A150PQ86	181	181	cluster_181	0.9999802176287945
A0A150W206	181	181	cluster_181	0.9999792149351708
A0A150XQF2	5	5	cluster_5	0.9999689848159822
A0A151A5X9	74	74	cluster_74	0.9999721285016842
A0A151EQV0	0	0	cluster_0	0.9999682779370753
A0A151F9T7	181	181	cluster_181	0.999977925965513
A0A154W8E2	0	0	cluster_0	0.9999817736758663
A0A157ZM07	2	2	cluster_2	0.999965199894864
A0A158E846	2	2	cluster_2	0.9999702264929878
A0A158K434	2	2	cluster_2	0.9999702015391628
A0A158KKV3	181	181	cluster_181	0.9999738403375132
A0A160IIY0	0	0	cluster_0	0.9999776151302413
A0A160LKL7	188	188	cluster_188	0.9998717116133782
A0A160P8M8	181	181	cluster_181	0.9999800782468168
A0A162A316	181	181	cluster_181	0.9999771947949653
A0A162J7X2	10	10	cluster_10	0.9997132331571511
A0A162KRJ4	4	4	cluster_4	0.9999813415194033
A0A163G4C6	0	0	cluster_0	0.9999742725234948
A0A164HW10	197	197	cluster_197	0.9999708018762694
A0A164LDK9	0	0	cluster_0	0.9999668088186918
A0A164P6K4	0	0	cluster_0	0.9999646105835948
A0A165YJ41	0	0	cluster_0	0.9999771983065088
A0A166S7D1	0	0	cluster_0	0.9999700204980093
A0A168NV23	0	0	cluster_0	0.9999750731457179
A0A172YI12	0	0	cluster_0	0.9999698995199516
A0A173LR23	181	181	cluster_181	0.9999781914975161
A0A173V1H0	131	131	cluster_131	0.9998908555832543
A0A174G083	12	12	cluster_12	0.999895356918354
A0A174GF35	5	5	cluster_5	0.9999666626576236
A0A174PEE4	131	131	cluster_131	0.99988310228601
A0A174U9J5	131	131	cluster_131	0.9999005399181679
A0A174YSQ4	131	131	cluster_131	0.9998922558324587
A0A176RW35	74	74	cluster_74	0.99997907456552
A0A176YTA3	0	0	cluster_0	0.9999660344748674
A0A177MZK8	0	0	cluster_0	0.9999719637003561
A0A177Q209	0	0	cluster_0	0.9999808091158845
A0A178M4R4	5	5	cluster_5	0.9999705577869731
A0A179C6T0	131	131	cluster_131	0.9998970262984369
A0A182FT06	181	181	cluster_181	0.9999767797112925
A0A192THX4	74	74	cluster_74	0.9999800417100125
A0A193LJL4	0	0	cluster_0	0.9999571090089127
A0A194QCK1	4	4	cluster_4	0.9999680731797425
A0A194XUH0	181	181	cluster_181	0.9999568089867872
A0A197ZZQ4	0	0	cluster_0	0.999979183938527
A0A1A0QYA8	74	74	cluster_74	0.9999771957610232
A0A1A2L641	0	0	cluster_0	0.9999713678587269
A0A1A3GW59	197	197	cluster_197	0.9999721002387743
A0A1A6AXE0	5	5	cluster_5	0.9999650767986594
A0A1A6TMK4	3	3	cluster_3	0.9996382634604
A0A1A7P9K2	6	6	cluster_6	0.99996796855217
A0A1A8ZFP0	181	181	cluster_181	0.9999796933838998
A0A1A9A7J9	181	181	cluster_181	0.9999797495017274
A0A1A9RHS4	6	6	cluster_6	0.9999694809747357
A0A1B1LR26	77	77	cluster_77	0.9998719647073503
A0A1B1Y7K9	6	6	cluster_6	0.9999695436244997
A0A1B2HGV0	181	181	cluster_181	0.9999799948115126
A0A1B2J064	4	4	cluster_4	0.9999809079861939
A0A1B2LYZ6	22	22	cluster_22	0.9999218892559577
A0A1B3JH68	6	6	cluster_6	0.9999783712659127
A0A1B3MUQ6	182	182	cluster_182	0.999976091121863
A0A1B4XJ35	74	74	cluster_74	0.9999803472653505
A0A1B4XR51	0	0	cluster_0	0.9999777237315114
A0A1B7JBR3	181	181	cluster_181	0.9999780304359198
A0A1B7VHR6	6	6	cluster_6	0.9999750368169488
A0A1B8QDX4	7	7	cluster_7	0.9999823201976322
A0A1B8UY59	0	0	cluster_0	0.9999752719682198
A0A1B8X306	0	0	cluster_0	0.9999733195150398
A0A1B9C076	10	10	cluster_10	0.9997791671880745
A0A1B9DSX8	0	0	cluster_0	0.9999794965597082
A0A1B9E2E2	0	0	cluster_0	0.9999791129240019
A0A1B9EPD5	0	0	cluster_0	0.9999774806250146
A0A1B9ESM3	0	0	cluster_0	0.999978348822532
A0A1B9JSK2	3	3	cluster_3	0.9997719894251252
A0A1B9K1D4	3	3	cluster_3	0.9997901676953884
A0A1B9K570	3	3	cluster_3	0.9997915507852291
A0A1B9KS85	3	3	cluster_3	0.9997821292641086
A0A1B9L1J3	3	3	cluster_3	0.9997833473142089
A0A1B9L2V1	3	3	cluster_3	0.9997676472528807
A0A1B9LHQ7	3	3	cluster_3	0.999780813522182
A0A1B9MY75	6	6	cluster_6	0.9999720094682006
A0A1C0YMM9	181	181	cluster_181	0.9999682815346556
A0A1C3JCC1	0	0	cluster_0	0.9999623807627579
A0A1C3NJG3	0	0	cluster_0	0.9999711342968846
A0A1C3RF79	181	181	cluster_181	0.999978700674808
A0A1C3TKG8	181	181	cluster_181	0.9999773175146475
A0A1C4F3C2	0	0	cluster_0	0.9999766368048092
A0A1C4F401	0	0	cluster_0	0.9999748504214249
A0A1C4MX46	197	197	cluster_197	0.9999689312344829
A0A1C5I9Z1	181	181	cluster_181	0.9999798478540998
A0A1C5JD09	5	5	cluster_5	0.9999634472434237
A0A1C5KZ25	127	127	cluster_127	0.9999642180122275
A0A1C5SB18	6	6	cluster_6	0.9999743289581184
A0A1C5XFJ6	5	5	cluster_5	0.9999631065907721
A0A1C6C7J0	4	4	cluster_4	0.999982965978138
A0A1C6CZP6	5	5	cluster_5	0.9999662504501844
A0A1C6DZ79	6	6	cluster_6	0.9999750193768947
A0A1C6EFW4	131	131	cluster_131	0.9998886487743458
A0A1C6I0S4	17	17	cluster_17	0.9999091241331842
A0A1C6ITB5	4	4	cluster_4	0.9999830205849782
A0A1C6RTL5	181	181	cluster_181	0.9999785909851379
A0A1C7DGU8	74	74	cluster_74	0.9999760893456537
A0A1C7FHV4	101	101	cluster_101	0.999736499492239
A0A1C8ZSL6	183	183	cluster_183	0.9999788451299196
A0A1C8ZU78	181	181	cluster_181	0.9999693845113902
A0A1D2RB07	0	0	cluster_0	0.9999780573539881
A0A1D8D1Q4	4	4	cluster_4	0.9999820237453421
A0A1D8ISJ5	0	0	cluster_0	0.9999759758849888
A0A1D8JJT9	0	0	cluster_0	0.9999735700540462
A0A1E1V916	0	0	cluster_0	0.9999782890994708
A0A1E3VIA2	0	0	cluster_0	0.9999760908287171
A0A1E4EFE9	6	6	cluster_6	0.9999730569593638
A0A1E4JDK2	181	181	cluster_181	0.9999782250516702
A0A1E4T9D4	4	4	cluster_4	0.9999814124491736
A0A1E5KWS5	177	177	cluster_177	0.9987714405399615
A0A1E5L422	175	175	cluster_175	0.9999583883886605
A0A1E5LEX7	4	4	cluster_4	0.9999822374318271
A0A1E5LG21	175	175	cluster_175	0.9999543152742616
A0A1E5TB99	0	0	cluster_0	0.9999793815508304
A0A1E5W4D4	5	5	cluster_5	0.9999488491526314
A0A1E7I4V9	35	35	cluster_35	0.9998936158932483
A0A1E7J2E8	4	4	cluster_4	0.9999829336140903
A0A1E7TTQ6	7	7	cluster_7	0.9999834398684458
A0A1E7WG41	192	192	cluster_192	0.9997323208385702
A0A1E7YKH6	10	10	cluster_10	0.9997695456794298
A0A1E7YNM8	10	10	cluster_10	0.9997535047489702
A0A1E7Z003	2	2	cluster_2	0.9999648264075042
A0A1E9AC89	0	0	cluster_0	0.9999780123072242
A0A1E9M799	4	4	cluster_4	0.9999835789972552
A0A1F0BGK7	164	164	cluster_164	0.99922546939603
A0A1F2HAF5	32	32	cluster_32	0.9997015343348655
A0A1F2P9K0	4	4	cluster_4	0.9999681291507077
A0A1F2PG48	17	17	cluster_17	0.999894766078152
A0A1F2VT02	0	0	cluster_0	0.9999775370067704
A0A1F3W1X1	4	4	cluster_4	0.9999833287437871
A0A1F4ARS0	181	181	cluster_181	0.9999795808117857
A0A1F4AZG2	208	208	cluster_208	0.9997768709348785
A0A1F4F7V3	181	181	cluster_181	0.9999790202970392
A0A1F4LP69	7	7	cluster_7	0.9999837319831583
A0A1F4USJ5	6	6	cluster_6	0.9999742298166814
A0A1F5BJ97	0	0	cluster_0	0.999973101543684
A0A1F5DF56	0	0	cluster_0	0.9999775598531689
A0A1F5GG10	6	6	cluster_6	0.9999726618386966
A0A1F5GUK5	0	0	cluster_0	0.9999735557347111
A0A1F5VFX1	196	196	cluster_196	0.999982967965129
A0A1F6AQR9	4	4	cluster_4	0.9999797098337774
A0A1F6EFM2	196	196	cluster_196	0.9999839866349005
A0A1F6HPL9	0	0	cluster_0	0.9999790221103779
A0A1F6I7N2	4	4	cluster_4	0.9999655674289919
A0A1F6NQT2	196	196	cluster_196	0.9999830838149124
A0A1F6X1A8	196	196	cluster_196	0.9999814064695972
A0A1F7L8I2	0	0	cluster_0	0.9999779247696182
A0A1F7N3F6	181	181	cluster_181	0.999975040141988
A0A1F7NFX9	4	4	cluster_4	0.9999815391879694
A0A1F8PPZ4	4	4	cluster_4	0.999982514980345
A0A1F8R8K3	0	0	cluster_0	0.9999802198661052
A0A1F8RU46	181	181	cluster_181	0.9999741916674671
A0A1F8SAD0	0	0	cluster_0	0.9999768464618641
A0A1F8XSD0	0	0	cluster_0	0.9999787241818345
A0A1F8ZV63	4	4	cluster_4	0.9999827716691768
A0A1F9DBZ5	0	0	cluster_0	0.9999760592667417
A0A1F9HA29	0	0	cluster_0	0.9999784529107534
A0A1F9KVV0	4	4	cluster_4	0.9999823136938873
A0A1F9NCF4	181	181	cluster_181	0.9999750895255186
A0A1F9QIW1	4	4	cluster_4	0.9999826441760974
A0A1F9Z010	0	0	cluster_0	0.9999732884731717
A0A1G0BKX2	182	182	cluster_182	0.9999779382495741
A0A1G0CSV7	143	143	cluster_143	0.9989079969399867
A0A1G0I640	17	17	cluster_17	0.9998789789602124
A0A1G0J8E4	192	192	cluster_192	0.9997365422943945
A0A1G0KYC2	10	10	cluster_10	0.9997567778037003
A0A1G1C9R6	202	202	cluster_202	0.9999734650701462
A0A1G1JSD3	0	0	cluster_0	0.9999765947877685
A0A1G1WCG5	4	4	cluster_4	0.9999823921231278
A0A1G2BKX2	196	196	cluster_196	0.9999841158061077
A0A1G2DAK2	196	196	cluster_196	0.9999843510268828
A0A1G2DLD5	196	196	cluster_196	0.9999843922254423
A0A1G2PV46	196	196	cluster_196	0.9999833305431919
A0A1G2YJ25	0	0	cluster_0	0.9999728185326341
A0A1G2ZG32	181	181	cluster_181	0.9999769131485858
A0A1G2ZLC2	0	0	cluster_0	0.9999774620615078
A0A1G3BNI5	0	0	cluster_0	0.999973503267197
A0A1G3CF43	0	0	cluster_0	0.9999782707124799
A0A1G3FW94	0	0	cluster_0	0.9999796301858942
A0A1G3R824	0	0	cluster_0	0.9999746667934101
A0A1G3X0Z7	69	69	cluster_69	0.9997524202920322
A0A1G3XAY0	69	69	cluster_69	0.999799388283445
A0A1G4INP2	181	181	cluster_181	0.9999683168402981
A0A1G4INU5	181	181	cluster_181	0.9999630356934534
A0A1G4IPS1	181	181	cluster_181	0.9999686909979357
A0A1G4IVI2	181	181	cluster_181	0.9999638087114732
A0A1G4K391	181	181	cluster_181	0.9999648700608245
A0A1G4ML12	181	181	cluster_181	0.9999637831617295
A0A1G4XIF4	8	8	cluster_8	0.9999340988101761
A0A1G5A2M3	7	7	cluster_7	0.9999838686312875
A0A1G5JRB5	10	10	cluster_10	0.9997721572510785
A0A1G5R6P7	182	182	cluster_182	0.9999765164474976
A0A1G5RRT3	4	4	cluster_4	0.9999820601770402
A0A1G5UZ44	0	0	cluster_0	0.9999765800527667
A0A1G6AV57	192	192	cluster_192	0.9997404337931542
A0A1G6HJ04	131	131	cluster_131	0.9998923184410441
A0A1G6LWF8	10	10	cluster_10	0.9997746625258971
A0A1G6MQW5	0	0	cluster_0	0.9999755278581467
A0A1G6Q9J4	4	4	cluster_4	0.9999835730318982
A0A1G6RQT7	10	10	cluster_10	0.9997776401713085
A0A1G7MHN5	3	3	cluster_3	0.9996051909896293
A0A1G7MHU2	95	95	cluster_95	0.9996468469159872
A0A1G7PJ31	4	4	cluster_4	0.9999819481141967
A0A1G7QPP8	5	5	cluster_5	0.999964092491541
A0A1G7QRG2	0	0	cluster_0	0.9999791205073713
A0A1G7V5D0	4	4	cluster_4	0.9999839289239505
A0A1G8SKN3	7	7	cluster_7	0.9999835408215444
A0A1G8WXR9	0	0	cluster_0	0.9999754026184844
A0A1G8YLB1	182	182	cluster_182	0.9999726760177127
A0A1G8ZRR5	0	0	cluster_0	0.9999700620050218
A0A1G9FY32	10	10	cluster_10	0.9997658598086167
A0A1G9Q3H8	0	0	cluster_0	0.9999793537764335
A0A1G9QLE4	0	0	cluster_0	0.9999724439559367
A0A1G9TUK6	5	5	cluster_5	0.9999658602592023
A0A1H0C537	0	0	cluster_0	0.9999739428598615
A0A1H0MR88	10	10	cluster_10	0.9997560863878203
A0A1H0YLH4	187	187	cluster_187	0.9998996362097321
A0A1H2DS63	181	181	cluster_181	0.9999768851738486
A0A1H2SHE7	17	17	cluster_17	0.9999021523428919
A0A1H2SSX1	0	0	cluster_0	0.9999762652414926
A0A1H2ZJX7	181	181	cluster_181	0.999968706222104
A0A1H3EXL3	5	5	cluster_5	0.9999639348041227
A0A1H3GMI2	0	0	cluster_0	0.9999746464188753
A0A1H3K265	2	2	cluster_2	0.9999699234666424
A0A1H3MTU6	4	4	cluster_4	0.9999841354829508
A0A1H3YQJ5	4	4	cluster_4	0.999982674580907
A0A1H4CIZ1	0	0	cluster_0	0.9999755673006918
A0A1H4DRL7	131	131	cluster_131	0.9999002753883262
A0A1H4DSX5	0	0	cluster_0	0.9999688355345115
A0A1H4IPG7	4	4	cluster_4	0.99998317114109
A0A1H4NVS0	0	0	cluster_0	0.999978453441851
A0A1H4VPV8	5	5	cluster_5	0.9999686344421209
A0A1H5FI15	181	181	cluster_181	0.9999790442525894
A0A1H5IR94	181	181	cluster_181	0.9999777307755108
A0A1H5VDI7	0	0	cluster_0	0.999977662141164
A0A1H7CVY6	5	5	cluster_5	0.9999693206705546
A0A1H7LTN4	182	182	cluster_182	0.9999751374407495
A0A1H7MRG8	17	17	cluster_17	0.9999080319632888
A0A1H7TH46	4	4	cluster_4	0.9999599859854604
A0A1H7THN1	181	181	cluster_181	0.9999797083277976
A0A1H7WPN9	0	0	cluster_0	0.9999718000017395
A0A1H8GL17	162	162	cluster_162	0.9995579938534617
A0A1H8PNK7	5	5	cluster_5	0.9999553707337893
A0A1H9C708	181	181	cluster_181	0.9999717761234335
A0A1H9L8I5	91	91	cluster_91	0.9987468325456507
A0A1H9L9M4	130	130	cluster_130	0.9976707854811723
A0A1H9TP36	4	4	cluster_4	0.9999825999117419
A0A1I0BRD2	10	10	cluster_10	0.9997146641616904
A0A1I0FXI9	10	10	cluster_10	0.9997815942300129
A0A1I0MB11	0	0	cluster_0	0.9999702434288433
A0A1I0Q234	181	181	cluster_181	0.9999801074694349
A0A1I0WG66	175	175	cluster_175	0.9999553565304133
A0A1I1INV1	192	192	cluster_192	0.9997095463732919
A0A1I1KIS0	181	181	cluster_181	0.9999795298766797
A0A1I1P4I8	192	192	cluster_192	0.9996776995666768
A0A1I1RE35	5	5	cluster_5	0.9999689046676411
A0A1I1VK68	181	181	cluster_181	0.999970441193055
A0A1I2CS77	5	5	cluster_5	0.9999694872005703
A0A1I2JWM9	6	6	cluster_6	0.9999679588322784
A0A1I2KQJ7	17	17	cluster_17	0.9999074781290953
A0A1I2MEI7	175	175	cluster_175	0.9999486066159095
A0A1I2NX48	10	10	cluster_10	0.9997636594671616
A0A1I2UAD6	175	175	cluster_175	0.9999508543220458
A0A1I3C4G8	187	187	cluster_187	0.9999019939901812
A0A1I3JBG6	0	0	cluster_0	0.9999752304170919
A0A1I3JLQ6	7	7	cluster_7	0.9999815869550656
A0A1I3L5G2	197	197	cluster_197	0.9999677839411739
A0A1I3Q8W3	0	0	cluster_0	0.999967943196015
A0A1I3SB37	101	101	cluster_101	0.9998097125913159
A0A1I3T8U4	202	202	cluster_202	0.9999678338181706
A0A1I3UWZ8	0	0	cluster_0	0.9999734286225076
A0A1I3WS07	0	0	cluster_0	0.9999807507392635
A0A1I4GXB2	95	95	cluster_95	0.9996448462453802
A0A1I4RI07	2	2	cluster_2	0.999963131854843
A0A1I4TND6	2	2	cluster_2	0.9999700868934063
A0A1I4XG85	0	0	cluster_0	0.9999739495271068
A0A1I5E017	5	5	cluster_5	0.9999641543443941
A0A1I5E0D2	0	0	cluster_0	0.9999776174350338
A0A1I5I607	74	74	cluster_74	0.9999779982291985
A0A1I5Q1T5	4	4	cluster_4	0.999983440310145
A0A1I5V5H5	187	187	cluster_187	0.9999018852423404
A0A1I5X599	0	0	cluster_0	0.9999693380665511
A0A1I5XTZ7	181	181	cluster_181	0.9999779042340706
A0A1I5YPP8	0	0	cluster_0	0.9999773745407863
A0A1I6B824	0	0	cluster_0	0.9999701701789042
A0A1I6GMV4	181	181	cluster_181	0.9999761800483432
A0A1I6GVL3	0	0	cluster_0	0.9999773782454067
A0A1I6QK36	0	0	cluster_0	0.9999621607278416
A0A1I6SRP3	0	0	cluster_0	0.999970372981608
A0A1I6X577	127	127	cluster_127	0.9999711041827998
A0A1I7JFP2	130	130	cluster_130	0.9979204533843432
A0A1I9YHY1	181	181	cluster_181	0.9999758509853957
A0A1I9YL63	181	181	cluster_181	0.9999787070618587
A0A1J4TT91	4	4	cluster_4	0.999982637646374
A0A1J4ZNF8	4	4	cluster_4	0.9999815923178543
A0A1J5ARL7	4	4	cluster_4	0.9999823685407611
A0A1J5IAB4	74	74	cluster_74	0.9999658765559687
A0A1J5L4E8	0	0	cluster_0	0.9999767666905462
A0A1J5M198	4	4	cluster_4	0.9999823672343087
A0A1J5W0G8	5	5	cluster_5	0.9999599354403494
A0A1K1QM14	4	4	cluster_4	0.9999829007109234
A0A1L0D6L2	181	181	cluster_181	0.9999775262147448
A0A1L3F3L4	0	0	cluster_0	0.9999791959194481
A0A1L3J6Y5	5	5	cluster_5	0.9999672559418261
A0A1L6JHZ0	4	4	cluster_4	0.9999721223895123
A0A1L6ZGS2	0	0	cluster_0	0.9999774736314224
A0A1L7BDP5	181	181	cluster_181	0.9999756269888209
A0A1L8SNE3	60	60	cluster_60	0.9967865059338749
A0A1L8ZBJ2	0	0	cluster_0	0.9999770107938223
A0A1M3D7Y6	181	181	cluster_181	0.9999772845524375
A0A1M3G903	181	181	cluster_181	0.9999674243071911
A0A1M3HC70	0	0	cluster_0	0.9999803280937645
A0A1M3PTM8	74	74	cluster_74	0.9999781636079977
A0A1M4MMS6	0	0	cluster_0	0.9999759089763726
A0A1M4U465	5	5	cluster_5	0.9999642711732698
A0A1M4XM49	0	0	cluster_0	0.9999727671814759
A0A1M4Z3W3	175	175	cluster_175	0.9999509514118937
A0A1M5F5N8	0	0	cluster_0	0.9999787495583793
A0A1M5FS56	0	0	cluster_0	0.9999804504938076
A0A1M5PI21	5	5	cluster_5	0.9999625894655888
A0A1M5R1U5	0	0	cluster_0	0.9999730434608068
A0A1M5U4W7	175	175	cluster_175	0.9999489252679382
A0A1M5VSQ7	4	4	cluster_4	0.9999820620446326
A0A1M5WDI8	5	5	cluster_5	0.9999529764178127
A0A1M5Y5B8	4	4	cluster_4	0.9999807155469552
A0A1M6AKE2	6	6	cluster_6	0.9999748636367843
A0A1M6AQW1	181	181	cluster_181	0.9999755691574294
A0A1M6I4B2	0	0	cluster_0	0.9999649848122616
A0A1M6JXG0	5	5	cluster_5	0.999966684273587
A0A1M6ML92	182	182	cluster_182	0.9999714112443664
A0A1M6SW16	0	0	cluster_0	0.9999740056807795
A0A1M6SY72	0	0	cluster_0	0.9999691712602313
A0A1M6UCK5	0	0	cluster_0	0.9999800455598119
A0A1M6UKT5	131	131	cluster_131	0.9998869276400343
A0A1M6ZJ53	181	181	cluster_181	0.999978196560784
A0A1M7BB17	66	66	cluster_66	0.9991000067017424
A0A1M7GJ37	103	103	cluster_103	0.9999525871388064
A0A1M7H633	4	4	cluster_4	0.9999822175010101
A0A1M7SWZ4	0	0	cluster_0	0.9999676522896391
A0A1N7MA92	181	181	cluster_181	0.9999790600105738
A0A1N7PY11	0	0	cluster_0	0.9999707396434221
A0A1N7Q497	175	175	cluster_175	0.9999570862193082
A0A1P8WH29	181	181	cluster_181	0.9999801446334472
A0A1Q2D7N3	187	187	cluster_187	0.9998951698074272
A0A1Q2M990	181	181	cluster_181	0.9999718905126418
A0A1Q3A7L9	181	181	cluster_181	0.9999722381193851
A0A1Q3EZI5	181	181	cluster_181	0.9999758140133415
A0A1Q4BS88	2	2	cluster_2	0.9999661064610633
A0A1Q4FXP4	4	4	cluster_4	0.9999723053350204
A0A1Q4GHQ2	0	0	cluster_0	0.9999741358768561
A0A1Q5DXY2	5	5	cluster_5	0.9999640415194977
A0A1Q5EC26	181	181	cluster_181	0.9999808238871343
A0A1Q5FPK3	5	5	cluster_5	0.9999599267448162
A0A1Q5TMZ9	101	101	cluster_101	0.9998363633661745
A0A1Q5TTT4	192	192	cluster_192	0.9997542948359872
A0A1Q6Q0I4	0	0	cluster_0	0.9999762129894814
A0A1Q6TNA4	0	0	cluster_0	0.9999768555254658
A0A1Q7B2D7	0	0	cluster_0	0.9999763000979982
A0A1Q7CTU1	0	0	cluster_0	0.9999763656813295
A0A1Q7FUE9	0	0	cluster_0	0.999978851492726
A0A1Q8BP49	0	0	cluster_0	0.999976579405902
A0A1Q8EDD3	145	145	cluster_145	0.9999543353923603
A0A1Q8G327	192	192	cluster_192	0.9997335860166008
A0A1Q8IKU1	2	2	cluster_2	0.9999694230351871
A0A1Q8KZT9	0	0	cluster_0	0.9999674386679339
A0A1Q8TW92	0	0	cluster_0	0.9999761188829228
A0A1Q9NAB9	0	0	cluster_0	0.9999733437551016
A0A1Q9P1L7	0	0	cluster_0	0.9999753609224972
A0A1R1C5B7	8	8	cluster_8	0.9999324972380724
A0A1R1DGS1	8	8	cluster_8	0.9999296211941959
A0A1R2IZ24	4	4	cluster_4	0.999981673386162
A0A1R3U154	0	0	cluster_0	0.9999768900507158
A0A1R4EC97	7	7	cluster_7	0.9999818234679011
A0A1R4H0Z7	10	10	cluster_10	0.9997648712465935
A0A1R4I4T4	192	192	cluster_192	0.9997052723272947
A0A1R4I521	208	208	cluster_208	0.9993656077049172
A0A1R4KMQ4	6	6	cluster_6	0.9999779172530042
A0A1S1LTB0	127	127	cluster_127	0.9999731239178028
A0A1S1MVM1	5	5	cluster_5	0.9999606173476188
A0A1S1NYL7	0	0	cluster_0	0.9999688954781429
A0A1S2F044	0	0	cluster_0	0.9999737822080459
A0A1S2GX66	4	4	cluster_4	0.9999449471334771
A0A1S2LP72	131	131	cluster_131	0.9998798627082544
A0A1S2NXE9	181	181	cluster_181	0.9999794884618619
A0A1S3LQQ9	4	4	cluster_4	0.999980127094846
A0A1S3VNX4	0	0	cluster_0	0.9999603402030973
A0A1S6ILQ2	187	187	cluster_187	0.9998979090224117
A0A1S8MDU3	17	17	cluster_17	0.9998821017781782
A0A1S8RGI6	17	17	cluster_17	0.9998937226005372
A0A1S8RT55	10	10	cluster_10	0.9998289442232647
A0A1S8TUK6	10	10	cluster_10	0.999746359530394
A0A1S8TVS1	10	10	cluster_10	0.9997490778362834
A0A1S8TXJ1	17	17	cluster_17	0.9999088816232926
A0A1S8Y7Q7	3	3	cluster_3	0.9997315001579626
A0A1T1BHT4	0	0	cluster_0	0.9999788523577384
A0A1T2X8Y5	4	4	cluster_4	0.999983103824681
A0A1T4LBJ0	0	0	cluster_0	0.9999802799099258
A0A1T4M1X5	4	4	cluster_4	0.9999827804557005
A0A1T4MHW6	127	127	cluster_127	0.9999762289275176
A0A1T4UJR3	101	101	cluster_101	0.9998390559601216
A0A1T5MNG6	10	10	cluster_10	0.9998381523818511
A0A1U0TF54	127	127	cluster_127	0.9999639084643313
A0A1U7FPN9	0	0	cluster_0	0.99994743490462
A0A1U7S3Y4	181	181	cluster_181	0.9999707265116179
A0A1U7Z6H3	0	0	cluster_0	0.9999573561177494
A0A1U8B2F9	5	5	cluster_5	0.9999482285377769
A0A1U9MCA1	0	0	cluster_0	0.9999670961721578
A0A1U9MGS0	181	181	cluster_181	0.9999798037540986
A0A1U9NBV7	192	192	cluster_192	0.9997394312038639
A0A1V0B6A5	72	72	cluster_72	0.9996145618706231
A0A1V0B6D0	107	107	cluster_107	0.9995886092209553
A0A1V0B8Y1	0	0	cluster_0	0.9999715344312793
A0A1V0RMF0	0	0	cluster_0	0.9999698710186865
A0A1V2DQJ6	72	72	cluster_72	0.9994392534664999
A0A1V3J7M0	6	6	cluster_6	0.9999677018324182
A0A1V3L0J1	6	6	cluster_6	0.9999687022059282
A0A1V4A9M4	197	197	cluster_197	0.9999684437460589
A0A1V4B133	5	5	cluster_5	0.9999686471815272
A0A1V4EV71	4	4	cluster_4	0.9999833176275678
A0A1V4ZJ08	0	0	cluster_0	0.9999768839288049
A0A1V4ZP38	6	6	cluster_6	0.999974614905921
A0A1V5CZ70	6	6	cluster_6	0.999977624914321
A0A1V5HPT2	8	8	cluster_8	0.9999270211114829
A0A1V5KB67	17	17	cluster_17	0.9999069039775872
A0A1V5N5Q3	0	0	cluster_0	0.9999758348338466
A0A1V5PPR0	181	181	cluster_181	0.9999722114016685
A0A1V5U6S6	10	10	cluster_10	0.9996669853931903
A0A1V5UQ03	0	0	cluster_0	0.9999725739849072
A0A1V6I629	6	6	cluster_6	0.9999687458975945
A0A1V6M2U5	181	181	cluster_181	0.9999774148637469
A0A1V6S7A5	4	4	cluster_4	0.9999826761537207
A0A1V8NS37	126	126	cluster_126	0.9993072749840968
A0A1V8X676	187	187	cluster_187	0.9998901046902725
A0A1W1VH94	5	5	cluster_5	0.999964480554328
A0A1W1WEU1	6	6	cluster_6	0.9999793020062068
A0A1W1WNP6	10	10	cluster_10	0.9997811538671358
A0A1W1YNX3	0	0	cluster_0	0.9999780473455029
A0A1W2BRI2	5	5	cluster_5	0.9999643435005313
A0A1W2D969	74	74	cluster_74	0.9999790400875469
A0A1W6AHY6	8	8	cluster_8	0.9999326702386843
A0A1W6CLP6	5	5	cluster_5	0.9999704222055342
A0A1W6CTW9	74	74	cluster_74	0.9999787133684858
A0A1W6K186	183	183	cluster_183	0.9999762287866261
A0A1W6K1S7	10	10	cluster_10	0.9997720944127156
A0A1W6MHU4	5	5	cluster_5	0.9999692753686322
A0A1W6MPH5	0	0	cluster_0	0.9999768059698418
A0A1W6N218	196	196	cluster_196	0.9999828125352522
A0A1W6WHP2	8	8	cluster_8	0.9999223428618372
A0A1W6ZQ17	181	181	cluster_181	0.9999777782260008
A0A1W9HZY9	0	0	cluster_0	0.9999800884223877
A0A1W9KPZ5	2	2	cluster_2	0.9999656674374624
A0A1W9MC48	0	0	cluster_0	0.9999775092424914
A0A1W9PEH3	181	181	cluster_181	0.9999770361581195
A0A1X0IUT7	127	127	cluster_127	0.9999752006280748
A0A1X1B873	4	4	cluster_4	0.9999830954073972
A0A1X1H6B1	0	0	cluster_0	0.9999776901368765
A0A1X1HY39	32	32	cluster_32	0.9995540688734722
A0A1X1J1V9	4	4	cluster_4	0.999982732402459
A0A1X1XLM2	74	74	cluster_74	0.9999775382591943
A0A1X2L9R5	0	0	cluster_0	0.9999757537571025
A0A1X3DHA7	11	11	cluster_11	0.9980879551603028
A0A1X6WLV6	187	187	cluster_187	0.9998886060677112
A0A1X7HJW3	0	0	cluster_0	0.9999766107470938
A0A1X7K6W3	175	175	cluster_175	0.999956342114261
A0A1X7M7A3	2	2	cluster_2	0.9999659525163781
A0A1X7M8H1	123	123	cluster_123	0.999906501790667
A0A1X7R423	181	181	cluster_181	0.999975704517667
A0A1X9M5R3	17	17	cluster_17	0.9998451090815859
A0A1Y0BX23	74	74	cluster_74	0.9999770330450397
A0A1Y2FME0	181	181	cluster_181	0.9999723121975816
A0A1Y3CMF3	182	182	cluster_182	0.9999777563523269
A0A1Y3PMH4	175	175	cluster_175	0.999955935774726
A0A1Y3VTL1	182	182	cluster_182	0.9999671491143184
A0A1Y3YDN6	131	131	cluster_131	0.9998910333273162
A0A1Y4AQM8	6	6	cluster_6	0.9999757909558536
A0A1Y4CGH8	0	0	cluster_0	0.9999774638102483
A0A1Y4CHA4	181	181	cluster_181	0.9999771101916881
A0A1Y4EL13	181	181	cluster_181	0.9999664230900444
A0A1Y4QHK9	5	5	cluster_5	0.9999636643532375
A0A1Y4QT93	12	12	cluster_12	0.9998882733390825
A0A1Y4REQ5	5	5	cluster_5	0.9999626586682647
A0A1Y4UIP6	21	21	cluster_21	0.9997379467864929
A0A1Y5TLU8	0	0	cluster_0	0.9999772187791044
A0A1Y6CX56	10	10	cluster_10	0.9997758786592462
A0A1Y6JR09	0	0	cluster_0	0.9999785289328537
A0A1Z1SSS3	192	192	cluster_192	0.9997344892325044
A0A1Z1WNE8	197	197	cluster_197	0.9999688309503718
A0A1Z3MM24	208	208	cluster_208	0.9998252048698218
A0A1Z3N374	77	77	cluster_77	0.9998480917218421
A0A1Z4KT24	6	6	cluster_6	0.9999720775965607
A0A1Z4UY07	6	6	cluster_6	0.9999764791359175
A0A1Z4V321	6	6	cluster_6	0.9999754183762148
A0A1Z5J072	181	181	cluster_181	0.9999704481513546
A0A1Z8KS14	74	74	cluster_74	0.9999770166118435
A0A1Z8NHF7	0	0	cluster_0	0.9999747936076686
A0A1Z8Q4M4	4	4	cluster_4	0.9999716377186068
A0A1Z8WVY5	4	4	cluster_4	0.9999844171046379
A0A1Z9DSL2	74	74	cluster_74	0.9999773135647285
A0A1Z9PQT9	197	197	cluster_197	0.9999573623818309
A0A200IH09	0	0	cluster_0	0.9999716586513765
A0A202FD55	0	0	cluster_0	0.9999781447645629
A0A202FDH6	4	4	cluster_4	0.9999808344298713
A0A202FFP0	0	0	cluster_0	0.9999729423191124
A0A212ISN0	2	2	cluster_2	0.9999621577965762
A0A212K2G6	4	4	cluster_4	0.99998216080108
A0A212QKM8	0	0	cluster_0	0.9999676219741003
A0A212QQE2	0	0	cluster_0	0.9999801747330542
A0A218MAT1	150	150	cluster_150	0.9991190968802709
A0A223KWZ6	4	4	cluster_4	0.9999813991534141
A0A226QL20	175	175	cluster_175	0.9999509388344938
A0A228JAQ3	2	2	cluster_2	0.9999705713994217
A0A229UPI0	181	181	cluster_181	0.9999782317286824
A0A231IL21	18	18	cluster_18	0.9988711076514144
A0A231VCK6	181	181	cluster_181	0.9999778116439436
A0A235B546	175	175	cluster_175	0.999954928008895
A0A235HT16	6	6	cluster_6	0.9999734936552745
A0A238JNU6	0	0	cluster_0	0.999971352729439
A0A239C0B9	74	74	cluster_74	0.9999795066635134
A0A239HH27	5	5	cluster_5	0.9999638662272292
A0A239LYW3	181	181	cluster_181	0.9999781474826663
A0A239N0J7	48	48	cluster_48	0.9985354933781372
A0A239RAF9	164	164	cluster_164	0.9988778794458759
A0A242A951	0	0	cluster_0	0.9999788159271265
A0A242DAN4	187	187	cluster_187	0.999891733792214
A0A242NU13	3	3	cluster_3	0.9997799858236766
A0A242PCX4	3	3	cluster_3	0.9997809807045733
A0A246IS24	7	7	cluster_7	0.9999830160576065
A0A246J547	4	4	cluster_4	0.9999715959077805
A0A250B1N9	6	6	cluster_6	0.9999790448009911
A0A251X6R3	10	10	cluster_10	0.9997810412781865
A0A252B2Y5	0	0	cluster_0	0.9999670876595995
A0A252E6L3	6	6	cluster_6	0.9999747304223907
A0A254N980	5	5	cluster_5	0.9999692390202465
A0A254SQP9	131	131	cluster_131	0.9998927820727835
A0A254STI5	131	131	cluster_131	0.9998937587215985
A0A255XNW7	0	0	cluster_0	0.9999786010111825
A0A256CBL9	6	6	cluster_6	0.9999721909121073
A0A256CUD3	6	6	cluster_6	0.9999710603876344
A0A256XGS3	183	183	cluster_183	0.9999745989426732
A0A256Z414	183	183	cluster_183	0.9999752019659446
A0A256ZHR2	181	181	cluster_181	0.9999663871311623
A0A256ZSR7	0	0	cluster_0	0.9999358818495669
A0A257NHQ1	4	4	cluster_4	0.9999826539838841
A0A258HTF9	0	0	cluster_0	0.999980119967676
A0A258K8D2	0	0	cluster_0	0.9999795500182163
A0A259KT61	74	74	cluster_74	0.9999786923817676
A0A259KUG4	89	89	cluster_89	0.9999820052577766
A0A259S0K0	10	10	cluster_10	0.9997788042310427
A0A260BLQ3	5	5	cluster_5	0.9999579715874148
A0A260S5G1	127	127	cluster_127	0.9999722852658506
A0A261GGX9	0	0	cluster_0	0.9999731229120765
A0A261UKS7	2	2	cluster_2	0.9999700564726197
A0A261VBK0	2	2	cluster_2	0.9999707127637602
A0A265B851	78	78	cluster_78	0.9995677517223427
A0A265Q3I6	181	181	cluster_181	0.9999783215121586
A0A267MHJ1	10	10	cluster_10	0.9997941292460786
A0A267T4X9	8	8	cluster_8	0.9999015514564918
A0A268EWY5	0	0	cluster_0	0.9999751011625401
A0A269PHS7	208	208	cluster_208	0.9997993903937901
A0A271M736	175	175	cluster_175	0.9999526821734732
A0A285B057	208	208	cluster_208	0.9998112925959562
A0A285BWU2	3	3	cluster_3	0.9996655710412908
A0A285HZ86	181	181	cluster_181	0.9999783570329093
A0A285KPX0	0	0	cluster_0	0.9999788251114033
A0A285MW28	4	4	cluster_4	0.9999743593600628
A0A285NXY6	0	0	cluster_0	0.9999757761732896
A0A285UZM7	2	2	cluster_2	0.9999677853685712
A0A285Z185	0	0	cluster_0	0.9999787709677807
A0A286C305	4	4	cluster_4	0.9999838495414477
A0A286NCJ3	123	123	cluster_123	0.9998900873788644
A0A286REB3	5	5	cluster_5	0.9999642342672206
A0A290S6E1	182	182	cluster_182	0.9999753227251534
A0A290WR51	4	4	cluster_4	0.999983213831892
A0A2A2CGD2	12	12	cluster_12	0.9999135734174525
A0A2A2F509	192	192	cluster_192	0.9997501361624528
A0A2A2IGD2	17	17	cluster_17	0.9999109161657042
A0A2A2RAP4	0	0	cluster_0	0.9999668561597976
A0A2A2SIC8	103	103	cluster_103	0.9999564170609636
A0A2A2TLY5	12	12	cluster_12	0.9999045877093724
A0A2A3HEN0	131	131	cluster_131	0.9998915842737546
A0A2A4IS08	175	175	cluster_175	0.9999475228988163
A0A2A4SGW7	4	4	cluster_4	0.9999618578648914
A0A2A4V845	12	12	cluster_12	0.9998936231084277
A0A2A4VJI7	0	0	cluster_0	0.9999780238329468
A0A2A4Y1J4	0	0	cluster_0	0.999979673976274
A0A2A5F7P9	74	74	cluster_74	0.9999765492334559
A0A2A5GME0	4	4	cluster_4	0.999983611853306
A0A2A5HWB0	192	192	cluster_192	0.9996533011521191
A0A2A5IL80	181	181	cluster_181	0.9999749412515797
A0A2A5MBJ2	77	77	cluster_77	0.9998848293924232
A0A2A5SJY8	5	5	cluster_5	0.9999638119052298
A0A2A8PQG1	0	0	cluster_0	0.9999777335110736
A0A2A9KER2	192	192	cluster_192	0.9997143046172873
A0A2B7YIP4	5	5	cluster_5	0.9999563188387615
A0A2C1YS31	74	74	cluster_74	0.9999749805594794
A0A2C6MEB7	202	202	cluster_202	0.9999760196033799
A0A2C9XRN6	187	187	cluster_187	0.9998921346490962
A0A2D0JYJ6	8	8	cluster_8	0.9999221546550421
A0A2D0KQ84	192	192	cluster_192	0.9997526617191413
A0A2D0TCG3	143	143	cluster_143	0.9987628967225776
A0A2D3NA01	0	0	cluster_0	0.9999750459775341
A0A2D4IHF8	181	181	cluster_181	0.9999731511911846
A0A2D4YEQ9	5	5	cluster_5	0.9999681154028698
A0A2D5GV95	197	197	cluster_197	0.9999633670655451
A0A2D5PDF3	101	101	cluster_101	0.9998198223733636
A0A2D5UF79	0	0	cluster_0	0.9999715717089014
A0A2D6A0H5	0	0	cluster_0	0.9999733725163011
A0A2D6L7C9	196	196	cluster_196	0.9999845752032938
A0A2D6RPE3	2	2	cluster_2	0.9999682202508138
A0A2D6XED8	197	197	cluster_197	0.9999539282254934
A0A2D7FMW5	0	0	cluster_0	0.9999784171103201
A0A2D7LA31	0	0	cluster_0	0.9999747090970544
A0A2D7VY46	197	197	cluster_197	0.9999619274162278
A0A2D8X1J3	181	181	cluster_181	0.9999779475539313
A0A2D8YCW9	2	2	cluster_2	0.999968736190243
A0A2D9CD79	197	197	cluster_197	0.9999620860587739
A0A2D9FYK5	0	0	cluster_0	0.9999767399568086
A0A2D9NEE6	4	4	cluster_4	0.9999702321096687
A0A2D9NLD2	4	4	cluster_4	0.9999832494426538
A0A2E0EJH7	4	4	cluster_4	0.9999835978427786
A0A2E0QV49	181	181	cluster_181	0.9999772140267014
A0A2E0S6S3	197	197	cluster_197	0.9999649702179205
A0A2E0UTH9	0	0	cluster_0	0.9999791069175014
A0A2E0WPV3	181	181	cluster_181	0.9999794447936124
A0A2E1MFC3	0	0	cluster_0	0.9999700949823038
A0A2E2ARG5	0	0	cluster_0	0.9999789713125725
A0A2E2TH90	6	6	cluster_6	0.9999770401439797
A0A2E3ATU2	0	0	cluster_0	0.9999785780144429
A0A2E3FA80	103	103	cluster_103	0.9999565430242949
A0A2E3QAV7	74	74	cluster_74	0.9999783161403376
A0A2E3RHC0	4	4	cluster_4	0.9999819226892055
A0A2E4ECJ4	196	196	cluster_196	0.9999838373510015
A0A2E4HC86	0	0	cluster_0	0.9999797126233173
A0A2E4R5B3	2	2	cluster_2	0.9999685221381123
A0A2E4W6S8	196	196	cluster_196	0.9999846019845724
A0A2E5G198	101	101	cluster_101	0.9998365895257445
A0A2E6NIA8	6	6	cluster_6	0.999976189062465
A0A2E6RCL9	4	4	cluster_4	0.9999703173992269
A0A2E6RJG0	4	4	cluster_4	0.9999823013260282
A0A2E6V9J1	4	4	cluster_4	0.999982694358583
A0A2E7C120	6	6	cluster_6	0.9999769224077071
A0A2E7NHH5	107	107	cluster_107	0.9994821639270753
A0A2E8DPZ3	0	0	cluster_0	0.999979594990279
A0A2E8FJA5	4	4	cluster_4	0.9999813142582933
A0A2E8I6S1	181	181	cluster_181	0.9999761316655995
A0A2E8SQE9	0	0	cluster_0	0.9999810836085434
A0A2E9GUL1	0	0	cluster_0	0.9999784497681257
A0A2E9PM81	208	208	cluster_208	0.9997050761476513
A0A2E9VNP9	0	0	cluster_0	0.999977878634567
A0A2F0PKE0	2	2	cluster_2	0.9999593256614564
A0A2G1YCB1	0	0	cluster_0	0.9999764899425038
A0A2G2PYR1	0	0	cluster_0	0.999979237600738
A0A2G3NNQ6	164	164	cluster_164	0.9990648502158515
A0A2G4G253	4	4	cluster_4	0.999981852323369
A0A2G6B5U0	0	0	cluster_0	0.9999768775126835
A0A2G6HXB9	0	0	cluster_0	0.9999446739537946
A0A2G6KSS3	10	10	cluster_10	0.9997079617834697
A0A2G6PAZ4	0	0	cluster_0	0.9999806549706965
A0A2G6R9Y4	0	0	cluster_0	0.9999763103611338
A0A2G7LY47	162	162	cluster_162	0.9997609380116194
A0A2G8ED98	0	0	cluster_0	0.9999761262487361
A0A2G8IWB5	0	0	cluster_0	0.9999739167777186
A0A2G8TKU2	192	192	cluster_192	0.9997264964610221
A0A2H0MH21	0	0	cluster_0	0.9999771775122694
A0A2H1A4K1	181	181	cluster_181	0.9999763909112188
A0A2H3NJW0	0	0	cluster_0	0.999971761593673
A0A2H4SUW1	4	4	cluster_4	0.999983254126007
A0A2H6JVR1	74	74	cluster_74	0.9999779809642024
A0A2H9LHW0	4	4	cluster_4	0.9999783780992175
A0A2H9R844	6	6	cluster_6	0.9999715633467114
A0A2I0CTK9	72	72	cluster_72	0.9996183632552467
A0A2I0N238	0	0	cluster_0	0.9999770805424337
A0A2I0P6N6	0	0	cluster_0	0.9999764841252559
A0A2I0PFE9	0	0	cluster_0	0.9999761694736715
A0A2I1YIM9	145	145	cluster_145	0.9999533148284568
A0A2J2H904	0	0	cluster_0	0.9999744123334647
A0A2J4YC37	77	77	cluster_77	0.9998799757224419
A0A2J6XI66	10	10	cluster_10	0.999690877033877
A0A2J6XUB7	175	175	cluster_175	0.9999535118205983
A0A2J9EBG2	2	2	cluster_2	0.9999536976509116
A0A2K0XN27	6	6	cluster_6	0.9999746770713188
A0A2K1NA12	0	0	cluster_0	0.9999763673610875
A0A2K1NXU4	0	0	cluster_0	0.999976332715044
A0A2K4FBN1	4	4	cluster_4	0.9999824937001921
A0A2K4X7W8	4	4	cluster_4	0.9999814185944284
A0A2K8KP06	4	4	cluster_4	0.9999835677096837
A0A2K8U9A4	10	10	cluster_10	0.9997724865179414
A0A2K8XG76	0	0	cluster_0	0.9999756547501788
A0A2K9A9G9	69	69	cluster_69	0.9997971927515302
A0A2K9AKL0	69	69	cluster_69	0.9998097391025527
A0A2L1KKU0	12	12	cluster_12	0.9998676240943375
A0A2L2L8H5	17	17	cluster_17	0.9999048339838235
A0A2M7I920	192	192	cluster_192	0.9997134199558763
A0A2M7L7G7	74	74	cluster_74	0.9999788074103042
A0A2M7MXE9	10	10	cluster_10	0.9997751774930377
A0A2M7QWV1	4	4	cluster_4	0.999977549580111
A0A2M7W8F3	10	10	cluster_10	0.999797858505062
A0A2M7XU08	4	4	cluster_4	0.9999827283889607
A0A2M8DQ32	196	196	cluster_196	0.9999835619796027
A0A2M8IUC2	0	0	cluster_0	0.9999781713313961
A0A2M8NDD4	6	6	cluster_6	0.9999762385915241
A0A2M8P0C8	181	181	cluster_181	0.9999743564744603
A0A2M9CHV0	4	4	cluster_4	0.9999834641571734
A0A2M9G8P7	0	0	cluster_0	0.9999790770844914
A0A2M9W5Q6	181	181	cluster_181	0.9999738188644981
A0A2M9WD73	2	2	cluster_2	0.9999661223529975
A0A2N0MIG9	0	0	cluster_0	0.9999735331434386
A0A2N0TIU2	192	192	cluster_192	0.9996274049957196
A0A2N0ZUH1	7	7	cluster_7	0.9999829088325738
A0A2N1ANJ5	3	3	cluster_3	0.9996924050154362
A0A2N1D2K8	0	0	cluster_0	0.9999782967639507
A0A2N1F7E7	6	6	cluster_6	0.9999698845284959
A0A2N1QA23	69	69	cluster_69	0.9997803503393938
A0A2N1QC67	69	69	cluster_69	0.9998106751930925
A0A2N2FHN1	35	35	cluster_35	0.9999005310459846
A0A2N2GHZ1	4	4	cluster_4	0.9999828143509865
A0A2N2KA53	4	4	cluster_4	0.9999827283288829
A0A2N3A0D8	4	4	cluster_4	0.9999808635152664
A0A2N3C204	6	6	cluster_6	0.9999779350840101
A0A2N3C5G9	4	4	cluster_4	0.9999738024441409
A0A2N3IHP0	6	6	cluster_6	0.999969227660688
A0A2N3KYR1	0	0	cluster_0	0.9999723721353971
A0A2N3L043	5	5	cluster_5	0.9999692847742924
A0A2N3T8R6	2	2	cluster_2	0.9999630799932052
A0A2N3W4F9	181	181	cluster_181	0.9999771261051069
A0A2N4UJB0	74	74	cluster_74	0.9999791861215224
A0A2N5DTW1	101	101	cluster_101	0.9998341071272071
A0A2N5DUJ8	0	0	cluster_0	0.9999718801416201
A0A2N5IBP4	196	196	cluster_196	0.9999832706009952
A0A2N5KH08	0	0	cluster_0	0.9999751688157872
A0A2N5MHH9	0	0	cluster_0	0.9999769743149964
A0A2N5N3I1	0	0	cluster_0	0.9999797132595042
A0A2N5PGS8	12	12	cluster_12	0.9998964793569147
A0A2N5WBP8	131	131	cluster_131	0.9998940369812015
A0A2N5X4W8	181	181	cluster_181	0.999979426792461
A0A2N6AXN8	4	4	cluster_4	0.9999822443334044
A0A2N6C7S4	4	4	cluster_4	0.9999836892922934
A0A2N6CBB2	4	4	cluster_4	0.9999830985441568
A0A2N6KAY5	6	6	cluster_6	0.9999764121349608
A0A2N6MG60	6	6	cluster_6	0.9999767333030717
A0A2N6SND1	187	187	cluster_187	0.9998978178950174
A0A2N8LXQ4	4	4	cluster_4	0.9999722211895384
A0A2N8NLZ3	197	197	cluster_197	0.9999661618032327
A0A2N9NKX9	0	0	cluster_0	0.9999799703861437
A0A2N9XW27	6	6	cluster_6	0.9999683426536509
A0A2P1BNS7	208	208	cluster_208	0.999815243866826
A0A2P1PTR8	10	10	cluster_10	0.9997340022258595
A0A2P2FXC5	0	0	cluster_0	0.9999730720355504
A0A2P5K0D7	4	4	cluster_4	0.9999690219580379
A0A2P5Z4K2	4	4	cluster_4	0.999984236680971
A0A2P6WK10	181	181	cluster_181	0.9999737077875193
A0A2P8G7D0	181	181	cluster_181	0.9999794821951763
A0A2P8H2F2	0	0	cluster_0	0.9999747773497704
A0A2P8L6H3	2	2	cluster_2	0.9999616674147642
A0A2P9EHU6	6	6	cluster_6	0.999980786233677
A0A2P9EXT2	181	181	cluster_181	0.9999795503994419
A0A2R3Z6A3	0	0	cluster_0	0.9999785603175286
A0A2R4WXQ9	4	4	cluster_4	0.9999631338208952
A0A2R5FIA8	6	6	cluster_6	0.9999729367360484
A0A2R5HFY5	0	0	cluster_0	0.9999767656790091
A0A2R6ANL1	0	0	cluster_0	0.9999779338302645
A0A2R6B8C5	0	0	cluster_0	0.9999687043664066
A0A2R6BEL5	0	0	cluster_0	0.9999793048052233
A0A2R6Y0Z1	0	0	cluster_0	0.9999798849721054
A0A2R7T697	181	181	cluster_181	0.999980591940776
A0A2R7Y0F0	10	10	cluster_10	0.9997694000667515
A0A2R7Y8A2	183	183	cluster_183	0.9999618846938513
A0A2S0K655	8	8	cluster_8	0.9999298879136258
A0A2S0LJ63	0	0	cluster_0	0.9999790938256923
A0A2S1KQG5	4	4	cluster_4	0.9999794455519659
A0A2S1XUA3	0	0	cluster_0	0.9999761108523464
A0A2S4HC21	89	89	cluster_89	0.9999782176997993
A0A2S4RR71	123	123	cluster_123	0.999895454207027
A0A2S4RU68	0	0	cluster_0	0.9999775600493236
A0A2S5JH03	0	0	cluster_0	0.9999790971584576
A0A2S5K6A7	101	101	cluster_101	0.9998435082968092
A0A2S5L9T3	196	196	cluster_196	0.9999799224323961
A0A2S5LA01	192	192	cluster_192	0.9996684579119872
A0A2S5R234	14	14	cluster_14	0.9999788279779386
A0A2S5RI11	4	4	cluster_4	0.999974995180572
A0A2S5Z507	2	2	cluster_2	0.9999595538744325
A0A2S5Z619	192	192	cluster_192	0.9997394426459997
A0A2S6AMN0	181	181	cluster_181	0.9999804441099807
A0A2S6SZB5	4	4	cluster_4	0.9999824652128232
A0A2S6TTH7	74	74	cluster_74	0.9999777855407387
A0A2S6V7Z2	12	12	cluster_12	0.9999075224013706
A0A2S6ZNM3	2	2	cluster_2	0.9990752039070581
A0A2S7EQT6	2	2	cluster_2	0.999967048586921
A0A2S7K001	2	2	cluster_2	0.9999612443081767
A0A2S7YZN3	6	6	cluster_6	0.9999752484921182
A0A2S8F7P6	0	0	cluster_0	0.9999774759261977
A0A2S8F942	181	181	cluster_181	0.9999802464033933
A0A2S8HD38	4	4	cluster_4	0.9999728241244472
A0A2S8PXG1	192	192	cluster_192	0.9997137815816033
A0A2S8RGI8	2	2	cluster_2	0.9999669452437034
A0A2S8ZPF1	181	181	cluster_181	0.9999789743082816
A0A2S9IC01	6	6	cluster_6	0.9999763579319706
A0A2S9KF84	182	182	cluster_182	0.9999698071022044
A0A2S9Q9B3	0	0	cluster_0	0.999971784350181
A0A2S9WZ83	2	2	cluster_2	0.9999697567835167
A0A2S9YTQ5	0	0	cluster_0	0.9999698150502816
A0A2S9YVE6	181	181	cluster_181	0.9999797281859408
A0A2T0B8Y6	175	175	cluster_175	0.9999502245095907
A0A2T1BWK0	181	181	cluster_181	0.999976801416093
A0A2T1DL56	6	6	cluster_6	0.9999752220366549
A0A2T1F931	12	12	cluster_12	0.9998990416829902
A0A2T1LY07	6	6	cluster_6	0.9999750385201299
A0A2T2XCT7	0	0	cluster_0	0.9999806261245271
A0A2T3NCW5	6	6	cluster_6	0.9999789677405535
A0A2T3W4Z4	5	5	cluster_5	0.9999693200395932
A0A2T4TQH1	6	6	cluster_6	0.9999737117311233
A0A2T4WYH6	4	4	cluster_4	0.9999828062797496
A0A2T4X5F5	4	4	cluster_4	0.9999810720205942
A0A2T4XKB3	0	0	cluster_0	0.9999776011066596
A0A2T5D9Z6	187	187	cluster_187	0.9998934498340581
A0A2T5H7I5	4	4	cluster_4	0.9999827420103595
A0A2T5HVJ6	0	0	cluster_0	0.9999762593516628
A0A2T5I7H1	2	2	cluster_2	0.9999674247740905
A0A2T5LD34	5	5	cluster_5	0.9999701954888911
A0A2T5LIX4	181	181	cluster_181	0.9999788448149773
A0A2T5PGF0	140	140	cluster_140	0.9990611687327309
A0A2T5PGF7	72	72	cluster_72	0.9996248129799858
A0A2T5PGG2	66	66	cluster_66	0.9990787289608302
A0A2T7BA66	5	5	cluster_5	0.9999686289310784
A0A2T7BME0	4	4	cluster_4	0.9999784742578623
A0A2T7NVD6	5	5	cluster_5	0.9999656772707525
A0A2T7WJB9	4	4	cluster_4	0.99997764255067
A0A2T9Y7T6	5	5	cluster_5	0.9999636698207929
A0A2T9YKX1	5	5	cluster_5	0.9999614683461956
A0A2U0HXG2	0	0	cluster_0	0.9999785966932468
A0A2U0SJ71	0	0	cluster_0	0.9999815039890791
A0A2U1CRJ0	196	196	cluster_196	0.9999838300035997
A0A2U1JJX4	6	6	cluster_6	0.9999700652800025
A0A2U1TVJ0	192	192	cluster_192	0.999732984946498
A0A2U1W0N4	74	74	cluster_74	0.9999786603465212
A0A2U1YUR8	181	181	cluster_181	0.999977153340696
A0A2U2DH58	4	4	cluster_4	0.9999828972380308
A0A2U3ANT6	0	0	cluster_0	0.9999774830561681
A0A2U3ETA1	2	2	cluster_2	0.9999544383114556
A0A2U3LGT4	88	88	cluster_88	0.9996719177226224
A0A2U8QQT7	0	0	cluster_0	0.999979217989035
A0A2U8WDQ2	0	0	cluster_0	0.9999797004080083
A0A2U9IE31	183	183	cluster_183	0.999973291053774
A0A2U9IN50	183	183	cluster_183	0.9999763172866425
A0A2V2BF52	2	2	cluster_2	0.9999662173729095
A0A2V2DS63	0	0	cluster_0	0.9999768792800589
A0A2V2FET8	5	5	cluster_5	0.9999648211981687
A0A2V2YR54	0	0	cluster_0	0.9999796180679487
A0A2V4DVB8	208	208	cluster_208	0.9997883928225294
A0A2V7AKU3	0	0	cluster_0	0.9999716328921813
A0A2V7F776	0	0	cluster_0	0.9999709572110732
A0A2V7JWM6	4	4	cluster_4	0.9999835562447299
A0A2V7W8N2	0	0	cluster_0	0.999978047446012
A0A2V7YKH4	0	0	cluster_0	0.9999781330805775
A0A2V7YZV7	181	181	cluster_181	0.9999789420605996
A0A2V9CTH9	0	0	cluster_0	0.9999793010689086
A0A2V9KRZ2	197	197	cluster_197	0.9999638831806371
A0A2V9M685	0	0	cluster_0	0.9999709948153966
A0A2V9RLI2	0	0	cluster_0	0.9999746847932655
A0A2V9V941	0	0	cluster_0	0.9999797198737266
A0A2W1BLD8	181	181	cluster_181	0.9998945560124037
A0A2W2C8V7	181	181	cluster_181	0.9999781513687521
A0A2W2D088	5	5	cluster_5	0.9999635545676833
A0A2W2G2L3	0	0	cluster_0	0.9999711611026654
A0A2W2GTV2	0	0	cluster_0	0.9999727410977499
A0A2W4JXJ7	4	4	cluster_4	0.9999832492703894
A0A2W4MJC3	4	4	cluster_4	0.9999824231358205
A0A2W4VYX1	4	4	cluster_4	0.9999702025510642
A0A2W5ET01	6	6	cluster_6	0.9999706605784786
A0A2W5MYG1	103	103	cluster_103	0.9999579377010228
A0A2W5QIV7	2	2	cluster_2	0.9999687265713618
A0A2W5SDV2	0	0	cluster_0	0.9999787672046934
A0A2W6NND4	162	162	cluster_162	0.999762743685318
A0A2W6S3T4	103	103	cluster_103	0.9999554972849388
A0A2W6XFE6	0	0	cluster_0	0.9999776511848533
A0A2W6XV23	14	14	cluster_14	0.9999804904467636
A0A2W6Z970	74	74	cluster_74	0.9999782775090643
A0A2X2E8H9	6	6	cluster_6	0.9999789087422141
A0A2X2K130	0	0	cluster_0	0.9999775229193415
A0A2X2Y8B4	131	131	cluster_131	0.9998676348728284
A0A2X3IQI3	17	17	cluster_17	0.9998954870176417
A0A2X3UEI2	187	187	cluster_187	0.9998524344024879
A0A2X3WLC2	32	32	cluster_32	0.9996086346939819
A0A2X3Y0U1	4	4	cluster_4	0.9999824276892676
A0A2Y8ZQ22	127	127	cluster_127	0.9999729082961933
A0A2Z2N0L6	0	0	cluster_0	0.999963768375769
A0A2Z2NLX2	192	192	cluster_192	0.9997407986554909
A0A2Z3GX68	0	0	cluster_0	0.9999668011228912
A0A2Z3H8I5	6	6	cluster_6	0.9999760702846009
A0A2Z3R0P0	74	74	cluster_74	0.9999797359177394
A0A2Z4J7X7	197	197	cluster_197	0.9999701195432403
A0A2Z5Y0T0	0	0	cluster_0	0.9999768143331244
A0A315H611	123	123	cluster_123	0.9999145218045882
A0A316EY55	0	0	cluster_0	0.9999724607711524
A0A316L907	17	17	cluster_17	0.9999066006257755
A0A316LM77	181	181	cluster_181	0.9999798147904062
A0A317CM25	192	192	cluster_192	0.9997191235196898
A0A317GJZ8	4	4	cluster_4	0.9999791788822433
A0A317GTL6	5	5	cluster_5	0.9999562145626096
A0A317HFC5	4	4	cluster_4	0.9999707157961976
A0A317U8K6	0	0	cluster_0	0.9999734493190673
A0A317YTT7	19	19	cluster_19	0.9983749703553252
A0A318HHK6	74	74	cluster_74	0.9999771778726645
A0A318MXT6	0	0	cluster_0	0.9999788835283198
A0A318MYU5	3	3	cluster_3	0.9997413214662206
A0A318NWL2	77	77	cluster_77	0.9998456675307767
A0A318PEB0	2	2	cluster_2	0.9999642034224113
A0A326GBR2	0	0	cluster_0	0.9999808860972356
A0A327UTL6	0	0	cluster_0	0.999978324240761
A0A327W5C5	0	0	cluster_0	0.9999695784265991
A0A328PYA0	0	0	cluster_0	0.9999756274660213
A0A328S659	8	8	cluster_8	0.9998923029420596
A0A328VF58	0	0	cluster_0	0.9999663570000049
A0A328WUX0	0	0	cluster_0	0.9999791641658141
A0A329VAE1	192	192	cluster_192	0.9997295916737697
A0A330LPU8	182	182	cluster_182	0.9999757961218784
A0A343TKR7	181	181	cluster_181	0.9999770381783479
A0A345C1G1	0	0	cluster_0	0.999973389084137
A0A345GWQ4	5	5	cluster_5	0.9999677704377137
A0A345IFU4	4	4	cluster_4	0.9999819051079971
A0A345YR51	181	181	cluster_181	0.9999769214998808
A0A346MYS1	181	181	cluster_181	0.9999786055607267
A0A346Y6R3	196	196	cluster_196	0.9999835397697315
A0A347WI90	187	187	cluster_187	0.9998902277981888
A0A347WIV0	4	4	cluster_4	0.9999806039836688
A0A348S0G1	0	0	cluster_0	0.9999798858025015
A0A348TNV5	4	4	cluster_4	0.9999823468400042
A0A348V165	181	181	cluster_181	0.9999796386934354
A0A348VT33	101	101	cluster_101	0.9998286894568915
A0A348YZJ2	17	17	cluster_17	0.999908880730041
A0A349H8B5	208	208	cluster_208	0.9997923974015155
A0A349J6Z2	4	4	cluster_4	0.9999809998840641
A0A349KXC0	192	192	cluster_192	0.9997195688170973
A0A349N1C8	4	4	cluster_4	0.9999817694053296
A0A349VUM3	6	6	cluster_6	0.9999744520916105
A0A349YL23	181	181	cluster_181	0.9999764378397963
A0A350QFJ3	6	6	cluster_6	0.9999762882384148
A0A350TIN9	5	5	cluster_5	0.999965542804024
A0A350X5V4	6	6	cluster_6	0.9999754972235916
A0A350YGU3	0	0	cluster_0	0.9999806933949907
A0A351WZ22	0	0	cluster_0	0.9999776861754026
A0A351ZVL1	0	0	cluster_0	0.9999783270442806
A0A352FF67	4	4	cluster_4	0.9999829042698342
A0A352JNM8	196	196	cluster_196	0.999983530220927
A0A352JNN0	196	196	cluster_196	0.9999841558271153
A0A352M3X1	0	0	cluster_0	0.9999723719171281
A0A352QPL5	17	17	cluster_17	0.9999050582272678
A0A353MBS3	5	5	cluster_5	0.9999685909148165
A0A353P6V2	0	0	cluster_0	0.9999754641240479
A0A353RY14	12	12	cluster_12	0.9998939734294724
A0A354ERI3	103	103	cluster_103	0.9999573631469866
A0A354ZKZ4	181	181	cluster_181	0.9999745619144332
A0A355BDH1	6	6	cluster_6	0.9999694693640289
A0A355YBQ2	3	3	cluster_3	0.9996363036248698
A0A356BE34	6	6	cluster_6	0.9999762581338358
A0A356FZ26	0	0	cluster_0	0.9999816505979998
A0A356VWG0	6	6	cluster_6	0.9999698966829008
A0A356Z6W3	0	0	cluster_0	0.9999795487435864
A0A357B6C1	4	4	cluster_4	0.9999832534650953
A0A357IJB3	69	69	cluster_69	0.9998216637044165
A0A357IP45	69	69	cluster_69	0.9998060841061085
A0A357XX63	197	197	cluster_197	0.9999702527673882
A0A357XX87	197	197	cluster_197	0.9999661067528293
A0A358DZ57	196	196	cluster_196	0.9999861803195841
A0A358Y7S7	0	0	cluster_0	0.9999697664969542
A0A359B4E4	0	0	cluster_0	0.9999785408093991
A0A359G4K1	0	0	cluster_0	0.9999707767065983
A0A359IKD3	175	175	cluster_175	0.9999463697389828
A0A359M9W4	196	196	cluster_196	0.9999841041598688
A0A364NNL1	4	4	cluster_4	0.999971741447605
A0A365H6E4	181	181	cluster_181	0.9999807436714796
A0A365YXU3	4	4	cluster_4	0.9999818140341089
A0A366G5N7	2	2	cluster_2	0.9999638738007962
A0A366HFN4	4	4	cluster_4	0.9999835920606217
A0A366HHD7	196	196	cluster_196	0.9999839862248792
A0A366IF28	131	131	cluster_131	0.9998901983175421
A0A366XII3	6	6	cluster_6	0.9999790240787914
A0A367F3V0	0	0	cluster_0	0.9999778889917897
A0A368AZA7	6	6	cluster_6	0.9999731055622203
A0A368LC00	4	4	cluster_4	0.9999783079619822
A0A368TYU2	192	192	cluster_192	0.9997425660000875
A0A368UDE8	6	6	cluster_6	0.9999754566150023
A0A368VQP9	17	17	cluster_17	0.999882345989107
A0A368YFQ6	4	4	cluster_4	0.999982699506898
A0A368ZGI2	0	0	cluster_0	0.9999784657115097
A0A369AWP5	187	187	cluster_187	0.9998998487129844
A0A369FI97	2	2	cluster_2	0.9999462965740269
A0A369VPI5	4	4	cluster_4	0.9999734512919147
A0A370JWK4	181	181	cluster_181	0.9999717806430144
A0A370JY44	5	5	cluster_5	0.9999686068930362
A0A370LRI5	6	6	cluster_6	0.999974043403768
A0A370V5B6	12	12	cluster_12	0.9999162024634314
A0A371WYL6	181	181	cluster_181	0.9999773027924913
A0A371XBK1	0	0	cluster_0	0.9999778585401301
A0A371Z317	0	0	cluster_0	0.9999689861128076
A0A372KNT2	131	131	cluster_131	0.9998959157981354
A0A372MI20	5	5	cluster_5	0.9999648176605646
A0A373A335	197	197	cluster_197	0.9999715462812123
A0A373FBB3	2	2	cluster_2	0.9999626861102794
A0A374USP2	0	0	cluster_0	0.9999721523672581
A0A375AB17	10	10	cluster_10	0.9997523045687139
A0A376AKJ4	0	0	cluster_0	0.9999775876522077
A0A376ERJ0	181	181	cluster_181	0.9999789040732063
A0A377BFD5	165	165	cluster_165	0.9981167297010669
A0A377J5K5	6	6	cluster_6	0.9999698088899167
A0A377VUZ1	77	77	cluster_77	0.9998855837586754
A0A378CIQ4	0	0	cluster_0	0.999978454898534
A0A378FTM5	6	6	cluster_6	0.9999685406962076
A0A378IE06	0	0	cluster_0	0.999973305867671
A0A378JES1	0	0	cluster_0	0.9999718655180604
A0A378MSV7	6	6	cluster_6	0.999938599036452
A0A378TSE4	6	6	cluster_6	0.999968665378197
A0A378TTN1	182	182	cluster_182	0.9999716727450425
A0A378U177	6	6	cluster_6	0.9999706855542279
A0A378UEV7	123	123	cluster_123	0.9999028018325528
A0A378VAR2	197	197	cluster_197	0.9999731752529928
A0A379DB22	5	5	cluster_5	0.9999650323787567
A0A379FYQ1	77	77	cluster_77	0.9998602595268601
A0A379QMQ9	36	36	cluster_36	0.9980873331078712
A0A380B6A4	182	182	cluster_182	0.9999767675847498
A0A380E535	0	0	cluster_0	0.9999767921970678
A0A380FIF2	0	0	cluster_0	0.9999738544029199
A0A380G7A4	19	19	cluster_19	0.9985514040725564
A0A380H381	5	5	cluster_5	0.9999638922793643
A0A380PQ98	3	3	cluster_3	0.9997172596285294
A0A380TKX4	0	0	cluster_0	0.9999804532202271
A0A381C277	6	6	cluster_6	0.9999802230784466
A0A381I656	12	12	cluster_12	0.9995182686261916
A0A381UZ76	4	4	cluster_4	0.9999837409260656
A0A382BAI4	0	0	cluster_0	0.9999771020834649
A0A385BJB6	8	8	cluster_8	0.9999307062294346
A0A385STG2	181	181	cluster_181	0.9999795653152725
A0A385YVC2	0	0	cluster_0	0.9999709094044812
A0A386HQE3	0	0	cluster_0	0.9999800539027722
A0A386HUS2	0	0	cluster_0	0.9999685965873752
A0A389M0F2	192	192	cluster_192	0.999743075105476
A0A395V1T8	69	69	cluster_69	0.9997717759874328
A0A396CLG8	4	4	cluster_4	0.9999820523321659
A0A396QHM6	12	12	cluster_12	0.9998591163731935
A0A397WQ55	0	0	cluster_0	0.9999742571922943
A0A398BBF9	0	0	cluster_0	0.999977284312962
A0A398C9K8	0	0	cluster_0	0.9999712973201494
A0A399RM31	2	2	cluster_2	0.999967410791839
A0A3A0A916	0	0	cluster_0	0.999981194604292
A0A3A1P4V1	103	103	cluster_103	0.9999550982353566
A0A3A1Y7S0	6	6	cluster_6	0.9999675819441785
A0A3A1YA45	6	6	cluster_6	0.999963502107241
A0A3A1YA77	6	6	cluster_6	0.9999533178254074
A0A3A1YAT1	6	6	cluster_6	0.9999582504003797
A0A3A1YEZ2	6	6	cluster_6	0.9999639233820121
A0A3A1YFP5	6	6	cluster_6	0.9999622908512985
A0A3A1YJ11	6	6	cluster_6	0.99994882370685
A0A3A1YQ38	4	4	cluster_4	0.9999838265759844
A0A3A4B787	0	0	cluster_0	0.9999772142126032
A0A3A4NCT8	181	181	cluster_181	0.9999781833743092
A0A3A5L191	6	6	cluster_6	0.9999795281476554
A0A3A5LC89	0	0	cluster_0	0.9999731294983716
A0A3A5Q8M2	187	187	cluster_187	0.9998587402310288
A0A3A6QIG3	89	89	cluster_89	0.9999816075309118
A0A3A6T3I8	6	6	cluster_6	0.9999776960338901
A0A3A8YEA8	131	131	cluster_131	0.9998873400788801
A0A3A8YHL5	131	131	cluster_131	0.9998909504299242
A0A3A8Z8Z4	131	131	cluster_131	0.9998854551440041
A0A3A9A945	17	17	cluster_17	0.9998982245218546
A0A3A9EQ07	131	131	cluster_131	0.9998910347387502
A0A3A9F5S4	12	12	cluster_12	0.9998897995767106
A0A3A9FNS4	131	131	cluster_131	0.9998883049519053
A0A3B0AAX9	0	0	cluster_0	0.9999782242324445
A0A3B0ACS6	0	0	cluster_0	0.9999787185217924
A0A3B0UYR7	0	0	cluster_0	0.999975120728521
A0A3B1DB49	0	0	cluster_0	0.9999783344632536
A0A3B1E0M5	6	6	cluster_6	0.9999735625930685
A0A3B3WMS3	5	5	cluster_5	0.9999514637474793
A0A3B7LBY8	0	0	cluster_0	0.9999792967398985
A0A3B8IIB5	0	0	cluster_0	0.9999794469114598
A0A3B8LY80	4	4	cluster_4	0.9999825375568809
A0A3B8N9T9	0	0	cluster_0	0.9999733018128325
A0A3B8PT35	182	182	cluster_182	0.9999675826821613
A0A3B8UCU7	0	0	cluster_0	0.999977870047459
A0A3B9AFU9	181	181	cluster_181	0.9999742563807406
A0A3B9H546	0	0	cluster_0	0.9999696968303242
A0A3B9MPG4	181	181	cluster_181	0.9999795429794217
A0A3B9ZS05	181	181	cluster_181	0.9999785691163927
A0A3C0M7H9	181	181	cluster_181	0.9999794707369367
A0A3C0SWV9	5	5	cluster_5	0.9999662236614317
A0A3C0TQB3	181	181	cluster_181	0.999818184380841
A0A3C1ACT3	0	0	cluster_0	0.999976211584995
A0A3C1JV12	0	0	cluster_0	0.9999767520583372
A0A3C1SB15	6	6	cluster_6	0.9999724974438582
A0A3C1VBF5	0	0	cluster_0	0.9999816556479753
A0A3C1WVJ4	0	0	cluster_0	0.9999693168994184
A0A3C2BA76	8	8	cluster_8	0.9999226645614505
A0A3C2EAZ5	0	0	cluster_0	0.999977349412783
A0A3C2EBD5	181	181	cluster_181	0.9999783803044618
A0A3D0EKS3	0	0	cluster_0	0.9999753619353101
A0A3D0HNX7	131	131	cluster_131	0.9998913728541146
A0A3D0LCA9	0	0	cluster_0	0.9999759194446914
A0A3D0Q8I6	0	0	cluster_0	0.9999776740511287
A0A3D0V5K7	196	196	cluster_196	0.9999786331570868
A0A3D0V7W9	5	5	cluster_5	0.999960196623409
A0A3D0ZAI1	0	0	cluster_0	0.9999644819943492
A0A3D1D0R6	4	4	cluster_4	0.9999831903441356
A0A3D1RAG8	6	6	cluster_6	0.9999733579529952
A0A3D1WDV7	6	6	cluster_6	0.999978443916296
A0A3D2U8W4	0	0	cluster_0	0.9999778364170742
A0A3D2UXZ3	0	0	cluster_0	0.999979070864625
A0A3D2Z6K3	4	4	cluster_4	0.9999822391460821
A0A3D3JLA4	0	0	cluster_0	0.9999755727469924
A0A3D3KH88	5	5	cluster_5	0.9999702283918693
A0A3D3KR12	4	4	cluster_4	0.9999823597567338
A0A3D3TFI4	181	181	cluster_181	0.9999781062180552
A0A3D3V368	181	181	cluster_181	0.9999761557678108
A0A3D4HJE3	0	0	cluster_0	0.999979689714874
A0A3D4PBQ6	0	0	cluster_0	0.9999693228736366
A0A3D4QV18	131	131	cluster_131	0.999890106715962
A0A3D4VTE9	21	21	cluster_21	0.9996983576041399
A0A3D4WVW5	0	0	cluster_0	0.99997040496685
A0A3D5CMI5	74	74	cluster_74	0.9999723288626283
A0A3D5DBD8	74	74	cluster_74	0.9999803902001653
A0A3D5FIB2	0	0	cluster_0	0.9999789771750607
A0A3D5PPN0	4	4	cluster_4	0.9999826947222628
A0A3D5RK90	5	5	cluster_5	0.9999659566550033
A0A3D5ZMN8	4	4	cluster_4	0.9999832211978287
A0A3D6BYM4	35	35	cluster_35	0.9998345939143416
A0A3D6DC68	0	0	cluster_0	0.9999731597386524
A0A3D8HAH8	0	0	cluster_0	0.9999704578691623
A0A3D8MBG5	4	4	cluster_4	0.9999829451196675
A0A3D9DRL5	2	2	cluster_2	0.9999666498470465
A0A3D9Q1G1	0	0	cluster_0	0.9999787407339988
A0A3E0CJ99	2	2	cluster_2	0.9999672818765818
A0A3E0EPU0	6	6	cluster_6	0.9999695115672789
A0A3E0IKI8	19	19	cluster_19	0.9986868252441944
A0A3E0N2G0	17	17	cluster_17	0.9998991168290237
A0A3E0UJ19	6	6	cluster_6	0.9999799363335894
A0A3E0VNQ0	4	4	cluster_4	0.9999836050708959
A0A3E0WHJ6	3	3	cluster_3	0.9996506299224585
A0A3E2WH76	10	10	cluster_10	0.9997529964164089
A0A3E3I214	10	10	cluster_10	0.999747649217621
A0A3E4K686	131	131	cluster_131	0.9998915472168939
A0A3E4LHT4	131	131	cluster_131	0.9998929418280499
A0A3E4N492	4	4	cluster_4	0.9999829834052529
A0A3F2ZUI9	17	17	cluster_17	0.9999055838493653
A0A3F3ISQ1	2	2	cluster_2	0.9999516202370164
A0A3F3ITI1	6	6	cluster_6	0.9999791003334154
A0A3G1A599	0	0	cluster_0	0.9999729797249383
A0A3G1A6D9	183	183	cluster_183	0.999977297172123
A0A3G2HR97	192	192	cluster_192	0.9997221329842798
A0A3G2HWM1	134	134	cluster_134	0.9987076715721528
A0A3G2IGF9	5	5	cluster_5	0.9999692610306647
A0A3G4VY50	197	197	cluster_197	0.9999709133538018
A0A3G4VZP2	181	181	cluster_181	0.9999800949793838
A0A3G5FM69	4	4	cluster_4	0.9999813878287103
A0A3G5U8J6	17	17	cluster_17	0.9998576501382893
A0A3G8WTZ1	0	0	cluster_0	0.9999789298412124
A0A3K0WIK0	123	123	cluster_123	0.9999079816677209
A0A3L7UHB1	0	0	cluster_0	0.9999604831048025
A0A3L7VHT7	0	0	cluster_0	0.9999696062463332
A0A3L8BFH7	182	182	cluster_182	0.9999767888525672
A0A3L8BSE7	4	4	cluster_4	0.999972517752405
A0A3M0A3V2	4	4	cluster_4	0.9999787852392278
A0A3M0HXC3	181	181	cluster_181	0.9999790685967664
A0A3M0LPZ6	4	4	cluster_4	0.9999820991650183
A0A3M0X0T8	10	10	cluster_10	0.9997649991972211
A0A3M0XRR0	10	10	cluster_10	0.9997154119048232
A0A3M0XYH5	10	10	cluster_10	0.9996879867070946
A0A3M1DDB7	10	10	cluster_10	0.9997559940714552
A0A3M1DT15	0	0	cluster_0	0.9999707638397837
A0A3M1GH90	0	0	cluster_0	0.9999811881782185
A0A3M1KZB8	0	0	cluster_0	0.9999759998703709
A0A3M1PNT2	0	0	cluster_0	0.9999740123245726
A0A3M1YVL5	4	4	cluster_4	0.9999820956761499
A0A3M2BUN1	202	202	cluster_202	0.9999758969401127
A0A3M2D2P3	181	181	cluster_181	0.9999774994450381
A0A3M2E234	74	74	cluster_74	0.9999796118173853
A0A3M2GT54	181	181	cluster_181	0.9999770261901841
A0A3M2H640	182	182	cluster_182	0.9999749258455534
A0A3M5P9L2	0	0	cluster_0	0.9999788044577301
A0A3M6KQG8	181	181	cluster_181	0.9999730248114628
A0A3M9MFL2	4	4	cluster_4	0.9999834027673589
A0A3N0UAY6	0	0	cluster_0	0.9999777567583424
A0A3N0WG34	0	0	cluster_0	0.999970953838226
A0A3N1R8Q5	2	2	cluster_2	0.9999623442195872
A0A3N1Y166	202	202	cluster_202	0.9999747666975723
A0A3N2FUH7	0	0	cluster_0	0.9999761708213291
A0A3N2H360	0	0	cluster_0	0.9999633150784754
A0A3N2HRA9	4	4	cluster_4	0.9999831325630969
A0A3N4QDC0	5	5	cluster_5	0.9999677542848214
A0A3N5I1G1	0	0	cluster_0	0.9999764137742806
A0A3N5L7F8	0	0	cluster_0	0.9999769831088005
A0A3N5R410	0	0	cluster_0	0.9999787067078743
A0A3N5ULF5	4	4	cluster_4	0.9999818903592903
A0A3N6WRG8	0	0	cluster_0	0.9999759384171932
A0A3N6ZUU2	4	4	cluster_4	0.999964635057138
A0A3N8QGS6	5	5	cluster_5	0.9999707835182373
A0A3N9TN25	131	131	cluster_131	0.9998849409797211
A0A3N9WNG4	0	0	cluster_0	0.999979023267276
A0A3P0MYC9	4	4	cluster_4	0.9999831693438975
A0A3P1CKM3	8	8	cluster_8	0.9999462488646302
A0A3P8KN77	4	4	cluster_4	0.9999829734872362
A0A3P8XVE9	5	5	cluster_5	0.9999594992750445
A0A3Q2HVL2	4	4	cluster_4	0.999976208543404
A0A3Q2XIQ1	5	5	cluster_5	0.9999576271228847
A0A3R0NDZ3	22	22	cluster_22	0.9999313585926616
A0A3R1CV92	2	2	cluster_2	0.9999609444863293
A0A3R6D7B9	12	12	cluster_12	0.9998980116904419
A0A3R6F478	0	0	cluster_0	0.9999706174972144
A0A3R6HIT3	6	6	cluster_6	0.9999738323052104
A0A3R6JNN0	12	12	cluster_12	0.9998914395166827
A0A3R6TRH6	0	0	cluster_0	0.9999772792737088
A0A3R7LQ10	0	0	cluster_0	0.9999717082319906
A0A3R9IEB6	58	58	cluster_58	0.999065769229565
A0A3R9JUC2	32	32	cluster_32	0.9996110273661977
A0A3R9PEI6	58	58	cluster_58	0.9989857342864604
A0A3S0AAQ0	4	4	cluster_4	0.9999836234995929
A0A3S0J5G8	131	131	cluster_131	0.9998941324838155
A0A3S0PK49	74	74	cluster_74	0.9999791179738919
A0A3S0WV14	4	4	cluster_4	0.9999716749658684
A0A3S0YE09	95	95	cluster_95	0.9994225079066996
A0A3S1D8R6	0	0	cluster_0	0.9999804087857544
A0A3S3HUX2	0	0	cluster_0	0.9999714535541446
A0A3S3K6H0	0	0	cluster_0	0.9999776012783417
A0A3S3KBV0	0	0	cluster_0	0.9999793991228655
A0A3S3QNP4	5	5	cluster_5	0.9999697248978946
A0A3S3TU31	103	103	cluster_103	0.9999568509710235
A0A3S4ZAF1	6	6	cluster_6	0.9999732041678897
A0A3S6QN32	5	5	cluster_5	0.999965708254013
A0A3T0C4N7	123	123	cluster_123	0.9998990716307687
A0A3T0D9H4	175	175	cluster_175	0.999953436081911
A0A3T1B2R1	181	181	cluster_181	0.9999799460419371
A0A3T1RCS4	97	97	cluster_97	0.9992819874106719
A0A3T1X9X6	177	177	cluster_177	0.9992994176970312
A0A3T2AXG5	60	60	cluster_60	0.9990329863234046
A0A3T2F729	88	88	cluster_88	0.9996434120959254
A0A3T2MVY0	60	60	cluster_60	0.998983167679575
A0A3V8I3C3	2	2	cluster_2	0.9999456883320278
A0A3Y4YM45	2	2	cluster_2	0.9999601432128282
A0A3Y7R4C8	181	181	cluster_181	0.9999790084511919
A0A3Y8HY14	126	126	cluster_126	0.9992197032117192
A0A3Y9C7R9	2	2	cluster_2	0.9998730834069257
A0A401FPL3	0	0	cluster_0	0.9999761856158057
A0A401HPW2	4	4	cluster_4	0.9999667686059589
A0A401YZ32	197	197	cluster_197	0.9999696105732482
A0A402A7T4	181	181	cluster_181	0.9999748568302053
A0A402BPV8	10	10	cluster_10	0.9996890603291997
A0A402WM19	123	123	cluster_123	0.9998747886287209
A0A410G0G1	74	74	cluster_74	0.9999786425191317
A0A410Q6T0	4	4	cluster_4	0.9999836263236844
A0A410WW78	74	74	cluster_74	0.9999715994221193
A0A410WWV0	162	162	cluster_162	0.9996861432843543
A0A410WWZ6	181	181	cluster_181	0.9999757670141745
A0A411A2U9	10	10	cluster_10	0.9990441057714384
A0A412CE59	4	4	cluster_4	0.9999823113643403
A0A412PKW5	131	131	cluster_131	0.99989266317787
A0A412PMP7	145	145	cluster_145	0.9999564807277751
A0A413UYB9	6	6	cluster_6	0.999972741355959
A0A413YZN1	0	0	cluster_0	0.999965696164151
A0A414KCC6	69	69	cluster_69	0.9997807394317014
A0A414PQA1	0	0	cluster_0	0.9999671704495006
A0A414ZR15	181	181	cluster_181	0.9999769771057095
A0A415G998	69	69	cluster_69	0.9997803087121581
A0A415RZ02	0	0	cluster_0	0.9999790074670021
A0A416KAH0	0	0	cluster_0	0.9999645545934699
A0A417WLZ7	0	0	cluster_0	0.9999664049261701
A0A417XYG7	196	196	cluster_196	0.9999825940347239
A0A418QG41	5	5	cluster_5	0.9999680204062965
A0A418RRP5	10	10	cluster_10	0.9998026282999385
A0A418UR93	4	4	cluster_4	0.9999830995988943
A0A418VUK1	0	0	cluster_0	0.9999701667047693
A0A418ZRC5	0	0	cluster_0	0.9999789718849106
A0A419F0H9	181	181	cluster_181	0.9999764984519295
A0A419HTD4	197	197	cluster_197	0.9999709213365756
A0A419I4X8	0	0	cluster_0	0.9999744381267316
A0A419N368	2	2	cluster_2	0.999962452481826
A0A420YSP6	131	131	cluster_131	0.9999020831787027
A0A421BGW8	187	187	cluster_187	0.9998917358431835
A0A423KD17	0	0	cluster_0	0.9999715140986564
A0A423Y426	0	0	cluster_0	0.9999723164603491
A0A424WKD2	4	4	cluster_4	0.9999709359939245
A0A426JXT2	0	0	cluster_0	0.9999714484349381
A0A426UUZ1	127	127	cluster_127	0.9999732810601735
A0A427G398	182	182	cluster_182	0.999973685447733
A0A427L2N6	182	182	cluster_182	0.9999736204704409
A0A428G6C4	145	145	cluster_145	0.9999537908343676
A0A428I9S0	145	145	cluster_145	0.9999505558120945
A0A428K3Z0	181	181	cluster_181	0.9999779056629515
A0A429BEP7	181	181	cluster_181	0.9999797687088308
A0A429EHP0	4	4	cluster_4	0.9999833157064232
A0A429GQQ8	183	183	cluster_183	0.99997252454335
A0A429S0X5	181	181	cluster_181	0.9999807241992742
A0A429ZXU3	187	187	cluster_187	0.9998945326051394
A0A430A7U1	187	187	cluster_187	0.9998882699619347
A0A430AKP9	175	175	cluster_175	0.9999495054075422
A0A430ANI8	187	187	cluster_187	0.9998929881536408
A0A430AR30	12	12	cluster_12	0.9999159455316451
A0A430AWU8	187	187	cluster_187	0.9998855273894492
A0A430ED63	0	0	cluster_0	0.9999806091257218
A0A430HL11	192	192	cluster_192	0.9997243331192699
A0A431HEB2	181	181	cluster_181	0.9999748806835913
A0A432EPJ8	74	74	cluster_74	0.9999793248718746
A0A432M5V3	5	5	cluster_5	0.999969763822585
A0A432RAJ0	0	0	cluster_0	0.999954113485004
A0A432XBR7	4	4	cluster_4	0.9999824470795464
A0A433ECE3	4	4	cluster_4	0.9999834772366135
A0A433JR76	4	4	cluster_4	0.9999830956988466
A0A433PXY1	5	5	cluster_5	0.9999639856306182
A0A433SCZ2	143	143	cluster_143	0.9986033160891852
A0A439RWR8	0	0	cluster_0	0.9999668373197927
A0A442RUK6	6	6	cluster_6	0.9999773508022635
A0A443IKX7	0	0	cluster_0	0.99997841741731
A0A443SAZ4	4	4	cluster_4	0.9999591127449854
A0A444W6D1	4	4	cluster_4	0.9999824341869741
A0A447EB45	8	8	cluster_8	0.9999397579918214
A0A448MN61	4	4	cluster_4	0.9999770539959097
A0A453MDW1	5	5	cluster_5	0.9999477081205468
A0A455SNB3	181	181	cluster_181	0.9999739256975789
A0A459NDX2	15	15	cluster_15	0.9990701204093714
A0A461F3T8	30	30	cluster_30	0.9990180398415972
A0A482IT11	2	2	cluster_2	0.9999688780921162
A0A482YCT0	4	4	cluster_4	0.9999635897368615
A0A483LRA2	36	36	cluster_36	0.9982046825603806
A0A483M5B8	182	182	cluster_182	0.9999756074032852
A0A484H2U4	181	181	cluster_181	0.9999647719924062
A0A484WSI6	2	2	cluster_2	0.9999650358201247
A0A485A6B6	95	95	cluster_95	0.9995940458104686
A0A486QYV8	2	2	cluster_2	0.9999606376370549
A0A494X515	8	8	cluster_8	0.9999244512103461
A0A494YWQ0	0	0	cluster_0	0.9999787330930424
A0A495ANY9	0	0	cluster_0	0.9999780928546974
A0A495QUJ5	181	181	cluster_181	0.999969253964168
A0A495Z8Y4	10	10	cluster_10	0.999716870591479
A0A496A3P2	17	17	cluster_17	0.9998912482769394
A0A496RKS8	197	197	cluster_197	0.9999661392312288
A0A496RMK7	0	0	cluster_0	0.9999682425375517
A0A496SBE8	10	10	cluster_10	0.9997067259418986
A0A496W7T8	10	10	cluster_10	0.9997667095603667
A0A496ZSI4	10	10	cluster_10	0.9997280819955725
A0A497EZH3	0	0	cluster_0	0.9999546591114167
A0A497F8K6	183	183	cluster_183	0.9999727087874604
A0A497FAL9	4	4	cluster_4	0.9999622323534241
A0A497FIS2	183	183	cluster_183	0.9999610916954252
A0A497FLI7	183	183	cluster_183	0.9999777050366868
A0A497GB35	183	183	cluster_183	0.9999686330243196
A0A497GQ43	183	183	cluster_183	0.9999721346632291
A0A497KL12	10	10	cluster_10	0.9997874959680229
A0A497L833	4	4	cluster_4	0.9999494417929294
A0A497QC46	10	10	cluster_10	0.999774255424549
A0A497R1B5	10	10	cluster_10	0.9997640485968302
A0A497RND4	183	183	cluster_183	0.9999780686241072
A0A497RP41	10	10	cluster_10	0.9997097701678419
A0A497RZ24	0	0	cluster_0	0.9999684950536278
A0A497S1L5	183	183	cluster_183	0.9999702173789902
A0A497TNW5	74	74	cluster_74	0.999979827504784
A0A497V0Y4	6	6	cluster_6	0.9999714517401316
A0A497VDZ9	7	7	cluster_7	0.9999818718695508
A0A497XLC0	181	181	cluster_181	0.9999727488667888
A0A498DAH5	0	0	cluster_0	0.9999757105160216
A0A498GT66	0	0	cluster_0	0.9999720823455323
A0A4B9HZ04	114	114	cluster_114	0.9984146252626466
A0A4C2EBJ2	181	181	cluster_181	0.9999704390161668
A0A4D6Y092	4	4	cluster_4	0.9999825737524858
A0A4D7CWX2	187	187	cluster_187	0.9998924153479894
A0A4E0QQE6	181	181	cluster_181	0.9999780874402118
A0A4P1RZQ5	181	181	cluster_181	0.9999780046485527
A0A4P6JQ53	0	0	cluster_0	0.9999709497827558
A0A4P6PZ27	127	127	cluster_127	0.9999738313833553
A0A4P8C2L9	2	2	cluster_2	0.9999574619485291
A0A4P8J0F4	2	2	cluster_2	0.9999681409371898
A0A4P8SJX8	101	101	cluster_101	0.9998254088934748
A0A4P8XNE5	0	0	cluster_0	0.9999742845423468
A0A4P9K4P8	74	74	cluster_74	0.9999784958158369
A0A4Q0IUC2	6	6	cluster_6	0.9999744224735271
A0A4Q1DIN8	101	101	cluster_101	0.9997853667737076
A0A4Q1ZVD2	5	5	cluster_5	0.999963753081608
A0A4Q3AGJ3	14	14	cluster_14	0.9999800748849289
A0A4Q3ATZ9	14	14	cluster_14	0.9999807271553592
A0A4Q3R8U3	0	0	cluster_0	0.9999596367227158
A0A4Q5LYN6	181	181	cluster_181	0.9999791209384999
A0A4Q5U1U9	0	0	cluster_0	0.9999691983524145
A0A4Q6F417	182	182	cluster_182	0.9999717004959195
A0A4Q7VB52	0	0	cluster_0	0.9999626665843797
A0A4Q8ACW6	4	4	cluster_4	0.9999833083129038
A0A4Q9XSE4	192	192	cluster_192	0.9997350636997357
A0A4Q9Z1K5	0	0	cluster_0	0.9999791342272408
A0A4R0HSB2	0	0	cluster_0	0.9999784600412999
A0A4R0XMA3	2	2	cluster_2	0.9999594817736537
A0A4R1G9S4	0	0	cluster_0	0.9999791957934325
A0A4R1JLY5	0	0	cluster_0	0.9999682815232664
A0A4R1K3B8	0	0	cluster_0	0.9999700218074831
A0A4R1MMG4	5	5	cluster_5	0.9999696476260422
A0A4R1MX83	2	2	cluster_2	0.9999630211862953
A0A4R1QAL5	17	17	cluster_17	0.9999087628564708
A0A4R1RVG4	17	17	cluster_17	0.9999002594087691
A0A4R1YW23	0	0	cluster_0	0.9999794889277004
A0A4R2DPT7	181	181	cluster_181	0.9999780171888565
A0A4R2EF97	0	0	cluster_0	0.9999720591355883
A0A4R2KJA8	192	192	cluster_192	0.9997334544602664
A0A4R2PEQ4	181	181	cluster_181	0.9999776529841238
A0A4R2Q4Y6	0	0	cluster_0	0.999979382463859
A0A4R2QJ05	0	0	cluster_0	0.9999761862702525
A0A4R2RZ97	0	0	cluster_0	0.999980450432607
A0A4R2U2V4	10	10	cluster_10	0.9997307389570117
A0A4R3LAE7	10	10	cluster_10	0.9997103324345362
A0A4R3LBU8	181	181	cluster_181	0.9999763452745178
A0A4R3ML31	10	10	cluster_10	0.9997320358174226
A0A4R3VL61	4	4	cluster_4	0.9999811058668177
A0A4R4DZ96	0	0	cluster_0	0.9999803453073259
A0A4R4HJC9	6	6	cluster_6	0.9999726204964606
A0A4R4M6K5	197	197	cluster_197	0.9999704400844435
A0A4R4NHR6	181	181	cluster_181	0.999976613027243
A0A4R4QXI2	4	4	cluster_4	0.9999828191256498
A0A4R4QZH1	181	181	cluster_181	0.9999769589954471
A0A4R4TJ46	181	181	cluster_181	0.9999787351504852
A0A4R4UEA0	0	0	cluster_0	0.9999787634975881
A0A4R4X8Y9	0	0	cluster_0	0.9999723604907063
A0A4R4ZD88	181	181	cluster_181	0.9999766606313297
A0A4R5CB95	197	197	cluster_197	0.9999727512425339
A0A4R5F960	0	0	cluster_0	0.9999670293597637
A0A4R5GWZ2	5	5	cluster_5	0.999953950596949
A0A4R5M6B8	2	2	cluster_2	0.9999688013184528
A0A4R6DST9	2	2	cluster_2	0.9999424318409562
A0A4R6E1F4	123	123	cluster_123	0.9998945758508817
A0A4R6KVI2	0	0	cluster_0	0.9999771637338776
A0A4R6PUX2	4	4	cluster_4	0.999982830357026
A0A4R6QZM3	2	2	cluster_2	0.9999637493020443
A0A4R7NS98	0	0	cluster_0	0.9999704672254945
A0A4R9L6P0	181	181	cluster_181	0.9999783780488432
A0A4S0NR19	181	181	cluster_181	0.9999778702231916
A0A4S1M510	0	0	cluster_0	0.9999806152292051
A0A4S2A8K4	181	181	cluster_181	0.9999785751363801
A0A4S2B1U0	6	6	cluster_6	0.9999722764158024
A0A4S2HEK4	0	0	cluster_0	0.9999732337320553
A0A4S2HLL9	131	131	cluster_131	0.9998902870868033
A0A4S2IUB2	181	181	cluster_181	0.9999800581686376
A0A4S2SAL5	197	197	cluster_197	0.9999670778146411
A0A4S3B6V0	187	187	cluster_187	0.9998910107004221
A0A4S3FML8	0	0	cluster_0	0.9999734531447295
A0A4S4F3I2	192	192	cluster_192	0.9996914137489183
A0A4S4G970	181	181	cluster_181	0.9999771799849013
A0A4S8KV54	181	181	cluster_181	0.9999662336363923
A0A4U0NCN0	0	0	cluster_0	0.9999761115165959
A0A4U0YW96	0	0	cluster_0	0.999979553859453
A0A4U1AC05	181	181	cluster_181	0.9999788201139242
A0A4U1D0V0	0	0	cluster_0	0.9999780809976635
A0A4U1YS20	182	182	cluster_182	0.9999753547383274
A0A4U2XZV3	131	131	cluster_131	0.999885760807055
A0A4U3K012	131	131	cluster_131	0.9998908487462037
A0A4U6LVM4	182	182	cluster_182	0.999973720181332
A0A4U7C7Y5	4	4	cluster_4	0.9999559130623689
A0A4U8UC56	6	6	cluster_6	0.9999625233077432
A0A4U9REB6	17	17	cluster_17	0.9998988624309213
A0A4U9YF73	0	0	cluster_0	0.9999772481134082
A0A4V2ABJ0	7	7	cluster_7	0.9999826718110729
A0A4V2FPH6	4	4	cluster_4	0.9999829982380424
A0A4V2S6N8	197	197	cluster_197	0.9999693282041846
A0A4V2Y2J6	0	0	cluster_0	0.9999761773943998
A0A4V3CQV1	5	5	cluster_5	0.9999658827170813
A0A4V3CXT8	4	4	cluster_4	0.9999832704112054
A0A4V3CZW7	127	127	cluster_127	0.9999681678947474
A0A4V3DYX3	0	0	cluster_0	0.9999800136591004
A0A4V3NZE7	196	196	cluster_196	0.9999853993207509
A0A4V6AM47	0	0	cluster_0	0.9999748204728564
A0A4V6RRT1	5	5	cluster_5	0.9999697905669668
A0A4W2F7B3	5	5	cluster_5	0.9999402781442713
A0A4W3HCE6	5	5	cluster_5	0.9999637192899928
A0A4W3JBC5	5	5	cluster_5	0.9999644235190039
A0A4W4EW30	5	5	cluster_5	0.9999592599420802
A0A4Y1YSB6	72	72	cluster_72	0.9995751461235329
A0A4Y1ZFM4	131	131	cluster_131	0.9998828230193603
A0A4Y3QYZ0	197	197	cluster_197	0.9999704048786002
A0A4Y3R5C5	0	0	cluster_0	0.9999778921585762
A0A4Y8L9A8	0	0	cluster_0	0.9999729485987129
A0A4Y8MVI2	5	5	cluster_5	0.999969645305706
A0A4Y8PD16	0	0	cluster_0	0.9999786948555431
A0A4Y8RLR5	4	4	cluster_4	0.9999828814202721
A0A4Y8VPF8	6	6	cluster_6	0.999973311432484
A0A4Y9JJH1	4	4	cluster_4	0.9999826868941667
A0A4Z0D7U7	187	187	cluster_187	0.9998810873575311
A0A4Z0F9K9	4	4	cluster_4	0.9999797380282374
A0A4Z0H805	181	181	cluster_181	0.9999800510604868
A0A4Z0HXU7	74	74	cluster_74	0.9999800376460518
A0A4Z0JP96	131	131	cluster_131	0.9998981639394687
A0A4Z0NCU8	0	0	cluster_0	0.9999724665377674
A0A4Z0NE75	4	4	cluster_4	0.9999831832241963
A0A4Z0V1U5	6	6	cluster_6	0.9999741684780118
A0A4Z0YIS4	5	5	cluster_5	0.9999652098784566
A0A4Z1DW91	4	4	cluster_4	0.9999819995685005
A0A501WD88	0	0	cluster_0	0.9999792440621244
A0A501XZK6	192	192	cluster_192	0.9997303444705091
A0A502LL84	6	6	cluster_6	0.9999687360584413
A0A502TN86	0	0	cluster_0	0.9999658488911539
A0A505GWI8	0	0	cluster_0	0.999973930052076
A0A506QVN3	123	123	cluster_123	0.9998808143227779
A0A510JAN2	131	131	cluster_131	0.9998963498878034
A0A510JDA2	175	175	cluster_175	0.999950382221332
A0A510JFC9	44	44	cluster_44	0.9991086336840491
A0A510JJY5	131	131	cluster_131	0.9999013308578372
A0A510JME1	20	20	cluster_20	0.9985174709083029
A0A510JR49	175	175	cluster_175	0.9999503838250863
A0A510KHG9	131	131	cluster_131	0.9998893121220475
A0A510KJY8	131	131	cluster_131	0.9998950940000085
A0A510KLP4	131	131	cluster_131	0.9998849523616997
A0A510KNZ7	20	20	cluster_20	0.9983372605718535
A0A510KSA8	131	131	cluster_131	0.9998936473525083
A0A510US90	2	2	cluster_2	0.999959217490222
A0A510X843	5	5	cluster_5	0.9999659356268613
A0A510YAV0	4	4	cluster_4	0.999982331059659
A0A511ML65	197	197	cluster_197	0.9999729152616479
A0A511MX35	0	0	cluster_0	0.9999752771821986
A0A511MYD2	181	181	cluster_181	0.9999787398830733
A0A511X359	0	0	cluster_0	0.9999768043848772
A0A512CFK1	0	0	cluster_0	0.9999744175934253
A0A515D1B8	0	0	cluster_0	0.9999766137906076
A0A517Q4Z9	181	181	cluster_181	0.999967459079191
A0A517TD48	0	0	cluster_0	0.999976740959022
A0A517YJM3	0	0	cluster_0	0.9999802818272253
A0A518BCU5	181	181	cluster_181	0.9999778966643327
A0A518DW15	181	181	cluster_181	0.9999787921829554
A0A518FK98	0	0	cluster_0	0.9999770401770486
A0A518IEE8	4	4	cluster_4	0.9999804764772463
A0A518JT24	0	0	cluster_0	0.9999766413442259
A0A518VCG5	162	162	cluster_162	0.9995259357552754
A0A519BY68	74	74	cluster_74	0.9999717436603295
A0A519KTE0	181	181	cluster_181	0.9999791380835182
A0A519LD37	0	0	cluster_0	0.9999788122007084
A0A519M3F3	5	5	cluster_5	0.9999691534640631
A0A519NBR5	5	5	cluster_5	0.9999682541181697
A0A519QZK7	181	181	cluster_181	0.9999708613761944
A0A520BPW9	5	5	cluster_5	0.9999698532666695
A0A520HBN0	0	0	cluster_0	0.9999787334543184
A0A520LMN6	4	4	cluster_4	0.999983415032941
A0A520TS31	4	4	cluster_4	0.999982757457013
A0A521A0Q5	181	181	cluster_181	0.9999795706236723
A0A521BLU3	6	6	cluster_6	0.9999720011254263
A0A521D3U7	0	0	cluster_0	0.9999793009182267
A0A521LND6	74	74	cluster_74	0.9999775654335611
A0A521S914	4	4	cluster_4	0.9999660227664706
A0A521W6Y4	192	192	cluster_192	0.9997467040389125
A0A521XFB1	182	182	cluster_182	0.9999748971809573
A0A522CGR3	5	5	cluster_5	0.9999695795248988
A0A522M9Z3	2	2	cluster_2	0.9999719139580368
A0A522RZL9	2	2	cluster_2	0.9999643126850024
A0A522UUT7	182	182	cluster_182	0.9999678675579501
A0A522Z5Z1	4	4	cluster_4	0.9999790413950514
A0A523AI26	0	0	cluster_0	0.9999751521493143
A0A523AU92	10	10	cluster_10	0.9997255638058882
A0A523EM32	0	0	cluster_0	0.9999776665206057
A0A523FCE9	74	74	cluster_74	0.9999777675592778
A0A523FGJ2	0	0	cluster_0	0.9999796860438532
A0A523JJ78	181	181	cluster_181	0.9999802721103066
A0A523NTV5	181	181	cluster_181	0.9999795019851028
A0A523QCU8	4	4	cluster_4	0.9999745450402748
A0A523SVI7	4	4	cluster_4	0.9999824369348663
A0A523UBK5	181	181	cluster_181	0.9999768389846909
A0A523Z2X7	182	182	cluster_182	0.9999721332926412
A0A524CHJ9	0	0	cluster_0	0.9999749623670884
A0A524DMY5	0	0	cluster_0	0.9999795478806525
A0A524GBL3	0	0	cluster_0	0.999979923054936
A0A524GHJ7	181	181	cluster_181	0.9999769836167732
A0A524KJA0	4	4	cluster_4	0.999983231766703
A0A524LTP6	0	0	cluster_0	0.999975442185563
A0A524MJK2	0	0	cluster_0	0.9999786367322654
A0A525CYY5	0	0	cluster_0	0.9999747590049353
A0A525VUT9	0	0	cluster_0	0.9999789881499316
A0A527J387	103	103	cluster_103	0.9999568697757696
A0A529UF78	0	0	cluster_0	0.9999656478291339
A0A532DHT2	181	181	cluster_181	0.9999789599025737
A0A532F2A4	2	2	cluster_2	0.9999677093133863
A0A533B6V9	4	4	cluster_4	0.999982373638816
A0A533VKW9	4	4	cluster_4	0.9999652518485792
A0A533Y148	4	4	cluster_4	0.9999828027733662
A0A534K9N3	0	0	cluster_0	0.9999777540734244
A0A534SGE7	0	0	cluster_0	0.9999751133331679
A0A535EE55	0	0	cluster_0	0.9999734172837786
A0A535F4F6	0	0	cluster_0	0.9999794848730172
A0A535W483	0	0	cluster_0	0.9999711348637108
A0A535X5K7	0	0	cluster_0	0.9999631088529687
A0A535YZI6	4	4	cluster_4	0.9999820275400679
A0A536EA16	127	127	cluster_127	0.9999685991906598
A0A536WML5	181	181	cluster_181	0.9999798588983912
A0A537FLV4	0	0	cluster_0	0.999978517964186
A0A537ISE7	4	4	cluster_4	0.9999816993880484
A0A537JHD6	0	0	cluster_0	0.9999741335672891
A0A537K3X7	0	0	cluster_0	0.999971428670995
A0A537M1Z2	0	0	cluster_0	0.9999783163092063
A0A537TIN8	0	0	cluster_0	0.9999670904880946
A0A538B2N7	74	74	cluster_74	0.999978176633681
A0A538MAI0	0	0	cluster_0	0.999963722766929
A0A538PT73	181	181	cluster_181	0.9999782997436368
A0A538R8E4	4	4	cluster_4	0.9999836050030122
A0A540V7Y6	192	192	cluster_192	0.9997396791656815
A0A540VDU3	0	0	cluster_0	0.9999748006034299
A0A540VY59	0	0	cluster_0	0.9999705926798929
A0A540W4N4	197	197	cluster_197	0.9999698189078778
A0A542DNJ4	197	197	cluster_197	0.9999725633966767
A0A542GA01	0	0	cluster_0	0.9999713396419819
A0A542M2Q5	0	0	cluster_0	0.9999716989745905
A0A542S6S7	0	0	cluster_0	0.9999716281841979
A0A542ZCI1	4	4	cluster_4	0.9999819336297332
A0A543DWV9	4	4	cluster_4	0.9999817660664306
A0A543J1A2	5	5	cluster_5	0.999963791859032
A0A543JG07	0	0	cluster_0	0.9999770557949534
A0A550CBC0	181	181	cluster_181	0.9999702595271516
A0A552LKY8	6	6	cluster_6	0.99997537265002
A0A553AE47	103	103	cluster_103	0.9999579170774788
A0A553JR33	6	6	cluster_6	0.9999799395850559
A0A553LZU7	175	175	cluster_175	0.9999539971882906
A0A554WGL8	74	74	cluster_74	0.9999729369026873
A0A557P105	6	6	cluster_6	0.9999792012896259
A0A557P8M2	0	0	cluster_0	0.9999608384726822
A0A557RM39	192	192	cluster_192	0.9997443299034325
A0A558BFA2	127	127	cluster_127	0.9999731963916052
A0A558BMB5	181	181	cluster_181	0.9999784588992495
A0A558CU86	4	4	cluster_4	0.9999683929470499
A0A558DEL7	0	0	cluster_0	0.9999774799659918
A0A560LRL9	0	0	cluster_0	0.9999687228936555
A0A560WHB1	181	181	cluster_181	0.9999786659044118
A0A561EAL4	5	5	cluster_5	0.999968563974743
A0A562JPH4	0	0	cluster_0	0.9999772578742587
A0A562V0R2	181	181	cluster_181	0.9999771619180158
A0A563DK47	0	0	cluster_0	0.9999770453372586
A0A563UD12	4	4	cluster_4	0.9999828674408127
A0A563VJ93	181	181	cluster_181	0.9999750281443007
A0A564M5G3	36	36	cluster_36	0.9978707080776017
A0A564TQV2	187	187	cluster_187	0.9998567163874768
A0A5A9DZI8	74	74	cluster_74	0.9999750181114284
A0A5A9E5S8	0	0	cluster_0	0.9999763040291672
A0A5A9Z273	196	196	cluster_196	0.9999828620223066
A0A5B0G4J6	2	2	cluster_2	0.9999693486069097
A0A5B0KB34	182	182	cluster_182	0.9999719651144663
A0A5B0SW81	2	2	cluster_2	0.9999570722740627
A0A5B0VGN3	89	89	cluster_89	0.9999818527359569
A0A5B2U4B2	4	4	cluster_4	0.9999823263929524
A0A5B7UPU7	197	197	cluster_197	0.9999668756958682
A0A5B7YJM2	192	192	cluster_192	0.9996902667327736
A0A5B8A1D6	5	5	cluster_5	0.9999637828560927
A0A5B8RYG9	4	4	cluster_4	0.9999840652081912
A0A5B9DEH1	181	181	cluster_181	0.9999760729480277
A0A5B9E1N1	95	95	cluster_95	0.9996044133017699
A0A5B9T7R1	69	69	cluster_69	0.9997529595906568
A0A5B9YAJ4	0	0	cluster_0	0.9999620525206838
A0A5C0B4A4	4	4	cluster_4	0.9999839980308405
A0A5C1APJ2	181	181	cluster_181	0.9999811972781891
A0A5C2HB60	0	0	cluster_0	0.999970492723034
A0A5C4RIN1	192	192	cluster_192	0.9997195301993109
A0A5C4RN57	6	6	cluster_6	0.9999777459467031
A0A5C5VGI5	0	0	cluster_0	0.999977067922734
A0A5C5ZMZ8	0	0	cluster_0	0.9999769487456408
A0A5C6BLM6	0	0	cluster_0	0.9999757135952381
A0A5C6DEG2	181	181	cluster_181	0.9999694503805877
A0A5C6ZRL7	0	0	cluster_0	0.9999686963936673
A0A5C7BP24	2	2	cluster_2	0.9999553028802464
A0A5C7F5S2	4	4	cluster_4	0.9999820206678464
A0A5C7J8S3	182	182	cluster_182	0.9999750134271711
A0A5C7K5I3	208	208	cluster_208	0.999766247768454
A0A5C7LK55	197	197	cluster_197	0.9999638437207925
A0A5C7PDU2	10	10	cluster_10	0.9997641242781198
A0A5C7PYG3	17	17	cluster_17	0.9998992743523525
A0A5C7RJV6	181	181	cluster_181	0.9999773288505636
A0A5C7SI98	0	0	cluster_0	0.9999784618332858
A0A5C7W3J6	89	89	cluster_89	0.9999808941554145
A0A5C7XJI3	181	181	cluster_181	0.9999787535584748
A0A5C8FYA9	175	175	cluster_175	0.9999510712550989
A0A5C8LGF4	0	0	cluster_0	0.9999740273243719
A0A5C8LH63	0	0	cluster_0	0.9999725096550888
A0A5C9ECH3	0	0	cluster_0	0.9999763208629742
A0A5D0HVF6	2	2	cluster_2	0.9995198986293785
A0A5D0SHD7	0	0	cluster_0	0.9999717351519726
A0A5D2D3W3	0	0	cluster_0	0.9999569008155208
A0A5E4INC1	4	4	cluster_4	0.999965126935518
A0A5E4JR25	181	181	cluster_181	0.9999773723426781
A0A5E4JY37	0	0	cluster_0	0.9999763867212771
A0A5E4KPJ5	0	0	cluster_0	0.9999744840933886
A0A5E4L8C5	0	0	cluster_0	0.9999748549824945
A0A5E4LXF5	14	14	cluster_14	0.9999769548911358
A0A5E4WGP0	4	4	cluster_4	0.9999746600442421
A0A5E7CMV1	0	0	cluster_0	0.9999788933697642
A0A5E7IJK8	6	6	cluster_6	0.9999746599992161
A0A5F1ZBA2	4	4	cluster_4	0.9999820961737489
A0A5H1ZR47	132	132	cluster_132	0.9990154276738257
A0A5I0P2Q9	182	182	cluster_182	0.9999724338625012
A0A5I4A8N0	2	2	cluster_2	0.9999577604387473
A0A5J4FV82	4	4	cluster_4	0.9999833257536452
A0A5J4JX22	0	0	cluster_0	0.9999671527028714
A0A5J4KZH2	181	181	cluster_181	0.9999744236388302
A0A5J4PCZ3	8	8	cluster_8	0.999928670153882
A0A5J5JSF0	0	0	cluster_0	0.999978590779833
A0A5J5W073	4	4	cluster_4	0.9999509602842348
A0A5J6G698	181	181	cluster_181	0.9999796392474573
A0A5J6IFJ0	127	127	cluster_127	0.9999685948027982
A0A5J6L562	4	4	cluster_4	0.9999782384940046
A0A5J6LBM8	4	4	cluster_4	0.999970002168114
A0A5J6MTU5	4	4	cluster_4	0.9999827055817063
A0A5J6P6P3	2	2	cluster_2	0.9999699628523966
A0A5J6UE86	0	0	cluster_0	0.9999774206414188
A0A5J6UFQ6	197	197	cluster_197	0.99996905811243
A0A5M6D6L0	4	4	cluster_4	0.9999827891417506
A0A5N3RXH4	55	55	cluster_55	0.9994414454570562
A0A5N7NL70	4	4	cluster_4	0.9999833038708216
A0A5N8WDT0	5	5	cluster_5	0.9999620610051505
A0A5N9CY53	0	0	cluster_0	0.9999746380462926
A0A5P1X5E4	4	4	cluster_4	0.9999823689491157
A0A5P3MU93	11	11	cluster_11	0.9981230104109617
A0A5P8JN98	12	12	cluster_12	0.9999055385761696
A0A5P8LZ48	0	0	cluster_0	0.9999739592398507
A0A5P9GNE2	74	74	cluster_74	0.9999777184099138
A0A5P9Q0F7	5	5	cluster_5	0.999963408687436
A0A5P9WBC3	18	18	cluster_18	0.9987070538451132
A0A5P9XTU2	74	74	cluster_74	0.9999791380347475
A0A5Q0BLB1	101	101	cluster_101	0.9998253423044141
A0A5Q0EJ58	2	2	cluster_2	0.9999709423513372
A0A5Q0MCZ2	0	0	cluster_0	0.9999699572180613
A0A5Q0TGN5	182	182	cluster_182	0.9999777764646844
A0A5Q2N577	0	0	cluster_0	0.9999791012980046
A0A5Q2TIX2	0	0	cluster_0	0.9999719277640368
A0A5Q3HEI8	2	2	cluster_2	0.9999683905613016
A0A5Q4FR05	0	0	cluster_0	0.9999800364840333
A0A5Q4SLS9	181	181	cluster_181	0.9999785391513675
A0A5Q8CNX0	0	0	cluster_0	0.9999647818562047
A0A5R8WTF6	5	5	cluster_5	0.9999650542187056
A0A5R9QDA1	0	0	cluster_0	0.9999799761793543
A0A5R9QZY2	0	0	cluster_0	0.9999721462378933
A0A5S3YAX8	192	192	cluster_192	0.9997456238372681
A0A5S3Z1N3	5	5	cluster_5	0.9999516186007291
A0A5S4F714	4	4	cluster_4	0.9999825134776645
A0A5S4URY4	192	192	cluster_192	0.9997329835153784
A0A5S5B5Q2	74	74	cluster_74	0.9999798934574599
A0A5S9F1I1	0	0	cluster_0	0.9999770918111497
A0A5S9PCK2	101	101	cluster_101	0.9997864369176932
A0A5T3EBG4	2	2	cluster_2	0.9999632186451999
A0A5T5I2L7	6	6	cluster_6	0.9999766761231086
A0A5U1A8M2	101	101	cluster_101	0.9998287415267453
A0A5U3R486	123	123	cluster_123	0.9998750717580918
A0A5U6PAX8	6	6	cluster_6	0.9999769627545322
A0A5U7RS35	2	2	cluster_2	0.9998900941893889
A0A5U8KA48	123	123	cluster_123	0.9998829670086233
A0A5U8XQ26	181	181	cluster_181	0.9999652513265065
A0A5V0B8P0	2	2	cluster_2	0.9999561303158679
A0A5V5V9F4	6	6	cluster_6	0.9999772760823403
A0A5W4PV75	181	181	cluster_181	0.9999704457153533
A0A5X4LHR9	156	156	cluster_156	0.9989473530169906
A0A5X6EVH5	123	123	cluster_123	0.9999070885056777
A0A5Z7XTM6	2	2	cluster_2	0.9999550421089368
A0A606C674	6	6	cluster_6	0.999977309272676
A0A628U1J1	181	181	cluster_181	0.9999757384988812
A0A635RBS4	181	181	cluster_181	0.9999577515382785
A0A644ULT1	0	0	cluster_0	0.99997351239024
A0A644VRJ8	17	17	cluster_17	0.9999030739650411
A0A645EXZ7	0	0	cluster_0	0.9999664797464244
A0A650CL96	183	183	cluster_183	0.9999783702577577
A0A650CQA2	183	183	cluster_183	0.9999777442961661
A0A651HGB7	0	0	cluster_0	0.9999794492164692
A0A653D3M8	6	6	cluster_6	0.9999783850142357
A0A653P5I4	5	5	cluster_5	0.9999687416135143
A0A653S9V7	4	4	cluster_4	0.9999775765810189
A0A654DR93	182	182	cluster_182	0.999971337132013
A0A656XW61	4	4	cluster_4	0.999983469534515
A0A657LL99	103	103	cluster_103	0.999954880893774
A0A658IMK3	2	2	cluster_2	0.9999562896850411
A0A660A3P8	4	4	cluster_4	0.999982273160366
A0A660PZ51	4	4	cluster_4	0.9999820643527467
A0A660QVU6	0	0	cluster_0	0.999971735143016
A0A660R8P7	0	0	cluster_0	0.9999717000636288
A0A660RFC0	175	175	cluster_175	0.9999393017462707
A0A660RL44	0	0	cluster_0	0.9999688154107831
A0A660RPZ5	0	0	cluster_0	0.9999690309530666
A0A660RZ55	10	10	cluster_10	0.9997533491532657
A0A660T930	0	0	cluster_0	0.9999757987881286
A0A660UKH2	0	0	cluster_0	0.9999765935773642
A0A660W388	181	181	cluster_181	0.9999797958197091
A0A660WRJ6	4	4	cluster_4	0.9999802536977512
A0A660YMQ6	0	0	cluster_0	0.999978773053375
A0A661IST0	183	183	cluster_183	0.9999431045959971
A0A661JR83	5	5	cluster_5	0.9999646277927259
A0A661MAC3	4	4	cluster_4	0.9999796459983389
A0A661MH55	0	0	cluster_0	0.9999783067845254
A0A661NCX8	6	6	cluster_6	0.9999754063374765
A0A661QVG6	4	4	cluster_4	0.9999819389142893
A0A661X719	181	181	cluster_181	0.9999766254020389
A0A661XIM7	10	10	cluster_10	0.9997485656287747
A0A662AH49	6	6	cluster_6	0.9999756200488146
A0A662BTY0	0	0	cluster_0	0.9999741193872914
A0A662EZ62	0	0	cluster_0	0.9999683113139187
A0A662GCF9	183	183	cluster_183	0.9999728412735784
A0A662GD04	183	183	cluster_183	0.9999727125874485
A0A662HSK1	183	183	cluster_183	0.9999788781270016
A0A662ID95	183	183	cluster_183	0.9999720368375598
A0A662II30	183	183	cluster_183	0.9999712687737486
A0A662IIN5	183	183	cluster_183	0.9999776462546585
A0A662ISP3	183	183	cluster_183	0.9999738456992192
A0A662J1N2	183	183	cluster_183	0.9999790902663633
A0A662J5Z6	183	183	cluster_183	0.9999671771998808
A0A662J9M6	183	183	cluster_183	0.9999763792594702
A0A662PRF2	0	0	cluster_0	0.9999691245065948
A0A662RH96	4	4	cluster_4	0.999969576624194
A0A662TG72	183	183	cluster_183	0.9999785348709378
A0A662U5H0	0	0	cluster_0	0.9999423842980683
A0A662UB66	183	183	cluster_183	0.9999765992645405
A0A662UGZ8	0	0	cluster_0	0.9999584038047935
A0A662ULF9	183	183	cluster_183	0.9999686197727506
A0A662UUH1	183	183	cluster_183	0.9999771272501963
A0A662V6X6	183	183	cluster_183	0.9999757704878198
A0A662VDP7	183	183	cluster_183	0.9999774578044064
A0A662VIH3	183	183	cluster_183	0.9999776094601146
A0A662W327	183	183	cluster_183	0.999978249535422
A0A662ZDM5	131	131	cluster_131	0.9998963664231129
A0A669CYL2	4	4	cluster_4	0.9999632452756172
A0A673A701	5	5	cluster_5	0.9999602724172246
A0A673LKU5	5	5	cluster_5	0.999956962243281
A0A673WT73	4	4	cluster_4	0.999968601730713
A0A679HJ12	0	0	cluster_0	0.9999693841029368
A0A6A0HK10	0	0	cluster_0	0.9999786755808536
A0A6A1VVC2	0	0	cluster_0	0.9999699487867623
A0A6A4VZX9	4	4	cluster_4	0.9999694137009569
A0A6A5QZI9	181	181	cluster_181	0.9999374469271746
A0A6A7RSL7	2	2	cluster_2	0.9999697393713193
A0A6A8ACD9	181	181	cluster_181	0.9999781174725416
A0A6A8UB22	185	185	cluster_185	0.9987286249878343
A0A6A9QG94	183	183	cluster_183	0.9999783032408992
A0A6A9QVF6	10	10	cluster_10	0.9997883067568605
A0A6A9SCU2	0	0	cluster_0	0.9999751356212171
A0A6B1GRP2	192	192	cluster_192	0.9997420788032465
A0A6B1K7R6	181	181	cluster_181	0.9999770343217096
A0A6B2BYY2	181	181	cluster_181	0.9999772180640598
A0A6B2C4K8	181	181	cluster_181	0.9999650267743292
A0A6B2CHL7	10	10	cluster_10	0.9996587596887155
A0A6B2FVI0	181	181	cluster_181	0.9999793622371326
A0A6B2SMT1	181	181	cluster_181	0.9999799779520873
A0A6B3BV92	0	0	cluster_0	0.9999772572019695
A0A6B3KNQ2	7	7	cluster_7	0.999984178417934
A0A6B4A2B9	17	17	cluster_17	0.9999007942317116
A0A6B4JIJ5	17	17	cluster_17	0.9999032198463538
A0A6B4JRQ0	17	17	cluster_17	0.999890624484653
A0A6B9D1I8	2	2	cluster_2	0.9999651515260012
A0A6C0H6Q5	14	14	cluster_14	0.9999717285571921
A0A6C0KTH1	6	6	cluster_6	0.9999667688779681
A0A6C0Q1J8	0	0	cluster_0	0.9999772564268293
A0A6F8UU92	4	4	cluster_4	0.999979375681882
A0A6G0ZGV8	4	4	cluster_4	0.999968909709554
A0A6G1RAP4	4	4	cluster_4	0.9999527293287196
A0A6G1ST23	202	202	cluster_202	0.9999707526949423
A0A6G1WXX7	4	4	cluster_4	0.9999745571995355
A0A6G2I1S2	0	0	cluster_0	0.9999783982451041
A0A6G2PZK4	0	0	cluster_0	0.9999780519284924
A0A6G2X9N1	197	197	cluster_197	0.9999676467333138
A0A6G3CQI0	181	181	cluster_181	0.9999800406372082
A0A6G3LM74	4	4	cluster_4	0.9999726957717252
A0A6G3ZR53	0	0	cluster_0	0.9999715691865289
A0A6G5QF78	4	4	cluster_4	0.999982906341692
A0A6G6SA81	6	6	cluster_6	0.9999787480930378
A0A6G6SNZ5	182	182	cluster_182	0.9999763545838096
A0A6G7KAI7	187	187	cluster_187	0.9998935089530891
A0A6G7SZE3	0	0	cluster_0	0.9999779781832282
A0A6G7WGN8	187	187	cluster_187	0.999897775970856
A0A6G8ARE3	187	187	cluster_187	0.9998876571585622
A0A6G8DJS7	181	181	cluster_181	0.9999722488271935
A0A6G8HY03	119	119	cluster_119	0.9980041642706406
A0A6G8L0R5	0	0	cluster_0	0.9999747482638696
A0A6G8U7B9	0	0	cluster_0	0.9999760604935403
A0A6G9IAT4	3	3	cluster_3	0.9997684758659415
A0A6G9QPZ4	208	208	cluster_208	0.9997827272394743
A0A6G9WBH5	0	0	cluster_0	0.9999781464503738
A0A6G9XY87	197	197	cluster_197	0.999972726269848
A0A6G9YUC0	197	197	cluster_197	0.999973016896842
A0A6H0A4D1	2	2	cluster_2	0.9999642203619276
A0A6H0KQQ8	0	0	cluster_0	0.9999704714201612
A0A6H1NGD5	181	181	cluster_181	0.9999798183511875
A0A6H1NLG3	0	0	cluster_0	0.9999719236359352
A0A6H1RFF8	0	0	cluster_0	0.9999744093740456
A0A6H1ZDP0	197	197	cluster_197	0.9999617869092656
A0A6H2A6Q0	17	17	cluster_17	0.9999062082005201
A0A6H9HHD3	103	103	cluster_103	0.9999563947479593
A0A6H9YWH6	181	181	cluster_181	0.9999808999878638
A0A6I1AZF0	6	6	cluster_6	0.9999741248830977
A0A6I1NPH9	95	95	cluster_95	0.9995326096129
A0A6I2G834	5	5	cluster_5	0.9999602958641767
A0A6I2G892	0	0	cluster_0	0.9999764118690965
A0A6I2IR61	0	0	cluster_0	0.9999770240782325
A0A6I2MCR1	5	5	cluster_5	0.9999617251879725
A0A6I2RCR7	0	0	cluster_0	0.9999721719211493
A0A6I2SZJ6	192	192	cluster_192	0.9997278859906016
A0A6I2ZCU0	4	4	cluster_4	0.9999832676122596
A0A6I3I697	4	4	cluster_4	0.9999829722638331
A0A6I3J634	5	5	cluster_5	0.9999645403821713
A0A6I3VZV6	4	4	cluster_4	0.9999828566619899
A0A6I4MAU5	181	181	cluster_181	0.9999791485831226
A0A6I4MZ18	0	0	cluster_0	0.9999771826735974
A0A6I4RJE5	131	131	cluster_131	0.999888513653577
A0A6I4V6X0	4	4	cluster_4	0.9999834426720784
A0A6I5L8Z2	4	4	cluster_4	0.9999750958343993
A0A6I6A8K3	202	202	cluster_202	0.9999753462909101
A0A6I6DBP1	0	0	cluster_0	0.9999772717387659
A0A6I6EK88	101	101	cluster_101	0.9998341823299465
A0A6I6JF97	0	0	cluster_0	0.9999778038250898
A0A6I6L3C8	103	103	cluster_103	0.9999547408334358
A0A6I6SB04	181	181	cluster_181	0.9999791263207239
A0A6I7N7P0	4	4	cluster_4	0.9999825576125334
A0A6I7Q4B3	10	10	cluster_10	0.9997760572087722
A0A6I7X103	4	4	cluster_4	0.9999835823405445
A0A6I9QR34	5	5	cluster_5	0.9999497760484782
A0A6I9QTP4	0	0	cluster_0	0.9999457892783438
A0A6I9REQ2	0	0	cluster_0	0.9999520625578243
A0A6J0IXA6	181	181	cluster_181	0.9999662229086275
A0A6J1GL88	4	4	cluster_4	0.9999825964230744
A0A6J4CYB8	6	6	cluster_6	0.9999641337114039
A0A6J4N9P1	181	181	cluster_181	0.9999691375328302
A0A6J4QU75	0	0	cluster_0	0.9999779904299884
A0A6J4R0G5	0	0	cluster_0	0.9999756717368
A0A6J5BTB0	5	5	cluster_5	0.9999510401361954
A0A6J5KD29	2	2	cluster_2	0.9999686928626998
A0A6J6H3E3	0	0	cluster_0	0.9999732472957414
A0A6L5XDL9	6	6	cluster_6	0.9999744426732745
A0A6L5YMI0	131	131	cluster_131	0.9998947869169024
A0A6L6IH44	95	95	cluster_95	0.9996484356869944
A0A6L6Q8S0	7	7	cluster_7	0.9999843368147335
A0A6L6TNG5	4	4	cluster_4	0.9999819252202606
A0A6L6X137	197	197	cluster_197	0.9999671263761714
A0A6L6Y1J9	6	6	cluster_6	0.9999785098219869
A0A6L7IM16	0	0	cluster_0	0.9999779281031052
A0A6L7SQZ7	74	74	cluster_74	0.9999781172124523
A0A6L7WYW5	4	4	cluster_4	0.9999824237934705
A0A6L8E285	181	181	cluster_181	0.9999771675299503
A0A6L9SEW2	4	4	cluster_4	0.9999825657037142
A0A6M0L4R6	4	4	cluster_4	0.9999825259014711
A0A6M0LPW9	4	4	cluster_4	0.9999812946083136
A0A6M0S2Q0	17	17	cluster_17	0.9998988237384946
A0A6M1KY41	0	0	cluster_0	0.9999780739613516
A0A6M1M225	0	0	cluster_0	0.9999741848015286
A0A6M2A4R2	4	4	cluster_4	0.9999808497696904
A0A6M3HDG5	165	165	cluster_165	0.9986498464827318
A0A6M3J7T5	17	17	cluster_17	0.9999006204665086
A0A6M3KZ75	17	17	cluster_17	0.999905711027025
A0A6M3MB12	6	6	cluster_6	0.999975889102408
A0A6M3Z7Y3	10	10	cluster_10	0.9997656802520547
A0A6M4PF13	197	197	cluster_197	0.9999671442135832
A0A6M5YL18	181	181	cluster_181	0.9999805651166329
A0A6M8UF20	77	77	cluster_77	0.9998479286999761
A0A6N0IG21	2	2	cluster_2	0.9999501290076345
A0A6N1YHM5	0	0	cluster_0	0.9999706554190798
A0A6N2B5N9	5	5	cluster_5	0.9999512146262617
A0A6N2CYS6	0	0	cluster_0	0.999977441247078
A0A6N2HNV6	181	181	cluster_181	0.9999805173675389
A0A6N2JQ07	6	6	cluster_6	0.9999745264718412
A0A6N2VBM9	3	3	cluster_3	0.9997672791231067
A0A6N2VLC5	0	0	cluster_0	0.9999643517394295
A0A6N4H2V1	4	4	cluster_4	0.9999825798128169
A0A6N4STH9	5	5	cluster_5	0.9999668802618216
A0A6N6MS85	0	0	cluster_0	0.9999792480399837
A0A6N6S0A3	181	181	cluster_181	0.9999790157901122
A0A6N7ANE0	0	0	cluster_0	0.9999762235626442
A0A6N7AR73	181	181	cluster_181	0.9999772089453787
A0A6N7Y1B4	0	0	cluster_0	0.9999746343357344
A0A6N7ZPW0	127	127	cluster_127	0.9999669471824609
A0A6N7ZRP9	72	72	cluster_72	0.9995509365480845
A0A6N8FKW7	0	0	cluster_0	0.9999750517469294
A0A6N8JF31	181	181	cluster_181	0.9999791667783655
A0A6N8UT57	192	192	cluster_192	0.9997152699592365
A0A6N8WCA7	4	4	cluster_4	0.9999797410174279
A0A6N9NX40	0	0	cluster_0	0.9999648695862279
A0A6P0BEU0	0	0	cluster_0	0.9999769863525187
A0A6P0N748	12	12	cluster_12	0.9999001350549978
A0A6P0UQ84	5	5	cluster_5	0.9999682829638848
A0A6P1BAZ3	8	8	cluster_8	0.999935865393397
A0A6P1UB79	182	182	cluster_182	0.9999721461338776
A0A6P1UTT3	208	208	cluster_208	0.9998037038167309
A0A6P1V6D1	2	2	cluster_2	0.9999646620754634
A0A6P1V7I3	123	123	cluster_123	0.9998955755670739
A0A6P1VMY4	181	181	cluster_181	0.9999779810717998
A0A6P2DB52	181	181	cluster_181	0.9999805408018978
A0A6P4FG72	181	181	cluster_181	0.999976691831147
A0A6P7MIQ6	5	5	cluster_5	0.9999527141721624
A0A6P8FDS4	181	181	cluster_181	0.9999613594700121
A0A6P8SI98	5	5	cluster_5	0.9999642099434702
A0A6Q2WSQ0	5	5	cluster_5	0.9999577573329363
A0A6S5JWJ8	2	2	cluster_2	0.9999552409155331
A0A6V6YNQ4	181	181	cluster_181	0.9999802235324639
A0A6V8SCA1	0	0	cluster_0	0.9999640876758479
A0A6V8SNK3	5	5	cluster_5	0.9999673467296462
A0A6W4RI05	88	88	cluster_88	0.9996949569099695
A0A6W5FZD9	30	30	cluster_30	0.9990479058259403
A0A729G350	3	3	cluster_3	0.999782965464736
A0A729XFV9	6	6	cluster_6	0.9999791858033725
A0A734HNA2	2	2	cluster_2	0.9998863746681216
A0A736P5Z9	182	182	cluster_182	0.9999729632330489
A0A738Z5S4	6	6	cluster_6	0.9999773077829047
A0A748ZIA1	22	22	cluster_22	0.9999335073084508
A0A754AHP3	6	6	cluster_6	0.999976667005907
A0A756I2J3	2	2	cluster_2	0.9998595030198821
A0A757YPX3	0	0	cluster_0	0.999974640478892
A0A765TA05	182	182	cluster_182	0.9999717590711977
A0A7C0TXM2	183	183	cluster_183	0.9999787451013219
A0A7C0VQU3	0	0	cluster_0	0.9999749559480413
A0A7C1BH06	183	183	cluster_183	0.9999804734281502
A0A7C1BTX6	183	183	cluster_183	0.9999740681341073
A0A7C1QU62	197	197	cluster_197	0.9999645650040084
A0A7C1S9W8	0	0	cluster_0	0.9999707245540752
A0A7C1TXS0	74	74	cluster_74	0.9999781461162782
A0A7C1VJP6	17	17	cluster_17	0.9999116126719442
A0A7C1VX49	5	5	cluster_5	0.9999419367185449
A0A7C1ZEA7	181	181	cluster_181	0.9999737979342577
A0A7C1ZIE2	0	0	cluster_0	0.9999709082347081
A0A7C2CWD8	4	4	cluster_4	0.999972895180859
A0A7C2HZI8	0	0	cluster_0	0.999979112762191
A0A7C2LA42	183	183	cluster_183	0.9999717041834463
A0A7C2MN87	183	183	cluster_183	0.9999756447459236
A0A7C2S0Z0	181	181	cluster_181	0.9999786327404826
A0A7C2V697	0	0	cluster_0	0.9999601180292054
A0A7C2Z9C4	183	183	cluster_183	0.9999704327076042
A0A7C3AJG2	0	0	cluster_0	0.9999742849017632
A0A7C3CW16	4	4	cluster_4	0.9999678244579827
A0A7C3F2E9	0	0	cluster_0	0.999974746407938
A0A7C3HB31	181	181	cluster_181	0.9999776048902462
A0A7C3K146	0	0	cluster_0	0.9999758974607833
A0A7C3PLL5	0	0	cluster_0	0.9999801867627174
A0A7C3PSQ5	0	0	cluster_0	0.999974945637687
A0A7C3RWM5	175	175	cluster_175	0.9999532559924985
A0A7C3WNK7	0	0	cluster_0	0.999970785128381
A0A7C3XK16	0	0	cluster_0	0.9999727675892879
A0A7C4BXS7	0	0	cluster_0	0.9999792359458191
A0A7C4DAR2	183	183	cluster_183	0.9999699076415346
A0A7C4DBW2	181	181	cluster_181	0.9999788405218388
A0A7C4DJ22	181	181	cluster_181	0.9999700137480647
A0A7C4DRR7	183	183	cluster_183	0.99997997210776
A0A7C4E5N9	181	181	cluster_181	0.9999721702464247
A0A7C4F828	183	183	cluster_183	0.9999748884192377
A0A7C4G2Y2	183	183	cluster_183	0.9999743746404848
A0A7C4H004	183	183	cluster_183	0.9999763497260322
A0A7C4H9D9	183	183	cluster_183	0.9999804950482427
A0A7C4HPT2	0	0	cluster_0	0.9999687868525401
A0A7C4JE00	4	4	cluster_4	0.9999585966012868
A0A7C4JLW6	4	4	cluster_4	0.9999495939094022
A0A7C4M7N5	0	0	cluster_0	0.9999734949485498
A0A7C4MA36	183	183	cluster_183	0.9999762534722434
A0A7C4MCK2	69	69	cluster_69	0.9997827356536532
A0A7C4NTS2	183	183	cluster_183	0.9999791637875045
A0A7C4QJW0	183	183	cluster_183	0.9999766614740669
A0A7C4S4P9	183	183	cluster_183	0.9999745695898532
A0A7C4WAS7	183	183	cluster_183	0.999976057557387
A0A7C4WIU5	183	183	cluster_183	0.9999757016988863
A0A7C4WSM6	74	74	cluster_74	0.9999748103352585
A0A7C4X5W1	0	0	cluster_0	0.9999733661385073
A0A7C4Z5I4	0	0	cluster_0	0.9999804569017544
A0A7C4ZJC3	103	103	cluster_103	0.9999577833859917
A0A7C4ZXZ0	0	0	cluster_0	0.9999693614555961
A0A7C5EM88	4	4	cluster_4	0.9999830210917869
A0A7C5FU80	10	10	cluster_10	0.9996918693047292
A0A7C5GJK3	10	10	cluster_10	0.999643289208316
A0A7C5MQC4	4	4	cluster_4	0.9999820556357419
A0A7C5TWZ8	183	183	cluster_183	0.9999773368381891
A0A7C5U7H6	183	183	cluster_183	0.9999734581153409
A0A7C5V1E0	183	183	cluster_183	0.9999697900162167
A0A7C5X245	10	10	cluster_10	0.9997125438181644
A0A7C5X7F7	183	183	cluster_183	0.9999715367275389
A0A7C5Y5N4	183	183	cluster_183	0.9999798759132631
A0A7C5YXX6	183	183	cluster_183	0.9999740033058558
A0A7C5ZPM1	0	0	cluster_0	0.9999792083830809
A0A7C6B1J4	0	0	cluster_0	0.9999696206098331
A0A7C6HPY4	127	127	cluster_127	0.9999726389633566
A0A7C6J9T3	0	0	cluster_0	0.9999794955932096
A0A7C6LYW8	175	175	cluster_175	0.9999504076523794
A0A7C6YP57	10	10	cluster_10	0.9997796839393337
A0A7C7CPV9	4	4	cluster_4	0.9999826771339946
A0A7C7DZQ4	0	0	cluster_0	0.9999599122359212
A0A7C7EKI3	131	131	cluster_131	0.9998885616337692
A0A7C7PAV6	181	181	cluster_181	0.9999782305845133
A0A7C9GNH4	139	139	cluster_139	0.9994466887457846
A0A7C9GVB6	74	74	cluster_74	0.9999794965237995
A0A7C9PEK1	101	101	cluster_101	0.9997729248217819
A0A7C9R6Z9	0	0	cluster_0	0.9999775552188646
A0A7D4BSG0	74	74	cluster_74	0.9999777665634092
A0A7D5FZZ2	123	123	cluster_123	0.9999028347427937
A0A7D5SWX7	4	4	cluster_4	0.9999711871339291
A0A7D6BUH7	181	181	cluster_181	0.9999714830045069
A0A7D6GS78	0	0	cluster_0	0.9999620297560491
A0A7D6USB9	123	123	cluster_123	0.9998926263574801
A0A7D6VVQ1	5	5	cluster_5	0.9999672538417255
A0A7D7V7C4	4	4	cluster_4	0.9999651533579607
A0A7G1G8V4	0	0	cluster_0	0.9999760337115529
A0A7G1N7U8	127	127	cluster_127	0.9999713553364993
A0A7G2IRC4	181	181	cluster_181	0.9999785799486011
A0A7G2RV69	5	5	cluster_5	0.9999687703279413
A0A7G2SAS3	5	5	cluster_5	0.9999680264136164
A0A7G2T5W9	6	6	cluster_6	0.9999737203450707
A0A7G5MXF6	10	10	cluster_10	0.999773374488125
A0A7G6E130	0	0	cluster_0	0.9999800898821831
A0A7G7MJF7	0	0	cluster_0	0.9999775915233896
A0A7G8VMR7	0	0	cluster_0	0.9999749391061362
A0A7G9FI99	0	0	cluster_0	0.9999625516217778
A0A7G9GWC9	175	175	cluster_175	0.9999437642370476
A0A7G9W9D1	10	10	cluster_10	0.9996983512296852
A0A7H0M8K2	192	192	cluster_192	0.9997360473051706
A0A7H0MIR6	5	5	cluster_5	0.9999691619947473
A0A7H0VBC2	8	8	cluster_8	0.9999152536018537
A0A7H1BAK9	4	4	cluster_4	0.999982858694479
A0A7H1MCK1	6	6	cluster_6	0.9999693513336051
A0A7H2YMF0	182	182	cluster_182	0.9999764347338373
A0A7H5F1N6	4	4	cluster_4	0.999981786590676
A0A7H8IZ37	181	181	cluster_181	0.9999798920805736
A0A7H8K1D4	181	181	cluster_181	0.9999798503234849
A0A7H8L339	181	181	cluster_181	0.9999799756601687
A0A7H8M914	181	181	cluster_181	0.9999771619287532
A0A7H8N349	197	197	cluster_197	0.9999640470943144
A0A7H8PZJ3	181	181	cluster_181	0.9999777131782922
A0A7H9B077	181	181	cluster_181	0.9999693618855571
A0A7H9FJJ0	145	145	cluster_145	0.9999522884156333
A0A7I7MKC8	0	0	cluster_0	0.9999767851874686
A0A7I8E844	18	18	cluster_18	0.9979297490367769
A0A7I8VAT3	5	5	cluster_5	0.9999668293372042
A0A7J0AJI8	8	8	cluster_8	0.9999243870711512
A0A7J2I1Q8	10	10	cluster_10	0.9997727031112951
A0A7J2PK43	6	6	cluster_6	0.9999700960148021
A0A7J2R1X1	181	181	cluster_181	0.9999723172651478
A0A7J2RHN2	0	0	cluster_0	0.9999641731744096
A0A7J2RHT2	0	0	cluster_0	0.9999725562168125
A0A7J2TJB8	0	0	cluster_0	0.9999746136641824
A0A7J2V8T1	183	183	cluster_183	0.9999793498330249
A0A7J2VVV6	151	151	cluster_151	0.9983770499561321
A0A7J2VWC6	50	50	cluster_50	0.9984504119206542
A0A7J2VWF6	151	151	cluster_151	0.9982954900190024
A0A7J2X1N9	10	10	cluster_10	0.999663723540324
A0A7J2X1Y4	0	0	cluster_0	0.9999676325313164
A0A7J3A0H4	10	10	cluster_10	0.9997741224311307
A0A7J3I6J8	183	183	cluster_183	0.999969640374423
A0A7J3M5E6	0	0	cluster_0	0.9999732440794225
A0A7J3MXD8	183	183	cluster_183	0.9999781371587608
A0A7J3P9X0	181	181	cluster_181	0.9999729758711996
A0A7J3QAU4	183	183	cluster_183	0.9999774260639158
A0A7J3S898	0	0	cluster_0	0.9999727665436318
A0A7J3W5D4	183	183	cluster_183	0.9999724911753225
A0A7J3W5X4	10	10	cluster_10	0.9997695069934955
A0A7J3XWJ1	183	183	cluster_183	0.9999736928664185
A0A7J3XYT4	183	183	cluster_183	0.9999819121529626
A0A7J3Z8D7	183	183	cluster_183	0.9999774520464154
A0A7J4YNI7	4	4	cluster_4	0.9999831991977975
A0A7J5AAU7	0	0	cluster_0	0.9999783563408944
A0A7J5DVN6	0	0	cluster_0	0.9999725236818038
A0A7J5GA63	6	6	cluster_6	0.999974960192625
A0A7J5W220	0	0	cluster_0	0.999968990080307
A0A7J5WYF8	181	181	cluster_181	0.9999781237028443
A0A7J7WLR3	5	5	cluster_5	0.9999644683697093
A0A7J9Q241	0	0	cluster_0	0.999976977018996
A0A7J9YHL2	0	0	cluster_0	0.9999787253460896
A0A7K1XZ03	0	0	cluster_0	0.9999725155416164
A0A7K2CCR9	0	0	cluster_0	0.9999786581203344
A0A7K2EVI8	181	181	cluster_181	0.9999781643660771
A0A7K2J027	181	181	cluster_181	0.9999787897897197
A0A7K2KNC7	181	181	cluster_181	0.999979596729014
A0A7K2N9P4	176	176	cluster_176	0.9985508930361217
A0A7K2YSF4	181	181	cluster_181	0.9999803894202923
A0A7K3B691	181	181	cluster_181	0.9999785348475451
A0A7K3S0X0	197	197	cluster_197	0.9999670024077003
A0A7K3SBH9	181	181	cluster_181	0.9999805604066384
A0A7K3ZYK3	0	0	cluster_0	0.9999764016483871
A0A7K4AJI0	0	0	cluster_0	0.999977767489767
A0A7K4AM72	4	4	cluster_4	0.9999717322051453
A0A7K4DHJ4	4	4	cluster_4	0.9999673793067214
A0A7K4G476	0	0	cluster_0	0.999965009769076
A0A7K6ZJ70	4	4	cluster_4	0.9999808873423961
A0A7K8R055	4	4	cluster_4	0.9999806353800913
A0A7L4P4S2	0	0	cluster_0	0.9999710688330161
A0A7L4Q9E5	181	181	cluster_181	0.9999742034229009
A0A7L4WF73	130	130	cluster_130	0.997853767752846
A0A7L5A372	0	0	cluster_0	0.9999771313868846
A0A7L5E083	202	202	cluster_202	0.9999671487226639
A0A7L5SVI2	0	0	cluster_0	0.9999776546973385
A0A7L5T6Z5	181	181	cluster_181	0.9999801274735947
A0A7L6N304	69	69	cluster_69	0.9998161558327736
A0A7L6N3Z4	69	69	cluster_69	0.99980303886623
A0A7L9FET9	4	4	cluster_4	0.9999615327536681
A0A7M1Q509	10	10	cluster_10	0.9997071482604888
A0A7M1SVQ6	4	4	cluster_4	0.999983635481608
A0A7M1T5N8	4	4	cluster_4	0.999981950188876
A0A7M2C8T2	181	181	cluster_181	0.999980479314088
A0A7M2GQH8	103	103	cluster_103	0.9999563402716465
A0A7M2QM72	101	101	cluster_101	0.9998299843408669
A0A7M2V601	4	4	cluster_4	0.999962812295035
A0A7M3LUE9	0	0	cluster_0	0.9999700873208979
A0A7M3LZG4	181	181	cluster_181	0.9999796718892134
A0A7M3MV25	0	0	cluster_0	0.9999776752622151
A0A7M4DTV3	107	107	cluster_107	0.9995431704245231
A0A7R7EL56	0	0	cluster_0	0.9999665211132025
A0A7R7RSL7	197	197	cluster_197	0.9999711515176481
A0A7S4H264	6	6	cluster_6	0.9999796783674441
A0A7S4ZTG0	14	14	cluster_14	0.9999821690092532
A0A7S6MVS2	0	0	cluster_0	0.9999745489846829
A0A7S6U6H0	6	6	cluster_6	0.9999760128393429
A0A7S7T3Q2	5	5	cluster_5	0.9999657938071386
A0A7S8F6D9	0	0	cluster_0	0.999981175860729
A0A7S9L072	202	202	cluster_202	0.9999726750652647
A0A7T1DXV6	7	7	cluster_7	0.999983452550239
A0A7T2VX95	2	2	cluster_2	0.9999684168535711
A0A7T7HE15	0	0	cluster_0	0.9999787438214695
A0A7U5GVS6	5	5	cluster_5	0.9999629043099442
A0A7U6QKZ7	0	0	cluster_0	0.9999529389327892
A0A7U8B3X1	6	6	cluster_6	0.9999638611377999
A0A7U8GT71	0	0	cluster_0	0.9999705704576882
A0A7U9NXL8	156	156	cluster_156	0.9989140607333478
A0A7U9RV81	6	6	cluster_6	0.9999716193815071
A0A7U9S8R7	131	131	cluster_131	0.9998899254847945
A0A7U9SLK4	131	131	cluster_131	0.9998958809445379
A0A7V0IFJ3	0	0	cluster_0	0.9999785285266338
A0A7V0Z973	0	0	cluster_0	0.9999767706772574
A0A7V1H5K3	181	181	cluster_181	0.9999757658687372
A0A7V1M5M9	4	4	cluster_4	0.9999831898494613
A0A7V1ZGT2	181	181	cluster_181	0.9999778715420816
A0A7V1ZJF3	175	175	cluster_175	0.9999537713397574
A0A7V1ZVD5	181	181	cluster_181	0.9999768652705272
A0A7V2EM87	0	0	cluster_0	0.9999784565644563
A0A7V2JEN2	10	10	cluster_10	0.9997921771886501
A0A7V2JH69	0	0	cluster_0	0.9999742126796632
A0A7V2QFG3	4	4	cluster_4	0.9999814038497626
A0A7V2QHJ4	0	0	cluster_0	0.9999805387786155
A0A7V3QFE4	0	0	cluster_0	0.9999782629579782
A0A7V3RXG1	5	5	cluster_5	0.9999650018350696
A0A7V3UQG5	196	196	cluster_196	0.9999844438747695
A0A7V3VBR4	4	4	cluster_4	0.9999828697340942
A0A7V4KHU8	5	5	cluster_5	0.9999595356137632
A0A7V4LYQ6	0	0	cluster_0	0.9999793568105325
A0A7V4XC42	0	0	cluster_0	0.9999651122630665
A0A7V5BN78	6	6	cluster_6	0.9999698530847976
A0A7V5CY62	197	197	cluster_197	0.9999660328215392
A0A7V5ERB8	4	4	cluster_4	0.9999809282959775
A0A7V6GAQ3	0	0	cluster_0	0.9999783235941533
A0A7V6J135	5	5	cluster_5	0.9999660688464985
A0A7V6U001	103	103	cluster_103	0.9999573105156615
A0A7V7B2W7	4	4	cluster_4	0.9999818721231847
A0A7V7G0A3	181	181	cluster_181	0.9999790050616404
A0A7V7MIF6	181	181	cluster_181	0.9999790095901914
A0A7V7X3B0	4	4	cluster_4	0.9999831320546144
A0A7V8BZ85	0	0	cluster_0	0.999974645326875
A0A7V8CYW1	5	5	cluster_5	0.9999615178911846
A0A7V8K1I8	7	7	cluster_7	0.9999840815847381
A0A7V9A8P3	0	0	cluster_0	0.9999770655532768
A0A7V9AA96	0	0	cluster_0	0.9999764559963479
A0A7V9MX41	0	0	cluster_0	0.9999784785769356
A0A7V9U8B3	5	5	cluster_5	0.999964534883759
A0A7W0A248	4	4	cluster_4	0.9999822436093412
A0A7W0I1S1	0	0	cluster_0	0.9999734008165542
A0A7W0Q3C7	0	0	cluster_0	0.9999757002589439
A0A7W0UW27	181	181	cluster_181	0.9999750595928353
A0A7W0ZU24	0	0	cluster_0	0.9999778996879896
A0A7W1HH64	0	0	cluster_0	0.9999704775155178
A0A7W1ILR5	181	181	cluster_181	0.9999798813277121
A0A7W1RF08	0	0	cluster_0	0.9999792213513418
A0A7W1RW23	0	0	cluster_0	0.9999750742240704
A0A7W2J0Q8	175	175	cluster_175	0.9999498690871701
A0A7W2Z9G5	101	101	cluster_101	0.9998034895512085
A0A7W3RFL5	0	0	cluster_0	0.9999787691031063
A0A7W3SSW8	0	0	cluster_0	0.999978063078079
A0A7W3TRZ0	6	6	cluster_6	0.9999708202579478
A0A7W3WSY1	181	181	cluster_181	0.9999735749675849
A0A7W4GU10	4	4	cluster_4	0.9999830760554799
A0A7W4HLB3	10	10	cluster_10	0.999725365566346
A0A7W4JQX9	0	0	cluster_0	0.9999686263564103
A0A7W4KLJ7	2	2	cluster_2	0.9999552250762573
A0A7W4XZN2	181	181	cluster_181	0.9999788934718736
A0A7W4YTA2	0	0	cluster_0	0.99997084235739
A0A7W5ASH8	181	181	cluster_181	0.999979822269309
A0A7W5GWB6	6	6	cluster_6	0.9999781624226657
A0A7W5H2E7	0	0	cluster_0	0.9999773247311384
A0A7W5K0F7	74	74	cluster_74	0.9999797056131947
A0A7W5QL63	103	103	cluster_103	0.9999576665308166
A0A7W6B0K6	0	0	cluster_0	0.9999785456498539
A0A7W6EEJ8	17	17	cluster_17	0.9998976965528104
A0A7W6KDF5	0	0	cluster_0	0.9999785359870801
A0A7W6LX24	103	103	cluster_103	0.9999594154112439
A0A7W6RX85	0	0	cluster_0	0.9999785637877809
A0A7W6SFS9	0	0	cluster_0	0.9999783169166652
A0A7W7G9J5	197	197	cluster_197	0.9999688892041172
A0A7W7N3W9	0	0	cluster_0	0.9999783906583796
A0A7W7ZCY8	182	182	cluster_182	0.9999767039988088
A0A7W8BKU4	0	0	cluster_0	0.9999780775361634
A0A7W8FTD1	74	74	cluster_74	0.9999763195073532
A0A7W8JF42	74	74	cluster_74	0.9999720513329671
A0A7W8JW03	5	5	cluster_5	0.9999685249601744
A0A7W8KQZ2	0	0	cluster_0	0.9999709253525467
A0A7W8UQX9	2	2	cluster_2	0.9999621178883031
A0A7W8WLT0	2	2	cluster_2	0.9999697977965879
A0A7W8ZL34	4	4	cluster_4	0.9999825799066363
A0A7W9LPV4	127	127	cluster_127	0.9999736723905497
A0A7W9SLM9	181	181	cluster_181	0.9999800387256903
A0A7W9T689	181	181	cluster_181	0.9999773792862059
A0A7X0LWB4	17	17	cluster_17	0.9999042413637086
A0A7X0P347	0	0	cluster_0	0.9999713197161961
A0A7X0VYA8	0	0	cluster_0	0.9999807203760305
A0A7X0W4Y2	97	97	cluster_97	0.9992342912974541
A0A7X0WGQ1	88	88	cluster_88	0.9996801111229897
A0A7X0X9I9	15	15	cluster_15	0.9992359324954212
A0A7X0X9M6	177	177	cluster_177	0.9989830683640238
A0A7X0XBX8	88	88	cluster_88	0.9996982223339248
A0A7X0XM77	88	88	cluster_88	0.9996938754868381
A0A7X0ZEC6	114	114	cluster_114	0.9981251959670495
A0A7X0ZFI6	15	15	cluster_15	0.9991261530792961
A0A7X0ZGX8	181	181	cluster_181	0.9999788127902738
A0A7X1BTS0	101	101	cluster_101	0.9997953364656559
A0A7X1CJZ2	175	175	cluster_175	0.9999527715363473
A0A7X1LN05	208	208	cluster_208	0.9998299617541767
A0A7X1NH29	2	2	cluster_2	0.9999665227898752
A0A7X1ZD93	0	0	cluster_0	0.9999732203870254
A0A7X2BTZ4	2	2	cluster_2	0.9999666145718537
A0A7X2G1R9	6	6	cluster_6	0.999971791478781
A0A7X2L2U6	0	0	cluster_0	0.999974866232083
A0A7X2NM68	0	0	cluster_0	0.9999678571393874
A0A7X2VHX6	116	116	cluster_116	0.9985822303441598
A0A7X2ZAI6	4	4	cluster_4	0.9999832377547305
A0A7X3G8I8	131	131	cluster_131	0.9998935035679991
A0A7X3H2S2	0	0	cluster_0	0.9999730489874888
A0A7X3M513	0	0	cluster_0	0.9999779042505889
A0A7X3MRT9	0	0	cluster_0	0.9999752335427284
A0A7X3P015	17	17	cluster_17	0.9998870019426314
A0A7X3VS49	17	17	cluster_17	0.99990428076843
A0A7X3ZZ62	0	0	cluster_0	0.9999683706112338
A0A7X4ZA69	17	17	cluster_17	0.999908898258769
A0A7X5HWF2	131	131	cluster_131	0.9998776289373202
A0A7X5I636	182	182	cluster_182	0.9999671246365661
A0A7X5QHM3	192	192	cluster_192	0.9997167391274436
A0A7X6J8I3	14	14	cluster_14	0.9999829325467664
A0A7X6X7H7	10	10	cluster_10	0.9997522904801556
A0A7X6ZSL8	17	17	cluster_17	0.9998811683308774
A0A7X7B4Y0	0	0	cluster_0	0.999959856137032
A0A7X7H5E3	181	181	cluster_181	0.9999767037430368
A0A7X7I130	0	0	cluster_0	0.9999789704868857
A0A7X7J1I3	0	0	cluster_0	0.9999710755120542
A0A7X7N701	181	181	cluster_181	0.9999792011182876
A0A7X7THV5	0	0	cluster_0	0.9999642100550978
A0A7X7YU53	10	10	cluster_10	0.9997480299412494
A0A7X8C7R5	0	0	cluster_0	0.9999751043364113
A0A7X8DCI6	5	5	cluster_5	0.9999667100698073
A0A7X8GV85	4	4	cluster_4	0.9999813034096061
A0A7X8L5K6	131	131	cluster_131	0.999887871542918
A0A7X8LD53	6	6	cluster_6	0.9999749577884586
A0A7X8REB6	0	0	cluster_0	0.9999645470721458
A0A7X8S4U1	103	103	cluster_103	0.9999555657999739
A0A7X8WDR1	91	91	cluster_91	0.9987183664101656
A0A7X8Z042	0	0	cluster_0	0.9999718097460281
A0A7X8Z5R0	4	4	cluster_4	0.9999821250758767
A0A7X9B3U1	181	181	cluster_181	0.9999689716445728
A0A7X9BLH3	0	0	cluster_0	0.9999793404558778
A0A7X9BQ49	10	10	cluster_10	0.9996029905031057
A0A7X9BY54	0	0	cluster_0	0.9999803782571856
A0A7X9MTT8	4	4	cluster_4	0.999982399018392
A0A7X9P7K8	5	5	cluster_5	0.9999658560744833
A0A7X9PDB7	0	0	cluster_0	0.9999783180774624
A0A7X9PEV5	0	0	cluster_0	0.9999778074620195
A0A7X9RZA8	181	181	cluster_181	0.9999778357619604
A0A7X9SJR9	10	10	cluster_10	0.9998673253791989
A0A7Y0H0B8	0	0	cluster_0	0.9999702800861957
A0A7Y0HAT3	192	192	cluster_192	0.9997343033979927
A0A7Y1EYP3	0	0	cluster_0	0.9999790755261905
A0A7Y1X9B1	0	0	cluster_0	0.9999653895464639
A0A7Y1ZNX7	4	4	cluster_4	0.9999825871133341
A0A7Y2EZD9	0	0	cluster_0	0.9999776409639001
A0A7Y2MAD8	74	74	cluster_74	0.9999787639786044
A0A7Y2TLH3	0	0	cluster_0	0.9999669183633849
A0A7Y2TMN9	4	4	cluster_4	0.9999827551221047
A0A7Y3P5K3	0	0	cluster_0	0.9999654047901734
A0A7Y3Q409	182	182	cluster_182	0.9999775704376049
A0A7Y3RAH2	0	0	cluster_0	0.9999698744524318
A0A7Y3TF55	0	0	cluster_0	0.9999716178022617
A0A7Y3W3M6	0	0	cluster_0	0.9999756820838874
A0A7Y4AZI7	192	192	cluster_192	0.9995200785958378
A0A7Y4ED74	182	182	cluster_182	0.9999763989229822
A0A7Y4F1P6	101	101	cluster_101	0.9998205656090315
A0A7Y4GUW1	4	4	cluster_4	0.9999827631111009
A0A7Y4RQQ5	4	4	cluster_4	0.9999826834875936
A0A7Y4XGS7	0	0	cluster_0	0.9999774471311329
A0A7Y5DRL5	202	202	cluster_202	0.9999671796554253
A0A7Y5ESZ9	10	10	cluster_10	0.9997647465196953
A0A7Y5GSC2	0	0	cluster_0	0.9999756553849265
A0A7Y5GYG3	6	6	cluster_6	0.9999748244734418
A0A7Y5KZE8	4	4	cluster_4	0.99997909743432
A0A7Y5M0C4	0	0	cluster_0	0.999975087420481
A0A7Y5PKY7	4	4	cluster_4	0.9999634135459475
A0A7Y5SCD4	0	0	cluster_0	0.9999807051062705
A0A7Y6C199	0	0	cluster_0	0.9999760006413747
A0A7Y6Q0J1	0	0	cluster_0	0.9999773474910281
A0A7Y6TTU6	6	6	cluster_6	0.99997618130832
A0A7Y6TZ16	2	2	cluster_2	0.9999667123870735
A0A7Y7NJ03	0	0	cluster_0	0.9999690606549003
A0A7Y7NWF4	4	4	cluster_4	0.9999823391951449
A0A7Y7SQ27	2	2	cluster_2	0.9999658817713111
A0A7Y8JBH1	5	5	cluster_5	0.9999663368619167
A0A7Y8M068	0	0	cluster_0	0.9999718247083706
A0A7Y8S2G2	131	131	cluster_131	0.9998891013261079
A0A7Y9EM15	181	181	cluster_181	0.9999772024846932
A0A7Y9JBE1	0	0	cluster_0	0.9999764613297267
A0A7Y9S1B9	0	0	cluster_0	0.9999759387095347
A0A7Y9W1N6	182	182	cluster_182	0.9999703574507482
A0A7Y9WHX9	5	5	cluster_5	0.9999506202167512
A0A7Z0S5Y9	74	74	cluster_74	0.9999788860074081
A0A7Z0SUJ9	5	5	cluster_5	0.9999657008375118
A0A7Z0WHV0	127	127	cluster_127	0.9999749822705422
A0A7Z1TH59	2	2	cluster_2	0.9999580076436143
A0A7Z7FNN6	2	2	cluster_2	0.9999709969699909
A0A7Z7PT04	0	0	cluster_0	0.999968853277783
A0A7Z7VNZ8	208	208	cluster_208	0.9997550707477696
A0A811BR59	2	2	cluster_2	0.9999633646433557
A0A813PQ26	14	14	cluster_14	0.9999595346055273
A0A815PRD6	181	181	cluster_181	0.999975981711414
A0A817B1N5	5	5	cluster_5	0.9999682490511029
A0A821EZK9	14	14	cluster_14	0.9999755336898304
A0A822V658	0	0	cluster_0	0.9999782927214453
A0A823IYL9	114	114	cluster_114	0.9979287311994242
A0A823J4W2	177	177	cluster_177	0.9991942678755452
A0A829YGA1	2	2	cluster_2	0.9999212524997103
A0A830EKN2	10	10	cluster_10	0.999757181901359
A0A831UB78	181	181	cluster_181	0.9999769212013496
A0A832CCQ3	0	0	cluster_0	0.9999727422382614
A0A832CLH1	183	183	cluster_183	0.9999697907200018
A0A832FU22	10	10	cluster_10	0.9997602940189749
A0A832HA98	4	4	cluster_4	0.999982971980332
A0A832HT82	10	10	cluster_10	0.9996756311438422
A0A832M0J0	183	183	cluster_183	0.9999650907745247
A0A832MB68	181	181	cluster_181	0.999980965280401
A0A832NQG8	0	0	cluster_0	0.9999741015015525
A0A832RS45	181	181	cluster_181	0.9999748129553931
A0A832RUW3	74	74	cluster_74	0.9999743532916485
A0A832S876	0	0	cluster_0	0.9999741814763751
A0A832T0Y3	0	0	cluster_0	0.9999715390114363
A0A832VE90	0	0	cluster_0	0.9999761037170866
A0A835KPF9	0	0	cluster_0	0.9999415779297477
A0A836TC20	4	4	cluster_4	0.9999812584525767
A0A837RLB1	181	181	cluster_181	0.9999777254845661
A0A838EH79	181	181	cluster_181	0.9999753967585975
A0A838S422	5	5	cluster_5	0.999963118588706
A0A838YJ59	0	0	cluster_0	0.9999788233832902
A0A838Z1Z3	4	4	cluster_4	0.9999819300358153
A0A839RI50	4	4	cluster_4	0.9999834044235394
A0A839WLW3	2	2	cluster_2	0.9999653395577262
A0A840D808	0	0	cluster_0	0.9999680664528163
A0A840FVS2	182	182	cluster_182	0.9999728816145145
A0A840FVV2	0	0	cluster_0	0.9999751676647209
A0A840UMI5	175	175	cluster_175	0.9999566603358359
A0A840VI55	74	74	cluster_74	0.9999770042079758
A0A840YG56	0	0	cluster_0	0.9999662871603374
A0A841GX56	0	0	cluster_0	0.9999787059469272
A0A842AFU9	175	175	cluster_175	0.9999525225621895
A0A842B0R8	10	10	cluster_10	0.9996841395183047
A0A842CZK2	0	0	cluster_0	0.9999727908053762
A0A842G382	10	10	cluster_10	0.999752568393582
A0A842M336	0	0	cluster_0	0.999971469087094
A0A842SZS8	0	0	cluster_0	0.9999705619614445
A0A842TP36	4	4	cluster_4	0.9999723876047231
A0A842UDS3	6	6	cluster_6	0.9999790557402916
A0A842W4Q7	181	181	cluster_181	0.9999766835813817
A0A842W6H2	197	197	cluster_197	0.9999444388909947
A0A842X888	181	181	cluster_181	0.999975253315247
A0A842Y7E9	0	0	cluster_0	0.9999757348540012
A0A843BQF2	6	6	cluster_6	0.9999722002783684
A0A843HU57	181	181	cluster_181	0.9999732207343585
A0A844SB32	196	196	cluster_196	0.9999833057166971
A0A844TZV4	4	4	cluster_4	0.9999822164260056
A0A844X4T5	6	6	cluster_6	0.9999797363237342
A0A845BAH8	0	0	cluster_0	0.9999718135794584
A0A845L102	0	0	cluster_0	0.9999784183364198
A0A845LB71	6	6	cluster_6	0.9999792495447007
A0A845QYG2	175	175	cluster_175	0.9999484813545519
A0A845RB56	17	17	cluster_17	0.9999085092398771
A0A845UMH8	74	74	cluster_74	0.9999775886214193
A0A847CPF8	4	4	cluster_4	0.999980841829813
A0A847JBR5	0	0	cluster_0	0.9999708513736874
A0A847KZY0	4	4	cluster_4	0.9999828409356449
A0A847LBU2	4	4	cluster_4	0.9999828902537332
A0A847QN33	0	0	cluster_0	0.999980010949743
A0A847T5F1	0	0	cluster_0	0.999979008160993
A0A847YL98	4	4	cluster_4	0.9999831661543657
A0A848CWU3	175	175	cluster_175	0.9999549168859534
A0A848GEU6	4	4	cluster_4	0.9999773805313846
A0A848NFB6	2	2	cluster_2	0.9999687565153426
A0A848PX29	4	4	cluster_4	0.9999821459190614
A0A848ZQW1	0	0	cluster_0	0.999976583527205
A0A849FD78	181	181	cluster_181	0.9999811492998095
A0A849M8T8	181	181	cluster_181	0.9999801522403363
A0A849MMS2	4	4	cluster_4	0.9999838607738386
A0A849T946	10	10	cluster_10	0.9997585005722791
A0A849WCN8	0	0	cluster_0	0.9999734211220355
A0A850DJA9	127	127	cluster_127	0.9999743705619492
A0A850JBS5	181	181	cluster_181	0.9999768306738057
A0A850LJR8	4	4	cluster_4	0.9999825404826254
A0A850MHK7	4	4	cluster_4	0.9999736704086057
A0A850RE71	2	2	cluster_2	0.9999642988415696
A0A851G2N2	123	123	cluster_123	0.9999017822432383
A0A851G347	2	2	cluster_2	0.9999657837193241
A0A851I322	131	131	cluster_131	0.9999020433239406
A0A851I3G7	88	88	cluster_88	0.9996208311758886
A0A851IC01	131	131	cluster_131	0.9999028871971261
A0A851IEN4	175	175	cluster_175	0.9999490521398595
A0A852XHX6	4	4	cluster_4	0.9999814507891578
A0A853DKR2	0	0	cluster_0	0.9999761183120937
A0A853FYB6	196	196	cluster_196	0.9999841746294134
A0A853GRN0	196	196	cluster_196	0.9999847534772421
A0A853H8V0	4	4	cluster_4	0.999983989708544
A0A855NEP2	6	6	cluster_6	0.9999730951507318
A0A857DJY8	0	0	cluster_0	0.9999807051772577
A0A858QC68	4	4	cluster_4	0.9999727761065266
A0A859FCV8	4	4	cluster_4	0.9999827823123574
A0A859IEM0	6	6	cluster_6	0.999952577638858
A0A894KLM0	5	5	cluster_5	0.9999676934139822
A0A897NLI3	0	0	cluster_0	0.9999743626995405
A0A8A4KAP3	123	123	cluster_123	0.9998998236915845
A0A8B3DK38	101	101	cluster_101	0.9998366624238787
A0A8B5ZK83	74	74	cluster_74	0.99996796609345
A0A8B6IUU9	0	0	cluster_0	0.9999674957645334
A0A8B7AP87	4	4	cluster_4	0.9999796983116753
A0A8B8ULH6	181	181	cluster_181	0.9999684409405039
A0A8B9D4F4	5	5	cluster_5	0.9999621001209761
A0A8C2E417	5	5	cluster_5	0.9999648944265551
A0A8C2GWH1	5	5	cluster_5	0.999959319038582
A0A8C3F7X7	5	5	cluster_5	0.9999639907047819
A0A8C4ZFH6	5	5	cluster_5	0.9999459807473153
A0A8C4ZHX9	4	4	cluster_4	0.9999799165239568
A0A8C5BDH6	5	5	cluster_5	0.9999637097056452
A0A8C7GZ46	4	4	cluster_4	0.9999651326766459
A0A8C7K0S7	4	4	cluster_4	0.9999700787958782
A0A8C8FI13	5	5	cluster_5	0.9999630252641253
A0A8C9U2F4	5	5	cluster_5	0.9999607244480004
A0A8D4VNT4	4	4	cluster_4	0.9999837576656395
A0A8D5U4S4	183	183	cluster_183	0.9999715901611101
A0A8D5U6Q3	0	0	cluster_0	0.9999701519349458
A0A8D8SYS6	181	181	cluster_181	0.9999504869596901
A0A8E0I4D3	5	5	cluster_5	0.9999662257343997
A0A8E0SDX2	0	0	cluster_0	0.9999730774146471
A0A8E0VC36	0	0	cluster_0	0.9999767415577479
A0A8E1RZ45	192	192	cluster_192	0.9997297343048575
A0A8E2BCJ0	0	0	cluster_0	0.9999740557260103
A0A8E4MC86	5	5	cluster_5	0.9999692233842734
A0A8F2B0J1	4	4	cluster_4	0.9999831651246417
A0A8F5C1V0	181	181	cluster_181	0.9999723041029236
A0A8F5GV21	183	183	cluster_183	0.9999734752065256
A0A8F7N4P3	0	0	cluster_0	0.9999788793404293
A0A8F7UGC1	2	2	cluster_2	0.999966934732837
A0A8G2C406	74	74	cluster_74	0.9999667148478633
A0A8H2VDA0	181	181	cluster_181	0.9999759598031465
A0A8H3QZ02	5	5	cluster_5	0.9999649557493165
A0A8H9IPG8	0	0	cluster_0	0.9999753919646814
A0A8H9QUF4	17	17	cluster_17	0.9999124855450832
A0A8H9TUQ5	2	2	cluster_2	0.9999596292241055
A0A8I0BM05	182	182	cluster_182	0.9999766315672857
A0A8I0E3Z7	0	0	cluster_0	0.9999614604950504
A0A8I0M3Q8	0	0	cluster_0	0.999977956825461
A0A8I1RGF8	0	0	cluster_0	0.9999809599073559
A0A8I1UQS6	0	0	cluster_0	0.9999781080044328
A0A8I2B4V4	2	2	cluster_2	0.9999626809869723
A0A8J2T4N7	181	181	cluster_181	0.9999693963267717
A0A8J2TP66	4	4	cluster_4	0.9999817039555785
A0A8J2VHP5	0	0	cluster_0	0.9999792733724592
A0A8J2ZWM7	17	17	cluster_17	0.9999100050553438
A0A8J3AHV3	4	4	cluster_4	0.9999831491429947
A0A8J3D1J2	202	202	cluster_202	0.9999693026021365
A0A8J3FST0	197	197	cluster_197	0.9999704994603041
A0A8J3FTD8	197	197	cluster_197	0.999971647508051
A0A8J3GMY9	103	103	cluster_103	0.9999579113152378
A0A8J3L022	0	0	cluster_0	0.9999798092967948
A0A8J3WI52	0	0	cluster_0	0.9999763631128985
A0A8J3YD85	0	0	cluster_0	0.9999785000780766
A0A8J4DES2	0	0	cluster_0	0.9999735933122587
A0A8J4FAD4	0	0	cluster_0	0.9999723734660707
A0A8J4YAT8	5	5	cluster_5	0.999967639444842
A0A8J6J4B5	4	4	cluster_4	0.9999826511541328
A0A8J6R640	4	4	cluster_4	0.999981768681224
A0A8J6STD7	6	6	cluster_6	0.9999772763710945
A0A8J6V8X3	6	6	cluster_6	0.9999778872581639
A0A8J6Y575	181	181	cluster_181	0.9999782482850194
A0A8J6Z960	4	4	cluster_4	0.9999812858945771
A0A8J7CXU6	6	6	cluster_6	0.9999722528498121
A0A8J7GM40	197	197	cluster_197	0.9999708445200396
A0A8J7JN47	6	6	cluster_6	0.9999759738003177
A0A8J7Q2U5	181	181	cluster_181	0.9999803945822997
A0A8J7R3F4	0	0	cluster_0	0.9999780225983385
A0A8J7ZK75	0	0	cluster_0	0.9999708510254686
A0A8J8BSJ0	181	181	cluster_181	0.9999781768038979
A0A8J8EE43	0	0	cluster_0	0.9999746883932187
A0A8J8IYN7	0	0	cluster_0	0.9999539867736155
A0A8J8K305	0	0	cluster_0	0.9999741860156064
A0A8J8MEW2	0	0	cluster_0	0.999977997383504
A0A8J8MNR8	0	0	cluster_0	0.9999791995710092
A0A8M0FGS8	3	3	cluster_3	0.9997639513903975
A0A8S0WLY5	6	6	cluster_6	0.9999723893935573
A0A8S7EG33	2	2	cluster_2	0.9999596344843744
A0A8T0AWH5	181	181	cluster_181	0.9999716309586124
A0A8T0JP32	0	0	cluster_0	0.9999565345618238
A0A8T2BM23	0	0	cluster_0	0.9999722030114063
A0A8T3KWB5	74	74	cluster_74	0.999978227759948
A0A8T3NK70	5	5	cluster_5	0.999957229598055
A0A8T3W2U3	0	0	cluster_0	0.999969807639951
A0A8T3XE41	0	0	cluster_0	0.9999773601270484
A0A8T4MTW9	181	181	cluster_181	0.9999787881722508
A0A8T4PRB2	0	0	cluster_0	0.9999744451826944
A0A8T4UXN6	181	181	cluster_181	0.9999778597193582
A0A8T4V3T2	0	0	cluster_0	0.9999782701069122
A0A8T4WEG0	0	0	cluster_0	0.9999765108031808
A0A8T5H1U1	0	0	cluster_0	0.9999729234422622
A0A8T5IAN8	0	0	cluster_0	0.9999732237323459
A0A8T5LRQ0	0	0	cluster_0	0.9999773929394384
A0A8T5M6G4	0	0	cluster_0	0.999977765831215
A0A8T5NE89	0	0	cluster_0	0.9999726015978574
A0A8T5QXQ1	196	196	cluster_196	0.9999811751140346
A0A8T5R6K4	0	0	cluster_0	0.9999755577230457
A0A8T5T3E7	17	17	cluster_17	0.9998881666057707
A0A8T5T4M3	0	0	cluster_0	0.9999697814458306
A0A8T5U730	17	17	cluster_17	0.9998840712690072
A0A8T5UH17	0	0	cluster_0	0.9999700866773974
A0A8T5XQM0	10	10	cluster_10	0.999866102357949
A0A8T6G746	181	181	cluster_181	0.9999683078327387
A0A8T6M651	181	181	cluster_181	0.99997732369264
A0A8T7FL09	4	4	cluster_4	0.9999819428278982
A0A8T7GQ01	183	183	cluster_183	0.9999716094396678
A0A8T8E1Y5	181	181	cluster_181	0.9999698071743522
A0A8T8IAG6	0	0	cluster_0	0.9999765031339509
A0A8W8J757	181	181	cluster_181	0.9999733054117129
A0A8X6ETY5	6	6	cluster_6	0.9999773466330553
A0A8X8C815	0	0	cluster_0	0.9999480242395558
A0A913Y1Q7	5	5	cluster_5	0.9999642427478781
A0A915Q9D6	19	19	cluster_19	0.9985483750247998
A0A916A6C1	74	74	cluster_74	0.9999779986755227
A0A916CQD4	4	4	cluster_4	0.9999818484589094
A0A916EP14	2	2	cluster_2	0.9999687171337409
A0A916G826	6	6	cluster_6	0.9999763046645944
A0A916HZ82	0	0	cluster_0	0.9999780094380067
A0A916I5Q9	181	181	cluster_181	0.9999793986892818
A0A917DD97	0	0	cluster_0	0.9999724896094075
A0A917GS28	0	0	cluster_0	0.9999794019622976
A0A917K7L7	0	0	cluster_0	0.9999800342497152
A0A917UVM5	0	0	cluster_0	0.9999788635617503
A0A917WWG1	181	181	cluster_181	0.9999802360943834
A0A917XGR6	181	181	cluster_181	0.999979622664217
A0A917Z319	182	182	cluster_182	0.999976501457969
A0A918F499	0	0	cluster_0	0.999975560042872
A0A918NZF1	4	4	cluster_4	0.9999834061840371
A0A918ZET7	181	181	cluster_181	0.9999792126739715
A0A919B2V8	197	197	cluster_197	0.9999710728947987
A0A919BRN2	6	6	cluster_6	0.9999767227855881
A0A919EEZ6	197	197	cluster_197	0.9999656831763737
A0A919EGN6	181	181	cluster_181	0.9999796308648563
A0A919PH84	0	0	cluster_0	0.9999796736704255
A0A919PSW4	6	6	cluster_6	0.9999748479719481
A0A919WZ62	0	0	cluster_0	0.9999781368981653
A0A919X635	0	0	cluster_0	0.9999765789411915
A0A919XA24	0	0	cluster_0	0.9999780127000639
A0A920R255	0	0	cluster_0	0.9999747146753023
A0A921L6F5	0	0	cluster_0	0.999974932415393
A0A921SUG3	6	6	cluster_6	0.9999720264607223
A0A923CR05	0	0	cluster_0	0.9999794894642998
A0A923E5M9	0	0	cluster_0	0.9999667444412078
A0A923FAZ3	74	74	cluster_74	0.9999798787739231
A0A923M867	182	182	cluster_182	0.9999749570074556
A0A923MDE4	2	2	cluster_2	0.9999675120269055
A0A923S8K0	69	69	cluster_69	0.9996602192305494
A0A923XKA0	0	0	cluster_0	0.9999714286383735
A0A924GW39	192	192	cluster_192	0.9997209403909924
A0A924KT45	4	4	cluster_4	0.9999703191872205
A0A924R9V1	0	0	cluster_0	0.9999741142565597
A0A924SM71	192	192	cluster_192	0.999729014623681
A0A925CM97	181	181	cluster_181	0.9999789896336863
A0A925DRV7	0	0	cluster_0	0.999978529261568
A0A925LQT8	0	0	cluster_0	0.9999749161225806
A0A925MC29	0	0	cluster_0	0.9999774158836969
A0A925PIE2	0	0	cluster_0	0.9999628594928414
A0A925S974	196	196	cluster_196	0.999980797867737
A0A925XAL7	181	181	cluster_181	0.9999789940153313
A0A926D3J6	12	12	cluster_12	0.9998841029196499
A0A926U8W5	4	4	cluster_4	0.9999818420628457
A0A927A7Y7	6	6	cluster_6	0.9999738835121165
A0A927CRA7	5	5	cluster_5	0.9999688094412948
A0A927CVJ3	0	0	cluster_0	0.9999646820199799
A0A927LEF7	4	4	cluster_4	0.9999824270610609
A0A927QC01	22	22	cluster_22	0.9999133517479453
A0A927QZT8	181	181	cluster_181	0.999978107032513
A0A927S158	4	4	cluster_4	0.9999820153692888
A0A927SMX5	0	0	cluster_0	0.9999788733432354
A0A927Y0F2	5	5	cluster_5	0.9999668200171139
A0A927Z2W2	0	0	cluster_0	0.9999770656551089
A0A928AB58	187	187	cluster_187	0.9997744665999213
A0A928BYW6	6	6	cluster_6	0.9999721654903827
A0A928DVS4	196	196	cluster_196	0.9999786758382272
A0A928L4V8	17	17	cluster_17	0.9999140243256867
A0A928QQL1	17	17	cluster_17	0.9999101004251129
A0A928U5A9	0	0	cluster_0	0.9999782603352332
A0A928U9N1	181	181	cluster_181	0.9999790252467841
A0A928XBM2	197	197	cluster_197	0.9999668051999445
A0A928YSE3	4	4	cluster_4	0.9999833603914074
A0A929D4J9	4	4	cluster_4	0.9999829104278463
A0A929KFH0	181	181	cluster_181	0.9999794270300794
A0A929PE58	0	0	cluster_0	0.999967336014557
A0A929TRJ5	5	5	cluster_5	0.9999653465507046
A0A929VQV4	131	131	cluster_131	0.9998970865070494
A0A930BC59	44	44	cluster_44	0.9991572588081991
A0A930FH97	164	164	cluster_164	0.9975591367071801
A0A930QMK2	131	131	cluster_131	0.9998846625593842
A0A930R510	187	187	cluster_187	0.999887919537036
A0A930SD18	181	181	cluster_181	0.9999748276613426
A0A930SQU6	4	4	cluster_4	0.9999829774677431
A0A931BA27	181	181	cluster_181	0.9999507610399123
A0A931DNT5	181	181	cluster_181	0.9999790818060212
A0A931E036	0	0	cluster_0	0.9999795688616827
A0A931RZM9	0	0	cluster_0	0.9999716117648697
A0A931VR21	181	181	cluster_181	0.999977422801964
A0A932BZV2	0	0	cluster_0	0.9999764343081066
A0A932EJ77	181	181	cluster_181	0.9999719680680941
A0A932HFJ8	0	0	cluster_0	0.9999793450244462
A0A932TIW6	0	0	cluster_0	0.999974353313996
A0A932U4L8	10	10	cluster_10	0.9997677460282994
A0A933BGW1	181	181	cluster_181	0.9999781976834116
A0A933DQ52	196	196	cluster_196	0.9999838203095481
A0A933G7X6	0	0	cluster_0	0.9999712395663864
A0A933GXM0	0	0	cluster_0	0.9999722021302794
A0A933IWH4	0	0	cluster_0	0.9999791406680913
A0A933RMV1	181	181	cluster_181	0.9999775687854897
A0A933XCE9	0	0	cluster_0	0.9999791299302607
A0A934A6D2	6	6	cluster_6	0.9999792119642636
A0A934BN01	8	8	cluster_8	0.9999348379957322
A0A934MIK1	0	0	cluster_0	0.9999797633029461
A0A934QPM8	0	0	cluster_0	0.9999780742204432
A0A934V096	0	0	cluster_0	0.9999804142057692
A0A935AA14	10	10	cluster_10	0.99977401653243
A0A935AU38	181	181	cluster_181	0.9999799145278417
A0A935L489	0	0	cluster_0	0.999979113985031
A0A935M1J8	17	17	cluster_17	0.9999085224525496
A0A935NFX2	5	5	cluster_5	0.9999584348726506
A0A935PYJ4	10	10	cluster_10	0.9997148800163514
A0A936AD28	2	2	cluster_2	0.9999703165525597
A0A936E0N2	181	181	cluster_181	0.9999764314261559
A0A936QLX9	0	0	cluster_0	0.999978122175437
A0A936TQH1	2	2	cluster_2	0.9999697313138989
A0A936ZTQ4	2	2	cluster_2	0.9999669219478183
A0A937HTD0	0	0	cluster_0	0.9999756300557638
A0A937MFR3	181	181	cluster_181	0.999977988108398
A0A937NMZ1	0	0	cluster_0	0.9999764551089383
A0A937V1J7	6	6	cluster_6	0.9999782789270641
A0A937ZBI3	4	4	cluster_4	0.9999826656121508
A0A938AD31	74	74	cluster_74	0.9999782956301798
A0A938H497	0	0	cluster_0	0.9999778299887129
A0A938MDX6	0	0	cluster_0	0.9999795861510976
A0A938T5N2	4	4	cluster_4	0.9999823813316403
A0A938WHB7	192	192	cluster_192	0.9997373352792694
A0A939BCL9	0	0	cluster_0	0.9999772143994506
A0A939H3A4	6	6	cluster_6	0.9999754684640929
A0A939HVL5	0	0	cluster_0	0.9999760711464556
A0A939IFF7	6	6	cluster_6	0.9999755940403127
A0A939PPW5	181	181	cluster_181	0.9999789097835396
A0A940B5X6	0	0	cluster_0	0.9999729092704909
A0A940CVS8	0	0	cluster_0	0.9999731980806971
A0A940I6K7	4	4	cluster_4	0.9999829695801205
A0A940P4T5	187	187	cluster_187	0.9998975315605676
A0A940SFZ5	0	0	cluster_0	0.9999772017682912
A0A941R5X1	0	0	cluster_0	0.9999795035749978
A0A941TSU3	0	0	cluster_0	0.9999700183884993
A0A941Z6E0	2	2	cluster_2	0.9999689076116678
A0A942EC33	6	6	cluster_6	0.9999753033791283
A0A942F581	0	0	cluster_0	0.999969540296124
A0A942HB72	6	6	cluster_6	0.9999790075151178
A0A942IF04	0	0	cluster_0	0.9999767292043943
A0A942MWW7	0	0	cluster_0	0.9999709602286225
A0A942VZ71	130	130	cluster_130	0.9977228737666154
A0A942W3Y7	187	187	cluster_187	0.9997652254472841
A0A942Z784	10	10	cluster_10	0.9997449432513007
A0A943G2F7	8	8	cluster_8	0.9999285838636216
A0A943L596	17	17	cluster_17	0.9998917002499066
A0A944E4U9	197	197	cluster_197	0.9999701921469943
A0A944KY35	181	181	cluster_181	0.9999801102188163
A0A944PM15	181	181	cluster_181	0.9999810345930572
A0A944SBL1	0	0	cluster_0	0.9999797808233368
A0A944STD2	74	74	cluster_74	0.9999717518816295
A0A944YYX2	4	4	cluster_4	0.9999836221896786
A0A945Z051	181	181	cluster_181	0.9999759511189227
A0A946NTC7	4	4	cluster_4	0.999981132471846
A0A947F7G6	4	4	cluster_4	0.9999830047257956
A0A947S6Q5	196	196	cluster_196	0.9999847223435445
A0A947VAT8	4	4	cluster_4	0.9999835981311911
A0A948LT44	74	74	cluster_74	0.999978494920169
A0A948R1Z4	0	0	cluster_0	0.9999799574067461
A0A948RTV9	0	0	cluster_0	0.9999758479755428
A0A949MDH8	0	0	cluster_0	0.9999815627326479
A0A949MZE6	181	181	cluster_181	0.9999789128230575
A0A949QC18	192	192	cluster_192	0.9997227893309824
A0A949Y726	0	0	cluster_0	0.9999771004986833
A0A949ZE73	4	4	cluster_4	0.9999809746580904
A0A950CHV0	0	0	cluster_0	0.9999695484102211
A0A950DFV5	0	0	cluster_0	0.9999768560925675
A0A950G1A0	0	0	cluster_0	0.9999748562300085
A0A950JJ17	0	0	cluster_0	0.999978342488913
A0A950QKN9	74	74	cluster_74	0.9999788903725055
A0A950WXH5	0	0	cluster_0	0.9999777635377259
A0A950X458	0	0	cluster_0	0.9999750760371792
A0A950XFZ4	0	0	cluster_0	0.9999712120113231
A0A950YJ79	0	0	cluster_0	0.9999782895378132
A0A951E699	0	0	cluster_0	0.999974916071379
A0A951JT01	0	0	cluster_0	0.999979055074754
A0A951LDF6	0	0	cluster_0	0.9999698270362541
A0A951SFL3	74	74	cluster_74	0.9999776556388448
A0A951TS12	181	181	cluster_181	0.9999787877430821
A0A951X5B9	4	4	cluster_4	0.9999825691744302
A0A952AGX4	181	181	cluster_181	0.999978928791564
A0A952JVM5	0	0	cluster_0	0.9999729443959504
A0A952LCW8	10	10	cluster_10	0.9997721548222392
A0A952LFG0	10	10	cluster_10	0.9997656466396825
A0A952LFG5	10	10	cluster_10	0.9997336288529819
A0A952THU2	12	12	cluster_12	0.999911630575757
A0A952Z6K0	74	74	cluster_74	0.9999795588840223
A0A952ZCI4	181	181	cluster_181	0.9999778053192074
A0A953F0P4	0	0	cluster_0	0.9999761414314279
A0A953JEB6	0	0	cluster_0	0.9999669104542012
A0A953MDD8	0	0	cluster_0	0.999969841857978
A0A954GVV4	0	0	cluster_0	0.9999712614300662
A0A954IV21	0	0	cluster_0	0.999977094126293
A0A954J9D9	0	0	cluster_0	0.9999778568432451
A0A954KWL7	127	127	cluster_127	0.9999465095442271
A0A954LY28	0	0	cluster_0	0.9999769393745378
A0A954Q8C7	0	0	cluster_0	0.9999773975192024
A0A954R5K2	0	0	cluster_0	0.9999766820571842
A0A954RM08	10	10	cluster_10	0.9997188743737667
A0A954ZDP5	0	0	cluster_0	0.9999774787441239
A0A955BLE6	0	0	cluster_0	0.9999802968801434
A0A955HDZ7	196	196	cluster_196	0.9999848767704986
A0A955HFD7	196	196	cluster_196	0.9999742638397607
A0A955R148	0	0	cluster_0	0.99997812791802
A0A955VSI0	6	6	cluster_6	0.9999742168350402
A0A956G5J9	181	181	cluster_181	0.999972056413601
A0A956GT44	0	0	cluster_0	0.9999759145655251
A0A956NX19	131	131	cluster_131	0.9998872894466743
A0A956PEM8	192	192	cluster_192	0.9997076748946829
A0A956SNG8	187	187	cluster_187	0.9998769503328382
A0A956TQV0	196	196	cluster_196	0.9999836485732535
A0A957N3T0	6	6	cluster_6	0.9999797455262569
A0A957PTQ5	6	6	cluster_6	0.9999756045357132
A0A957RW86	208	208	cluster_208	0.9997785044050317
A0A957S9W8	10	10	cluster_10	0.9997631495436229
A0A958D5I8	72	72	cluster_72	0.999446594706362
A0A958M6S4	10	10	cluster_10	0.9997315151077899
A0A958TBV3	4	4	cluster_4	0.9999832134118835
A0A958YQX9	0	0	cluster_0	0.9999789581489894
A0A959A156	4	4	cluster_4	0.9999821579793067
A0A959HSE7	4	4	cluster_4	0.9999830343004538
A0A959KAQ1	4	4	cluster_4	0.9999700405684278
A0A959PXS3	0	0	cluster_0	0.9999742102268456
A0A959R4J3	0	0	cluster_0	0.9999781493653491
A0A959SBE5	4	4	cluster_4	0.9999822630784193
A0A960HK10	4	4	cluster_4	0.9999816405122931
A0A960KNH5	5	5	cluster_5	0.9999663976775773
A0A960P312	4	4	cluster_4	0.9999834651651587
A0A960TUZ8	181	181	cluster_181	0.999976309937538
A0A960ZYR6	0	0	cluster_0	0.9999763855910293
A0A961NEC7	0	0	cluster_0	0.9999690837779327
A0A961NED1	0	0	cluster_0	0.9999708972118506
A0A961VLN8	0	0	cluster_0	0.9999779948812543
A0A961ZFQ0	0	0	cluster_0	0.9999786786268371
A0A962JHX4	192	192	cluster_192	0.9997278970911366
A0A962KBR7	5	5	cluster_5	0.9999681900913636
A0A962MIP1	10	10	cluster_10	0.9997235345691629
A0A962Q988	196	196	cluster_196	0.9999818394236554
A0A962S4E1	74	74	cluster_74	0.9999787283879291
A0A963DJE3	0	0	cluster_0	0.9999706127578607
A0A963F833	74	74	cluster_74	0.9999799319104417
A0A963F994	0	0	cluster_0	0.9999713295563445
A0A963FA97	10	10	cluster_10	0.9997449941456619
A0A963TDZ7	0	0	cluster_0	0.9999812462743206
A0A964P2K5	192	192	cluster_192	0.9997139462911954
A0A965CA82	197	197	cluster_197	0.9999698483478275
A0A965ED72	197	197	cluster_197	0.9999686476675523
A0A965EV72	0	0	cluster_0	0.9999792774452121
A0A965GSK8	197	197	cluster_197	0.9999681515912131
A0A965KTE6	197	197	cluster_197	0.9999693544511573
A0A965L7H6	197	197	cluster_197	0.9999418457360635
A0A965M9G9	0	0	cluster_0	0.9999798261774768
A0A965MQR1	4	4	cluster_4	0.9999838636741826
A0A965NZ29	17	17	cluster_17	0.9998964860304953
A0A965PCW0	197	197	cluster_197	0.9999670668505453
A0A965PT68	133	133	cluster_133	0.9985425465481227
A0A965RCR5	4	4	cluster_4	0.9999844851223157
A0A965SUQ0	4	4	cluster_4	0.9999838275373762
A0A965U0T7	0	0	cluster_0	0.9999697726488658
A0A965U5W0	17	17	cluster_17	0.9999075630937815
A0A965US72	6	6	cluster_6	0.9999725179010619
A0A965US91	197	197	cluster_197	0.9999480903338027
A0A965UUE6	133	133	cluster_133	0.9984756239492634
A0A965UZP7	197	197	cluster_197	0.9999711547382384
A0A966KC64	74	74	cluster_74	0.9999766090612396
A0A966LWJ5	10	10	cluster_10	0.9997486053771231
A0A966MZL3	197	197	cluster_197	0.999961750553531
A0A966US30	197	197	cluster_197	0.9999638273472444
A0A966YDB7	0	0	cluster_0	0.9999755185767814
A0A967B1C8	181	181	cluster_181	0.9999791359080362
A0A967M4L9	0	0	cluster_0	0.9999792407631467
A0A967N0I2	181	181	cluster_181	0.9999771096442973
A0A967Z311	0	0	cluster_0	0.9999789453511558
A0A968FWX7	5	5	cluster_5	0.9999640257609034
A0A968G9J4	0	0	cluster_0	0.9999780096447245
A0A968HHG6	0	0	cluster_0	0.9999744121023441
A0A968LAX2	74	74	cluster_74	0.9999791172570067
A0A968PN53	6	6	cluster_6	0.9999776784927499
A0A968TWC2	6	6	cluster_6	0.9999763219076674
A0A968YDF8	10	10	cluster_10	0.9997738337688429
A0A969IVD9	5	5	cluster_5	0.9999653720756158
A0A969KDJ2	5	5	cluster_5	0.999965995505371
A0A969KFK3	0	0	cluster_0	0.9999722536539839
A0A969KQV5	6	6	cluster_6	0.9999771076160149
A0A970DUM7	4	4	cluster_4	0.9999831904002735
A0A970GYY5	181	181	cluster_181	0.9999793038993269
A0A970L980	0	0	cluster_0	0.9999762529229123
A0A970Q4K8	0	0	cluster_0	0.9999779890758546
A0A970R9Q3	17	17	cluster_17	0.9999133778609177
A0A970SKG2	4	4	cluster_4	0.9999829952294443
A0A970SQT1	0	0	cluster_0	0.999960815466267
A0A970XPR5	196	196	cluster_196	0.9999824111004026
A0A971B625	0	0	cluster_0	0.9999619435610665
A0A971MYA6	69	69	cluster_69	0.9998084599189458
A0A971PI20	4	4	cluster_4	0.9999830308816899
A0A971QIP8	0	0	cluster_0	0.9999698713886815
A0A971TIZ6	181	181	cluster_181	0.9999747918478582
A0A971VL63	6	6	cluster_6	0.9999745271901913
A0A971XI73	4	4	cluster_4	0.9999827032289889
A0A972CE01	5	5	cluster_5	0.9999670228931594
A0A972E3G3	4	4	cluster_4	0.9999830422305864
A0A972F6M0	4	4	cluster_4	0.9999823350648482
A0A972HES7	4	4	cluster_4	0.9999812310148942
A0A972I261	10	10	cluster_10	0.9997231677933083
A0A972IP42	0	0	cluster_0	0.9999612428227445
A0A972NDW2	10	10	cluster_10	0.9996957635667372
A0A972NTI7	2	2	cluster_2	0.9999681171477914
A0A972PCU7	0	0	cluster_0	0.9999778818776529
A0A972PWB9	0	0	cluster_0	0.9999764245090633
A0A972R6Z9	0	0	cluster_0	0.9999690603986059
A0A973B9F7	181	181	cluster_181	0.9999796582298243
A0A973BYI2	192	192	cluster_192	0.9996163639385246
A0A973E627	0	0	cluster_0	0.9999699191789315
A0A973KQP7	0	0	cluster_0	0.9999770448865803
A0A973MNV4	197	197	cluster_197	0.9999717804042307
A0A973MVE4	0	0	cluster_0	0.9999763500457287
A0A973V357	181	181	cluster_181	0.9999803185427093
A0A974BHS2	21	21	cluster_21	0.9997212343916562
A0A975BC57	12	12	cluster_12	0.9998958071466533
A0A975MML4	182	182	cluster_182	0.9999770165687599
A0A975S178	0	0	cluster_0	0.9999698289494799
A0A975SN99	74	74	cluster_74	0.999979209554085
A0A976GSG2	6	6	cluster_6	0.9999697498575834
A0A976RQW2	181	181	cluster_181	0.9999757812775959
A0A977KBM2	181	181	cluster_181	0.9999513766314729
A0A977NLF8	175	175	cluster_175	0.9999435350268013
A0A978SKV9	4	4	cluster_4	0.9999831307277646
A0A979H410	35	35	cluster_35	0.9998807421769221
A0A9C6X792	181	181	cluster_181	0.9999742855141737
A0A9C8N142	8	8	cluster_8	0.9999299307885952
A0A9C9G5K0	0	0	cluster_0	0.999978834806201
A0A9D0AW90	74	74	cluster_74	0.9999784395891701
A0A9D1AGG3	4	4	cluster_4	0.9999830393030955
A0A9D1IBK4	0	0	cluster_0	0.9999743665582395
A0A9D1KDS8	6	6	cluster_6	0.9999751475910793
A0A9D1N0W0	0	0	cluster_0	0.9999783548945129
A0A9D1NEJ2	0	0	cluster_0	0.9999028529293383
A0A9D1PTR4	101	101	cluster_101	0.9997477461177899
A0A9D1XS99	0	0	cluster_0	0.9999758525413242
A0A9D2DV20	131	131	cluster_131	0.9998938464994913
A0A9D2E0M9	202	202	cluster_202	0.999973473768833
A0A9D2NWR3	5	5	cluster_5	0.9999670933302559
A0A9D2PEI8	131	131	cluster_131	0.9999023771823707
A0A9D2PJE9	131	131	cluster_131	0.9998946285078438
A0A9D2PMW5	131	131	cluster_131	0.9999000377840437
A0A9D2S6M3	5	5	cluster_5	0.9999662642488495
A0A9D2SNM3	131	131	cluster_131	0.9998906088415617
A0A9D4TM29	5	5	cluster_5	0.9999602670686797
A0A9D5DG47	4	4	cluster_4	0.9999560531879422
A0A9D5HXP2	10	10	cluster_10	0.9997721486432548
A0A9D5JRW4	0	0	cluster_0	0.9999718201532644
A0A9D5MXH2	0	0	cluster_0	0.9999773332066252
A0A9D5Y601	17	17	cluster_17	0.999902727948658
A0A9D6JUH7	74	74	cluster_74	0.9999782728401267
A0A9D6PKE0	4	4	cluster_4	0.9999797292907238
A0A9D7PAK2	181	181	cluster_181	0.9999789442515056
A0A9D7QFT0	127	127	cluster_127	0.9999715810525633
A0A9D7XEY4	4	4	cluster_4	0.9999824401362494
A0A9D8C381	0	0	cluster_0	0.9999725183981389
A0A9D8MP53	0	0	cluster_0	0.9999776508197188
A0A9D8RYY0	131	131	cluster_131	0.9998926945846486
A0A9D8WBF4	181	181	cluster_181	0.9999781333909386
A0A9D8ZAC6	0	0	cluster_0	0.9999776314696697
A0A9D9BL97	0	0	cluster_0	0.9999803189004726
A0A9D9CP11	0	0	cluster_0	0.9999707221898294
A0A9D9NMJ6	5	5	cluster_5	0.9999620744678124
A0A9D9Z1W8	182	182	cluster_182	0.9999721897031167
A0A9E0GSP2	5	5	cluster_5	0.9999677492064684
A0A9E0GX10	181	181	cluster_181	0.9999735499795737
A0A9E0I5C2	7	7	cluster_7	0.9999839909248345
A0A9E0IKZ8	0	0	cluster_0	0.9999771099389192
A0A9E0K409	131	131	cluster_131	0.9998979162188963
A0A9E0PJQ3	192	192	cluster_192	0.9997527776266751
A0A9E0ZY00	5	5	cluster_5	0.999965363526751
A0A9E1BG59	175	175	cluster_175	0.9999459140878257
A0A9E2G8S8	69	69	cluster_69	0.9997961050037195
A0A9E2H2S8	181	181	cluster_181	0.9999709072284825
A0A9E2J5S4	103	103	cluster_103	0.9999477516725007
A0A9E2JHF4	0	0	cluster_0	0.9999784486088108
A0A9E2LLM5	69	69	cluster_69	0.9998149804532104
A0A9E2MQA6	0	0	cluster_0	0.9999718725913407
A0A9E3APB5	181	181	cluster_181	0.9999774125784483
A0A9E3EFJ9	5	5	cluster_5	0.9999703839721747
A0A9E3EK83	0	0	cluster_0	0.9999683005229268
A0A9E3GRK8	0	0	cluster_0	0.9999794117807156
A0A9E3HE46	6	6	cluster_6	0.9999751694469399
A0A9E3INB9	4	4	cluster_4	0.9999830733416153
A0A9E3JP86	5	5	cluster_5	0.9999705158632861
A0A9E3LGU0	0	0	cluster_0	0.9999753224145126
A0A9E3PEQ6	14	14	cluster_14	0.9999794458655062
A0A9E3PIR8	74	74	cluster_74	0.9999786008995533
A0A9E3QJX7	0	0	cluster_0	0.9999785767242116
A0A9E3VJK9	181	181	cluster_181	0.9999768801467728
A0A9E3VJS1	0	0	cluster_0	0.9999683167369244
A0A9E3W008	4	4	cluster_4	0.9999794622093912
A0A9E4CCI9	6	6	cluster_6	0.999979408559009
A0A9E4EG41	74	74	cluster_74	0.9999772419388838
A0A9E4I2X5	192	192	cluster_192	0.9997286954224498
A0A9E4KDV9	0	0	cluster_0	0.999977039272032
A0A9E4NVW6	0	0	cluster_0	0.9999692500735596
A0A9E4RTG7	4	4	cluster_4	0.9999832880882785
A0A9E4ZMG3	0	0	cluster_0	0.9999755373933934
A0A9E5DIP8	183	183	cluster_183	0.9999730352200681
A0A9E5VCY2	6	6	cluster_6	0.9999734063926893
A0A9E5VSA6	5	5	cluster_5	0.9999657776934697
A0A9E6DQ47	5	5	cluster_5	0.9999696389801398
A0A9E6MUV3	10	10	cluster_10	0.9996928315921243
A0A9E6R9U7	0	0	cluster_0	0.99997699592767
A0A9E6SU30	4	4	cluster_4	0.999983137117298
A0A9E8LYW5	4	4	cluster_4	0.9999819882015244
A0A9E8RY20	0	0	cluster_0	0.9999801933135277
A0A9J6BR49	181	181	cluster_181	0.9999783343583809
A0A9J6P5S1	0	0	cluster_0	0.9999610868450696
A0A9J6QWE2	10	10	cluster_10	0.9997331641394221
A0A9J7BK00	181	181	cluster_181	0.9999790780237681
A0A9N6YZ80	6	6	cluster_6	0.999964210415468
A0A9N8GUB7	123	123	cluster_123	0.9999142257286391
A0A9N8J8P5	0	0	cluster_0	0.9999791496228699
A0A9N8NZV4	181	181	cluster_181	0.9999793338561833
A0A9N8YNY2	5	5	cluster_5	0.9999643001834412
A0A9N9DJW0	5	5	cluster_5	0.999962696678353
A0A9P1VZ35	48	48	cluster_48	0.9992352830680173
A0A9P1WYH2	177	177	cluster_177	0.9991913305839383
A0A9P2C2B4	97	97	cluster_97	0.9992166495945344
A0A9P2DNG4	114	114	cluster_114	0.9983404589748768
A0A9P2LAS0	5	5	cluster_5	0.9999689627759365
A0A9P3V0E5	74	74	cluster_74	0.9999786926109403
A0A9P3V3G9	88	88	cluster_88	0.9996561737122951
A0A9P4XG97	4	4	cluster_4	0.9999833474879519
A0A9P7BAV5	181	181	cluster_181	0.9999765930294915
A0A9P8Q5T6	181	181	cluster_181	0.9999776962999288
A0A9Q2FEW2	131	131	cluster_131	0.9999002290085313
A0A9Q2KT16	2	2	cluster_2	0.9999606361216492
A0A9Q2NR41	103	103	cluster_103	0.9999524308744041
A0A9Q2QHC5	2	2	cluster_2	0.9999587032703198
A0A9Q6N0R8	2	2	cluster_2	0.9999695650993069
A0A9Q7AGV4	0	0	cluster_0	0.9999807238185834
A0A9Q8Q2J8	2	2	cluster_2	0.9999691252309117
A0A9Q9T0U7	139	139	cluster_139	0.9992631384670466
A0A9R1X2C3	4	4	cluster_4	0.999950124809569
A0A9W4JUS7	4	4	cluster_4	0.9999759249799609
A0A9W4TJK8	0	0	cluster_0	0.9999797455509688
A0A9W4XU38	6	6	cluster_6	0.9999744341502845
A0A9W5QGR6	8	8	cluster_8	0.9999376593593626
A0A9W5Y414	4	4	cluster_4	0.9999831447052611
A0A9W5YCF0	0	0	cluster_0	0.9999781902379158
A0A9W6B1B5	0	0	cluster_0	0.9999768105104994
A0A9W6F060	5	5	cluster_5	0.9999538588841209
A0A9W7TZH0	4	4	cluster_4	0.9999671659634444
A0A9W8E8W3	5	5	cluster_5	0.9999576617195634
A0A9W9L3U6	181	181	cluster_181	0.9999551893154004
A0A9X0PE56	19	19	cluster_19	0.9985746278656502
A0A9X1PAK8	4	4	cluster_4	0.9999824361255999
A0A9X1SUG2	127	127	cluster_127	0.9999734326748787
A0A9X1ZX14	2	2	cluster_2	0.9999697511952546
A0A9X2CP91	181	181	cluster_181	0.9999793439064816
A0A9X2DIS1	0	0	cluster_0	0.9999781140516885
A0A9X2F7E5	0	0	cluster_0	0.999975807751838
A0A9X2LGB0	5	5	cluster_5	0.9999634011680741
A0A9X2S682	175	175	cluster_175	0.9999436983880388
A0A9X2WC44	6	6	cluster_6	0.999979894545247
A0A9X2YE54	0	0	cluster_0	0.9999768468469878
A0A9X3CY75	4	4	cluster_4	0.9999827333049061
A0A9X3H9R2	6	6	cluster_6	0.9999744167726661
A0A9X3JNQ1	0	0	cluster_0	0.9999777097943092
A0A9X3LLE8	4	4	cluster_4	0.999983573671061
A0A9X3XAN5	181	181	cluster_181	0.999980086867267
A0A9X3XNU6	17	17	cluster_17	0.9999083426507681
A0A9X3XR90	17	17	cluster_17	0.9998849886147365
A0A9X3ZJR1	5	5	cluster_5	0.9999699837035181
A0A9X4HFS8	89	89	cluster_89	0.9999805936107603
A0A9X4MYI9	0	0	cluster_0	0.9999760024034323
A0A9X4N167	4	4	cluster_4	0.9999818347066854
A0A9X5Q090	192	192	cluster_192	0.9997164521382486
A0A9X6QP05	188	188	cluster_188	0.9998777864555816
A0A9X7VZV4	0	0	cluster_0	0.9999791594638265
A0A9X8BYB8	5	5	cluster_5	0.9999648444615497
A0A9X8CIH2	0	0	cluster_0	0.9999782510202223
A0A9X8N7T7	197	197	cluster_197	0.9999718248409105
A0A9X9SQH2	0	0	cluster_0	0.9999774322999209
A0AA35JAL0	181	181	cluster_181	0.999969539223986
A0AA35KHU1	181	181	cluster_181	0.9999724898128406
A0AA35NFT7	181	181	cluster_181	0.9999688126624879
A0AA36F2M8	5	5	cluster_5	0.999965927871173
A0AA37FWB1	89	89	cluster_89	0.9999817021287087
A0AA37SBK8	89	89	cluster_89	0.9999819626026305
A0AA37UCZ3	4	4	cluster_4	0.9999833199116103
A0AA37W6K4	208	208	cluster_208	0.999804440899894
A0AA38KRY4	4	4	cluster_4	0.9999816218181401
A0AA38YVA9	0	0	cluster_0	0.9999416736597458
A0AA39HYI2	5	5	cluster_5	0.9999643653594537
A0AA40IUT4	17	17	cluster_17	0.9999154306906104
A0AA41UFG8	74	74	cluster_74	0.9999790261155223
A0AA42DQI2	0	0	cluster_0	0.9999596351347032
A0AA42QD31	72	72	cluster_72	0.9996013385993856
A0AA42QEL6	6	6	cluster_6	0.9999775702508324
A0AA42RSP5	0	0	cluster_0	0.9999731300197202
A0AA43C664	0	0	cluster_0	0.9999786057451897
A0AA43LGA6	6	6	cluster_6	0.9999714243225041
A0AA43S282	0	0	cluster_0	0.9999753390283771
A0AA45G828	197	197	cluster_197	0.9999644153365322
A0AA45HJP7	0	0	cluster_0	0.9999749690926943
A0AA46P342	4	4	cluster_4	0.9999819427988798
A0AA46ST98	5	5	cluster_5	0.9999703910446404
A0AA46TPF8	192	192	cluster_192	0.9997343108922786
A0AA50Q825	5	5	cluster_5	0.9999694849682024
A0AA51R2W0	181	181	cluster_181	0.9999784171436109
A0AA51RTD6	0	0	cluster_0	0.9999672414810944
A0AA51X6P3	4	4	cluster_4	0.9999828828981269
A0AA52APH6	181	181	cluster_181	0.9999770451112459
A0AA82WNY5	66	66	cluster_66	0.9990380668744784
A0AA86ME52	17	17	cluster_17	0.9999043914480776
A0AA86YNB2	2	2	cluster_2	0.9999702064408487
A0AA86YPH7	2	2	cluster_2	0.9999691311792469
A0AA87M211	0	0	cluster_0	0.9999701767648261
A0AA90GU72	0	0	cluster_0	0.9999782239505524
A0AA91J8A6	7	7	cluster_7	0.9999849227414149
A0AA91Z2C9	181	181	cluster_181	0.9999759917685463
A0AA92RCB0	4	4	cluster_4	0.9999832887089108
A0AA92TIH2	0	0	cluster_0	0.999973858998479
A0AA95EXI9	0	0	cluster_0	0.9999713298574355
A0AA95I4D8	4	4	cluster_4	0.999983598391284
A0AA96ELC3	2	2	cluster_2	0.9999616057459394
A0AA96KWY2	181	181	cluster_181	0.9999768137131644
A0AA96PPJ0	5	5	cluster_5	0.9999630786464218
A0AA96URZ5	181	181	cluster_181	0.9999797650157871
A0AA96ZI09	4	4	cluster_4	0.9999831824279419
A0AA97IIQ3	192	192	cluster_192	0.9997509139200732
A0AAC8T7L7	176	176	cluster_176	0.9994777588584164
A0AAC8T7M7	84	84	cluster_84	0.9989548721952191
A0AAC8UDJ9	6	6	cluster_6	0.9999701627912829
A0AAC9GLD3	0	0	cluster_0	0.9999806807445452
A0AAC9LAX5	0	0	cluster_0	0.9999776459418089
A0AAC9QML2	0	0	cluster_0	0.999976864595527
A0AAC9R0Y7	4	4	cluster_4	0.999983038957069
A0AAC9RPE4	10	10	cluster_10	0.9997498127802608
A0AAC9WII3	0	0	cluster_0	0.9999793021213352
A0AAC9Z126	0	0	cluster_0	0.9999779606485597
A0AAD0ADZ1	4	4	cluster_4	0.9999832012723118
A0AAD0EDI1	103	103	cluster_103	0.9999531213091342
A0AAD0J0K4	0	0	cluster_0	0.9999713382164895
A0AAD0SKX9	182	182	cluster_182	0.9999757687019993
A0AAD1A121	74	74	cluster_74	0.999979375118447
A0AAD1F6X1	6	6	cluster_6	0.9999705587572106
A0AAD1M529	4	4	cluster_4	0.999983252978168
A0AAD3UTK0	95	95	cluster_95	0.9994609723400436
A0AAD7AE13	4	4	cluster_4	0.999983059453358
A0AAD7E666	181	181	cluster_181	0.9999704471649052
A0AAD8APD7	2	2	cluster_2	0.9999556002714802
A0AAD8CLL6	181	181	cluster_181	0.9999644500784844
A0AAD8F5S2	5	5	cluster_5	0.9999649377468917
A0AAD8MYX3	4	4	cluster_4	0.9999619045634699
A0AAD9HE78	4	4	cluster_4	0.9999828898496217
A0AAE0RPC3	4	4	cluster_4	0.9999786952932659
A0AAE3DXZ0	6	6	cluster_6	0.9999728402150272
A0AAE3HAE2	0	0	cluster_0	0.9999737160621038
A0AAE3NZ31	0	0	cluster_0	0.9999692550386053
A0AAE3QNU5	181	181	cluster_181	0.9999810016372523
A0AAE4BTH1	5	5	cluster_5	0.999970383986926
A0AAE4LDF5	0	0	cluster_0	0.9999770467368603
A0AAE4UAN4	197	197	cluster_197	0.9999710284404414
A0AAE5WHH6	6	6	cluster_6	0.9999719287246248
A0AAE6JCZ0	5	5	cluster_5	0.9999697897706581
A0AAE6W2C2	6	6	cluster_6	0.9999740495084493
A0AAE6YI19	127	127	cluster_127	0.999967524007368
A0AAE6YJ16	7	7	cluster_7	0.9999801700407528
A0AAE7C2C3	6	6	cluster_6	0.9999700214992936
A0AAE7ELK7	2	2	cluster_2	0.9999643436487926
A0AAE7LII8	2	2	cluster_2	0.9999605424106603
A0AAE8IF68	103	103	cluster_103	0.9999579098441526
A0AAE8IQS6	4	4	cluster_4	0.9999717198971286
A0AAE8QU29	0	0	cluster_0	0.9999774843362518
A0AAE9RTE1	74	74	cluster_74	0.9999787062276302
A0AAF0CW20	187	187	cluster_187	0.9998967288020162
A0AAF0FTA7	183	183	cluster_183	0.9999665559474479
A0AAF0FUT9	183	183	cluster_183	0.9999798848738265
A0AAF0ICY5	4	4	cluster_4	0.9999699615089722
A0AAI8D2Z4	0	0	cluster_0	0.999977265770862
A0AAI8ZLI4	101	101	cluster_101	0.9998479260895194
A0AAI9EP75	3	3	cluster_3	0.9997455534344569
A0AAI9HVL9	182	182	cluster_182	0.9999699588504566
A0AAI9SC44	101	101	cluster_101	0.9997961950942316
A0AAJ0RLY0	0	0	cluster_0	0.9999719208474392
A0AAJ1AZK1	131	131	cluster_131	0.9998909503549149
A0AAJ1FW79	0	0	cluster_0	0.9999714900606893
A0AAJ1JGI0	101	101	cluster_101	0.9998418179184839
A0AAJ1R1L1	0	0	cluster_0	0.9999782122721736
A0AAJ1RI69	0	0	cluster_0	0.9999795941375419
A0AAJ1YBC2	2	2	cluster_2	0.9999657380745376
A0AAJ1YCK3	3	3	cluster_3	0.9997330295085715
A0AAJ2F7M6	8	8	cluster_8	0.9999336582837678
A0AAJ2RZT0	101	101	cluster_101	0.999808544987146
A0AAJ2THW5	10	10	cluster_10	0.9997164379566109
A0AAJ2WGN8	17	17	cluster_17	0.9999012126896841
A0AAJ2ZB36	0	0	cluster_0	0.9999773932631684
A0AAJ3P1Z1	3	3	cluster_3	0.9997517203980798
A0AAJ3TPK4	181	181	cluster_181	0.9999749805599981
A0AAJ4DX36	101	101	cluster_101	0.999829210175964
A0AAJ4KAJ6	3	3	cluster_3	0.9997547398950847
A0AAJ4X8Q8	0	0	cluster_0	0.9999716695213215
A0AAJ6LNT7	159	159	cluster_159	0.9998683357046161
A0AAN0M9X3	0	0	cluster_0	0.9999748827558472
A0AAN1A7M9	5	5	cluster_5	0.9999677094627172
A0AAN1CYE7	181	181	cluster_181	0.9999785493734188
A0AAN1H6A2	95	95	cluster_95	0.9996313364548729
A0AAN1JJ51	0	0	cluster_0	0.9999706242303529
A0AAN1NTG2	2	2	cluster_2	0.9999640834640211
A0AAN3C289	181	181	cluster_181	0.9999778868969427
A0AAN5AJ05	0	0	cluster_0	0.9999802475297078
A0AAN5KR66	0	0	cluster_0	0.9999725550457107
A0AAN5NDH5	17	17	cluster_17	0.9999027182121353
A0AAN5UK26	126	126	cluster_126	0.9991880083326631
A0AAN5WZK4	36	36	cluster_36	0.9980500732997559
A0AAN6AW52	2	2	cluster_2	0.9999601691617261
A0AAN8LZA3	5	5	cluster_5	0.9999582047901039
A0AAP0BT08	0	0	cluster_0	0.9999590582075389
A0AAP2BJY6	77	77	cluster_77	0.9998704775647191
A0AAP2BME2	0	0	cluster_0	0.9999775407426819
A0AAP2RA11	0	0	cluster_0	0.9999743619700118
A0AAP2SH37	6	6	cluster_6	0.9999562361138606
A0AAP4DK51	10	10	cluster_10	0.9997086222562833
A0AAP4EMD2	6	6	cluster_6	0.9999633555890521
A0AAP4JCS4	6	6	cluster_6	0.9999777051267681
A0AAP4RHJ5	7	7	cluster_7	0.9999845146835601
A0AAP6VMR4	6	6	cluster_6	0.9999738730592767
A0AAP9RGG5	131	131	cluster_131	0.9998994428895199
A0AAP9Y5C1	66	66	cluster_66	0.9991232810828529
A0AAQ0KCZ3	6	6	cluster_6	0.9999710324108256
A0AAQ0MGM7	74	74	cluster_74	0.999973108007551
A0AAQ0Q7W5	6	6	cluster_6	0.9999723657149259
A0AAQ0TJJ4	8	8	cluster_8	0.9999264978133797
A0AAQ1G682	107	107	cluster_107	0.9995499403865903
A0AAQ1KFL8	72	72	cluster_72	0.9995663683292931
A0AAQ1KFR0	128	128	cluster_128	0.9989157630986025
A0AAQ3H4E6	3	3	cluster_3	0.9996683190500011
A0AAQ4CWI9	183	183	cluster_183	0.9999798516467424
A0AAQ4PLP4	5	5	cluster_5	0.9999637665185267
A0AAQ6IK80	5	5	cluster_5	0.9999637114635507
A0AAR2IK67	5	5	cluster_5	0.9999666590125948
A0AAT9GPK5	183	183	cluster_183	0.9999779496268049
A0AAT9VZ28	0	0	cluster_0	0.9999794910008101
A0AAT9W775	0	0	cluster_0	0.9999715745227324
A0AAU0KVY8	2	2	cluster_2	0.999965988717584
A0AAU0S806	192	192	cluster_192	0.9997116467436266
A0AAU0WKD6	181	181	cluster_181	0.9999806887399033
A0AAU0ZXY7	0	0	cluster_0	0.9999774447477924
A0AAU1GCR9	181	181	cluster_181	0.9999772185641634
A0AAU1GRA8	0	0	cluster_0	0.9999771770538007
A0AAU1KI85	181	181	cluster_181	0.9999805176686318
A0AAU1PZX2	0	0	cluster_0	0.9999710661115535
A0AAU2DFK6	127	127	cluster_127	0.9999683253947468
A0AAU2EIM3	181	181	cluster_181	0.9999800768401672
A0AAU2F3F1	0	0	cluster_0	0.9999723102564848
A0AAU2MJ33	181	181	cluster_181	0.9999802461180664
A0AAU2NN72	181	181	cluster_181	0.9999767927380908
A0AAU3DKS8	181	181	cluster_181	0.9999799223174967
A0AAU3GLP1	181	181	cluster_181	0.9999799351968715
A0AAU3JUF9	197	197	cluster_197	0.9999594293908429
A0AAU3SVF7	181	181	cluster_181	0.9999799767504961
A0AAU4BLL9	181	181	cluster_181	0.999977270209444
A0AAU4HII4	181	181	cluster_181	0.9999801438717163
A0AAU4V5C9	0	0	cluster_0	0.999977859745021
A0AAU4VTU5	181	181	cluster_181	0.999980467164277
A0AAU4XVA5	181	181	cluster_181	0.9999803599017021
A0AAU5E8T8	181	181	cluster_181	0.9999770426891761
A0AAU5ESA5	0	0	cluster_0	0.9999692072359487
A0AAU5EUW5	181	181	cluster_181	0.9999764228047582
A0AAU5JVS1	5	5	cluster_5	0.999963414714322
A0AAU5NF82	0	0	cluster_0	0.9999778243553176
A0AAU5WZA2	181	181	cluster_181	0.9999794167131701
A0AAU6D8R2	181	181	cluster_181	0.9999749109051024
A0AAU6EL59	181	181	cluster_181	0.9999797834395593
A0AAU6GF40	181	181	cluster_181	0.9999799887011929
A0AAU6GU29	0	0	cluster_0	0.999979045294585
A0AAU6HEX1	181	181	cluster_181	0.9999779533213276
A0AAU6L8K7	181	181	cluster_181	0.9999803773160632
A0AAU6TXZ6	2	2	cluster_2	0.9999679724529335
A0AAU6VQP3	6	6	cluster_6	0.9999806365393001
A0AAU7GGF6	0	0	cluster_0	0.9999746827715948
A0AAU7I4J3	181	181	cluster_181	0.9999778098688791
A0AAU7LAZ3	5	5	cluster_5	0.9999552662654749
A0AAU7R1B2	0	0	cluster_0	0.9999783408818571
A0AAU7R223	0	0	cluster_0	0.9999792799859477
A0AAU7RVU0	0	0	cluster_0	0.9999767540683197
A0AAU7SS95	14	14	cluster_14	0.9999830250266657
A0AAU7VJ15	10	10	cluster_10	0.9997867088693317
A0AAU7Y0U7	0	0	cluster_0	0.9999722322064354
A0AAU8HVN3	10	10	cluster_10	0.9997401009278788
A0AAU8I4K7	0	0	cluster_0	0.9999714364455238
A0AAU9DT09	0	0	cluster_0	0.9999759342549299
A0AAU9SVT8	5	5	cluster_5	0.9999487727421311
A0AAV0VWX5	4	4	cluster_4	0.9999590580505539
A0AAV1KF31	4	4	cluster_4	0.9999800444063851
A0AAV2G6N6	0	0	cluster_0	0.9999397239061707
A0AAV2VPU0	101	101	cluster_101	0.9998115175614593
A0AAV3BIV9	0	0	cluster_0	0.9999790401601825
A0AAV3IX18	0	0	cluster_0	0.9999743925433665
A0AAV4ZPE9	0	0	cluster_0	0.999974877114843
A0AAV5AV60	0	0	cluster_0	0.9999681408853046
A0AAV5QW17	181	181	cluster_181	0.9999542782961283
A0AAV5S0J7	181	181	cluster_181	0.9999761051644109
A0AAV6BRQ8	0	0	cluster_0	0.9999767805604247
A0AAV8QS49	0	0	cluster_0	0.999957606085016
A0AAV8UTI3	5	5	cluster_5	0.9999592167488389
A0AAV8UZW7	0	0	cluster_0	0.9999671520714694
A0AAV9C0R1	0	0	cluster_0	0.9999716270466013
A0AAV9C3B1	0	0	cluster_0	0.9999724706316436
A0AAV9FUN0	0	0	cluster_0	0.9999765894526914
A0AAW0SMP3	5	5	cluster_5	0.9999672320466504
A0AAW0U871	4	4	cluster_4	0.9999715047917999
A0AAW0ZSN8	4	4	cluster_4	0.9999569015420896
A0AAW1Q554	5	5	cluster_5	0.9999642456671591
A0AAW1T4M6	5	5	cluster_5	0.9999623533621038
A0AAW2JBX4	0	0	cluster_0	0.9999481108216712
A0AAW3D7I5	7	7	cluster_7	0.9999825609851829
A0AAW3FA32	134	134	cluster_134	0.9984659510266701
A0AAW3FCK0	2	2	cluster_2	0.9999681571333636
A0AAW3RFC8	131	131	cluster_131	0.9998769043353289
A0AAW3WV32	3	3	cluster_3	0.9996473501361691
A0AAW3WWI7	95	95	cluster_95	0.9996055458823216
A0AAW3YW73	6	6	cluster_6	0.999979044704369
A0AAW3YZY1	8	8	cluster_8	0.9999330334415151
A0AAW4IXP6	17	17	cluster_17	0.9999032480653487
A0AAW4N6A3	6	6	cluster_6	0.9999749435544923
A0AAW4QLL1	187	187	cluster_187	0.9998933986347083
A0AAW4XUU5	74	74	cluster_74	0.9999794773899138
A0AAW5BCY9	4	4	cluster_4	0.9999823043009584
A0AAW5LGI2	182	182	cluster_182	0.9999760585140535
A0AAW5QZC8	17	17	cluster_17	0.9998986265135366
A0AAW6AUT2	181	181	cluster_181	0.9999767263045621
A0AAW6DDJ2	32	32	cluster_32	0.9996387195838806
A0AAW6K7M5	10	10	cluster_10	0.9997617557958715
A0AAW6U388	69	69	cluster_69	0.9998035777304899
A0AAW7EE87	3	3	cluster_3	0.999792448018837
A0AAW7G2M8	101	101	cluster_101	0.9998183703102734
A0AAW7GDT7	165	165	cluster_165	0.9986221802746313
A0AAW7GY26	6	6	cluster_6	0.9999793834246222
A0AAW7PEM4	32	32	cluster_32	0.9996574050667756
A0AAW7PIH1	0	0	cluster_0	0.9999763152331806
A0AAW7SVR4	181	181	cluster_181	0.9999794224475302
A0AAW7T884	2	2	cluster_2	0.9999571261505564
A0AAW7WLA5	6	6	cluster_6	0.9999743525244803
A0AAW7ZZ92	6	6	cluster_6	0.9999803828379055
A0AAW8BSH2	0	0	cluster_0	0.9999766314126943
A0AAW8CT84	6	6	cluster_6	0.9999696733267354
A0AAW8HHJ2	2	2	cluster_2	0.9999641026642532
A0AAW8L198	4	4	cluster_4	0.9999591347570351
A0AAW8Q8K6	182	182	cluster_182	0.9999752786764193
A0AAW8UA00	187	187	cluster_187	0.9998943397616232
A0AAW8WK21	6	6	cluster_6	0.9999685663950163
A0AAW9CC03	123	123	cluster_123	0.9999024386343314
A0AAW9CW87	4	4	cluster_4	0.9999821334327691
A0AAW9JX06	88	88	cluster_88	0.9996784995296538
A0AAW9KIZ7	0	0	cluster_0	0.9999737963403895
A0AAW9QVN3	6	6	cluster_6	0.9999764965414469
A0AAW9XE34	4	4	cluster_4	0.9999786242584952
A0AAX0IT48	187	187	cluster_187	0.999891593645788
A0AAX1EJ01	0	0	cluster_0	0.9999707210277957
A0AAX1RUA1	0	0	cluster_0	0.999979500526455
A0AAX2A2C4	0	0	cluster_0	0.9999736304768386
A0AAX2MEA1	5	5	cluster_5	0.9999558918946132
A0AAX2UHS8	6	6	cluster_6	0.9999653220908558
A0AAX2UPX7	101	101	cluster_101	0.9998112371213885
A0AAX3A9Z5	0	0	cluster_0	0.9999786709786772
A0AAX3EWU0	6	6	cluster_6	0.9999701006878479
A0AAX3S1R7	2	2	cluster_2	0.9999686673140233
A0AAX3ZRQ2	181	181	cluster_181	0.9999799211666908
A0AAX4L0P2	183	183	cluster_183	0.9999777696484728
A0AAX7FLQ9	19	19	cluster_19	0.9983773356817767
A0AAX7TBR6	5	5	cluster_5	0.9999650945839039
A0AB33EL63	181	181	cluster_181	0.9999801226664721
A0AB33FSD9	0	0	cluster_0	0.9999765433599531
A0AB33TXF7	96	96	cluster_96	0.9977264483544448
A0AB33XGU2	4	4	cluster_4	0.999983054200501
A0AB34QHF7	2	2	cluster_2	0.9992116406827949
A0AB35FT36	187	187	cluster_187	0.9997902541263602
A0AB35LCZ0	2	2	cluster_2	0.9999702212176634
A0AB35MH84	0	0	cluster_0	0.9999739499297682
A0AB35RR47	0	0	cluster_0	0.999971049548475
A0AB35S8C6	4	4	cluster_4	0.9999822948153786
A0AB35X8L5	0	0	cluster_0	0.9999777647329766
A0AB36CHX3	6	6	cluster_6	0.9999761220320109
A0AB36S883	131	131	cluster_131	0.999891500298041
A0AB37KGQ3	96	96	cluster_96	0.9986453931046363
A0AB37RLG3	6	6	cluster_6	0.9999703777037959
A0AB37VBV7	2	2	cluster_2	0.9998821436490926
A0AB37ZXC5	8	8	cluster_8	0.9999333493119857
A0AB38BII6	131	131	cluster_131	0.9998920572761246
A0AB38CW28	127	127	cluster_127	0.9999682691963722
A0AB38GFJ6	6	6	cluster_6	0.9999684144496291
A0AB38PYG6	4	4	cluster_4	0.9999814878854147
A0AB39HQ22	181	181	cluster_181	0.9999797461682433
A0AB39J4E2	181	181	cluster_181	0.9999760055558579
A0AB39MJB8	181	181	cluster_181	0.9999795990291392
A0AB39N0P7	197	197	cluster_197	0.9999704753152322
A0AB39TLY6	181	181	cluster_181	0.9999791009108643
A0AB39U8F9	6	6	cluster_6	0.9999760159440596
A0AB39V1A3	131	131	cluster_131	0.9998901013275142
A0AB40CRG4	0	0	cluster_0	0.9999462760340747
A0AB73HCR9	177	177	cluster_177	0.9990522259357218
A0AB73Q1C3	2	2	cluster_2	0.9999697488303269
A0AB74CUX7	131	131	cluster_131	0.9998916955782948
A0AB74D048	182	182	cluster_182	0.9999762321174472
A0AB74F4C6	74	74	cluster_74	0.9999677967942998
A0AB74TTH0	131	131	cluster_131	0.9998911837580291
A0AB74VBP9	0	0	cluster_0	0.9999616936729451
A0ABC9NLY1	3	3	cluster_3	0.9996361427327951
A0ABD1PN27	0	0	cluster_0	0.9999452920910419
A0ABD2WQG3	4	4	cluster_4	0.9999693073136257
A0ABD3ZUX1	162	162	cluster_162	0.999714703036036
A0ABD4A1F3	0	0	cluster_0	0.999978605666955
A0ABD4X3C9	74	74	cluster_74	0.9999706884842213
A0ABD4XGJ8	4	4	cluster_4	0.9999798541641833
A0ABD4ZAH6	183	183	cluster_183	0.9999761687269947
A0ABD4ZAK2	5	5	cluster_5	0.9999587007163963
A0ABD5AYZ6	0	0	cluster_0	0.9999738156680179
A0ABD5DAA6	22	22	cluster_22	0.9999353443316533
A0ABD5H2E0	5	5	cluster_5	0.99996927958293
A0ABD6CM88	0	0	cluster_0	0.9999727235266812
A0ABD6NY22	181	181	cluster_181	0.9999732904547916
A0ABD6P8D8	74	74	cluster_74	0.9999770657300935
A0ABD6PEK0	6	6	cluster_6	0.99997763414907
A0ABD6PRD5	2	2	cluster_2	0.9996442653236881
A0ABD6TBS2	88	88	cluster_88	0.9996789594491972
A0ABD6U7G5	0	0	cluster_0	0.9999788989730263
A0ABD6WX73	6	6	cluster_6	0.9999698322588878
A0ABD7CFK7	17	17	cluster_17	0.9999050616488103
A0ABD7KZQ6	6	6	cluster_6	0.9999772492319107
A0ABD7QR99	181	181	cluster_181	0.9999788562305996
A0ABD7X8Y4	130	130	cluster_130	0.9978849332422147
A0ABD7YG56	2	2	cluster_2	0.9999709308763398
A0ABD7Z3I7	0	0	cluster_0	0.9999749220276246
A0ABD7Z9Q0	5	5	cluster_5	0.9999650627528766
A0ABD7ZVR0	131	131	cluster_131	0.99989101562752
A0ABF7PGA8	55	55	cluster_55	0.9993148845612789
A0ABF7PHK4	55	55	cluster_55	0.9993869287555602
A0ABF7PQ39	8	8	cluster_8	0.9999432405495118
A0ABF7SXL1	150	150	cluster_150	0.9992703405226927
A0AL41	181	181	cluster_181	0.999978600763458
A0B5L4	0	0	cluster_0	0.9999743486949568
A0KJW4	182	182	cluster_182	0.9999767518004364
A0L3E1	208	208	cluster_208	0.9997983161301198
A0LWA8	4	4	cluster_4	0.9999835063603397
A1S0L7	183	183	cluster_183	0.9999658254026781
A1VNQ8	74	74	cluster_74	0.9999784503540122
A1WLS5	192	192	cluster_192	0.9997339878726341
A1ZG40	181	181	cluster_181	0.9999757663099298
A2HEL1	6	6	cluster_6	0.9999668861673536
A3DNT0	183	183	cluster_183	0.9999780746329888
A3IPE4	6	6	cluster_6	0.9999734299240863
A4FZ92	4	4	cluster_4	0.9999686777490802
A4J5B2	0	0	cluster_0	0.9999783460493749
A4P1F7	8	8	cluster_8	0.9999354440966894
A4X3X4	0	0	cluster_0	0.999979385743744
A4XTR1	0	0	cluster_0	0.9999723306034833
A5FZ84	74	74	cluster_74	0.9999761226661604
A6EDU1	0	0	cluster_0	0.9999787593951506
A6G607	5	5	cluster_5	0.9999566756221875
A6N5D8	18	18	cluster_18	0.9982241113389037
A6N5E2	134	134	cluster_134	0.9987880877188569
A6Q943	4	4	cluster_4	0.999982332591247
A6TNV4	10	10	cluster_10	0.9997677538263635
A6WGD1	181	181	cluster_181	0.9999781571461738
A7GFU9	17	17	cluster_17	0.999900985287127
A7HLG2	0	0	cluster_0	0.9999730975824526
A7KZW8	103	103	cluster_103	0.9999552909112778
A7MSY0	6	6	cluster_6	0.9999784149658404
A7TJY9	181	181	cluster_181	0.9999676219034362
A7TS61	4	4	cluster_4	0.999983806421465
A8A9L9	181	181	cluster_181	0.9999514315402194
A8GCN7	2	2	cluster_2	0.999961930514637
A8S0Y3	6	6	cluster_6	0.9999754441426973
A8SMF0	4	4	cluster_4	0.9999816495387049
A8U507	187	187	cluster_187	0.9998931279306666
A9IES9	2	2	cluster_2	0.9999624756238801
A9M4P6	2	2	cluster_2	0.9997178720408378
A9M4V5	101	101	cluster_101	0.9998166818180982
A9QPC2	0	0	cluster_0	0.9999792988505817
AFV3_109	10	10	cluster_10	0.999756180183943
AbiEi	192	192	cluster_192	0.9997418624302622
Acb4	188	188	cluster_188	0.9998508662178401
AcrF3	18	18	cluster_18	0.9987024093044089
AcrIA	151	151	cluster_151	0.9977106542465403
AcrIA1	183	183	cluster_183	0.9999236214553906
AcrIA3	23	23	cluster_23	0.9991206719751682
AcrIB1	131	131	cluster_131	0.9998905886284293
AcrIB2	102	102	cluster_102	0.9992151809958374
AcrIB3	175	175	cluster_175	0.9999531323496652
AcrIB4	27	27	cluster_27	0.9993251911674175
AcrIB5	30	30	cluster_30	0.9990490748553216
AcrIB6	114	114	cluster_114	0.9983404589748768
AcrIB7	79	79	cluster_79	0.9992392357534754
AcrIB8	88	88	cluster_88	0.9996847722744047
AcrIB9	59	59	cluster_59	0.9989612212896795
AcrIC1	52	52	cluster_52	0.9986413146508563
AcrIC10	90	90	cluster_90	0.9993505928309139
AcrIC11	2	2	cluster_2	0.9998374714078782
AcrIC3	82	82	cluster_82	0.9990764059314643
AcrIC4	169	169	cluster_169	0.9987053719919714
AcrIC5	68	68	cluster_68	0.9983955584873421
AcrIC6	72	72	cluster_72	0.9996145618706231
AcrIC7	128	128	cluster_128	0.998966843014157
AcrIC8	174	174	cluster_174	0.9990342650269383
AcrIC9	45	45	cluster_45	0.9991818394106375
AcrID1	9	9	cluster_9	0.9978575087502545
AcrIE1	172	172	cluster_172	0.9991722546670734
AcrIE10	208	208	cluster_208	0.9998341589344084
AcrIE2	205	205	cluster_205	0.9990947034245489
AcrIE3	147	147	cluster_147	0.9983626296635268
AcrIE4	42	42	cluster_42	0.9967851695633232
AcrIE4-IF7	104	104	cluster_104	0.9963427542421085
AcrIE5	70	70	cluster_70	0.999203859698755
AcrIE6	179	179	cluster_179	0.9991204462203455
AcrIE7	113	113	cluster_113	0.9986763304181057
AcrIE8	36	36	cluster_36	0.998281794784555
AcrIE9	140	140	cluster_140	0.9990445950462243
AcrIF1	53	53	cluster_53	0.9992608114163515
AcrIF10	122	122	cluster_122	0.9986237037662011
AcrIF11	107	107	cluster_107	0.9996410155795025
AcrIF12	134	134	cluster_134	0.9987880915366777
AcrIF13	160	160	cluster_160	0.9986924866540127
AcrIF14	124	124	cluster_124	0.9996717409300833
AcrIF15	95	95	cluster_95	0.9996278804000899
AcrIF16	63	63	cluster_63	0.9991923582576565
AcrIF17	38	38	cluster_38	0.9991806869190304
AcrIF18	136	136	cluster_136	0.9985501010146606
AcrIF19	111	111	cluster_111	0.9990072073330805
AcrIF2	206	206	cluster_206	0.9984593651913197
AcrIF20	92	92	cluster_92	0.999148687353434
AcrIF21	56	56	cluster_56	0.9988985311952778
AcrIF22	155	155	cluster_155	0.9988435131580509
AcrIF23	109	109	cluster_109	0.9990400192491442
AcrIF24	66	66	cluster_66	0.9992122889273296
AcrIF25	120	120	cluster_120	0.99954224739805
AcrIF2_IC2	206	206	cluster_206	0.9985045124944899
AcrIF3	18	18	cluster_18	0.9988713267745873
AcrIF4	48	48	cluster_48	0.9991842460175381
AcrIF5	150	150	cluster_150	0.9992703405226927
AcrIF6	106	106	cluster_106	0.9988955858546502
AcrIF7	129	129	cluster_129	0.9969347782647842
AcrIF8	67	67	cluster_67	0.9991833832135726
AcrIF9	55	55	cluster_55	0.9993622742066992
AcrIIA1	177	177	cluster_177	0.9993059881488688
AcrIIA10	171	171	cluster_171	0.9996730596299824
AcrIIA11	69	69	cluster_69	0.9997529595906568
AcrIIA12	125	125	cluster_125	0.9983523432508532
AcrIIA13	19	19	cluster_19	0.9986312821164511
AcrIIA13b	19	19	cluster_19	0.9983773356817767
AcrIIA14	161	161	cluster_161	0.9997679347383018
AcrIIA15	47	47	cluster_47	0.9997763187057833
AcrIIA16	207	207	cluster_207	0.9992087814735635
AcrIIA17	130	130	cluster_130	0.9970974147766648
AcrIIA18	91	91	cluster_91	0.9987553212752558
AcrIIA19	49	49	cluster_49	0.9989340378844609
AcrIIA2	15	15	cluster_15	0.9990701204093714
AcrIIA20	180	180	cluster_180	0.9989963731343756
AcrIIA21	145	145	cluster_145	0.9999547383328737
AcrIIA22	33	33	cluster_33	0.9990752716418944
AcrIIA23	168	168	cluster_168	0.9986806101932051
AcrIIA24	119	119	cluster_119	0.9978737631570951
AcrIIA25	185	185	cluster_185	0.99849341662705
AcrIIA25_2	185	185	cluster_185	0.9988535698773184
AcrIIA26	58	58	cluster_58	0.9958950454384998
AcrIIA27	41	41	cluster_41	0.9992880104110802
AcrIIA28	34	34	cluster_34	0.9989731841745596
AcrIIA29	173	173	cluster_173	0.9996594962841701
AcrIIA2_2	15	15	cluster_15	0.9990260138332002
AcrIIA3	60	60	cluster_60	0.9990640078846614
AcrIIA30	135	135	cluster_135	0.9985664296306566
AcrIIA31	116	116	cluster_116	0.9988543445483175
AcrIIA32	137	137	cluster_137	0.9997076587978043
AcrIIA33	164	164	cluster_164	0.9993525648578618
AcrIIA33_Seq	149	149	cluster_149	0.9986769069165594
AcrIIA34	105	105	cluster_105	0.9987816692977364
AcrIIA4	97	97	cluster_97	0.9992503055553394
AcrIIA5	153	153	cluster_153	0.9986771589967066
AcrIIA6	187	187	cluster_187	0.9998256918297352
AcrIIA7	8	8	cluster_8	0.9999397579918214
AcrIIA8	21	21	cluster_21	0.9997016542824648
AcrIIA9	157	157	cluster_157	0.9996676359258916
AcrIIC1	143	143	cluster_143	0.9987628967151193
AcrIIC2	11	11	cluster_11	0.9985953045928485
AcrIIC3	96	96	cluster_96	0.9986453931046363
AcrIIC4	75	75	cluster_75	0.9929147625443709
AcrIIC4_2	200	200	cluster_200	0.9939742486844609
AcrIIC5	166	166	cluster_166	0.9988282389345953
AcrIIC6	51	51	cluster_51	0.99914362714832
AcrIIC7	99	99	cluster_99	0.9998297323997971
AcrIIC8	167	167	cluster_167	0.9996653540960476
AcrIIC9	187	187	cluster_187	0.9998956982805453
AcrIIIB1	50	50	cluster_50	0.9984798478160815
AcrIIIB2	85	85	cluster_85	0.9988789895184613
AcrIIIB2_2	195	195	cluster_195	0.9996621516352024
AcrIII_1	10	10	cluster_10	0.9997293472073989
AcrVA1	132	132	cluster_132	0.9989813293194595
AcrVA2	84	84	cluster_84	0.9989033795744573
AcrVA3	117	117	cluster_117	0.9988545452534382
AcrVA3_2	204	204	cluster_204	0.9986686260456059
AcrVA4	186	186	cluster_186	0.9994764426444332
AcrVA5	176	176	cluster_176	0.9994777588584164
AcrVIA1_Lse	76	76	cluster_76	0.9958117857431552
AcrVIA1_Lwa	154	154	cluster_154	0.9991443598513116
AcrVIA2	76	76	cluster_76	0.9967861534054392
AcrVIA2_new	148	148	cluster_148	0.9998243565968087
AcrVIA3	20	20	cluster_20	0.9986248005615818
AcrVIA4	80	80	cluster_80	0.9992904371440017
AcrVIA5	158	158	cluster_158	0.9993701423315683
AcrVIA6	62	62	cluster_62	0.9994002732267053
AcrVIA7	44	44	cluster_44	0.9991036022197349
AcrVIB1	65	65	cluster_65	0.9989254577626835
Adfb	190	190	cluster_190	0.9990107288513356
Adfm_1	181	181	cluster_181	0.9999743481802206
Adfm_2	181	181	cluster_181	0.999973218594425
Adfm_3	181	181	cluster_181	0.9999442731798949
Adfm_4	181	181	cluster_181	0.9999708564239775
Adfn_t4	196	196	cluster_196	0.9999853069139788
Apyc1_J14	0	0	cluster_0	0.9999749167104066
Apyc1_apo2	0	0	cluster_0	0.9999702228065072
ArdB_2	2	2	cluster_2	0.9999341225689147
B0K3Z4	0	0	cluster_0	0.9999777739639609
B116	10	10	cluster_10	0.9997567460313257
B1BPP5	17	17	cluster_17	0.9999042007738262
B1BRH0	5	5	cluster_5	0.9999652511044524
B1TGJ5	0	0	cluster_0	0.9999720669314323
B1YAT2	181	181	cluster_181	0.9999678989283418
B3PH38	192	192	cluster_192	0.9997433260143218
B6BPJ7	0	0	cluster_0	0.9999734442739291
B6H2T3	181	181	cluster_181	0.9999570711820226
B6SED9	6	6	cluster_6	0.9999781895154461
B7IDU8	0	0	cluster_0	0.9999747176427878
B7LT90	181	181	cluster_181	0.9999786308665355
B7MXV1	0	0	cluster_0	0.9999746590215342
B8GSH5	10	10	cluster_10	0.9997460154378527
B8HVE5	5	5	cluster_5	0.9999582208667904
B9E5Y5	17	17	cluster_17	0.9999047876395576
B9MKS6	0	0	cluster_0	0.999946443466107
BAB1_1016	0	0	cluster_0	0.9999786525313694
BxaP	202	202	cluster_202	0.9999773990381927
C0EPR3	6	6	cluster_6	0.9999787585812575
C0XQ07	4	4	cluster_4	0.9999827631534285
C2BHM6	74	74	cluster_74	0.9999703059819314
C2JYC7	5	5	cluster_5	0.9999646990354406
C3J8H4	6	6	cluster_6	0.9999717526874009
C3MLM8	181	181	cluster_181	0.9999719721617305
C3MRG2	183	183	cluster_183	0.9999778335295338
C3NMS3	0	0	cluster_0	0.9999743524978516
C4GDV7	5	5	cluster_5	0.999962379419213
C4GE54	12	12	cluster_12	0.999921109890693
C4IFE1	17	17	cluster_17	0.999913012613276
C4XY30	181	181	cluster_181	0.9999714666644102
C5BV22	4	4	cluster_4	0.9999811326670023
C5CBX3	181	181	cluster_181	0.9999767511431591
C5CD92	0	0	cluster_0	0.9999744399405865
C5DBE3	181	181	cluster_181	0.9999691915345473
C5DPK4	181	181	cluster_181	0.9999723424892369
C6BS54	0	0	cluster_0	0.9999780042526835
C6E1F8	196	196	cluster_196	0.9999844803367194
C6I012	10	10	cluster_10	0.999793396582231
C6REY4	4	4	cluster_4	0.999982213179415
C6orf130	181	181	cluster_181	0.9999678097120897
C7DIF0	5	5	cluster_5	0.9999695727640606
C7MWC2	0	0	cluster_0	0.9999779159717682
C7N974	175	175	cluster_175	0.9999498403338488
C8P4G5	4	4	cluster_4	0.9999815637689499
C8P9V9	5	5	cluster_5	0.9999633322066938
C8S330	4	4	cluster_4	0.9999825231070226
C8XGA4	127	127	cluster_127	0.999972720482898
CbTad1	17	17	cluster_17	0.9998696341894621
CbbQO	74	74	cluster_74	0.9999552970507612
D0GLT2	0	0	cluster_0	0.999961168076184
D0I8M6	0	0	cluster_0	0.9999679256409095
D0L9N6	0	0	cluster_0	0.9999781855335026
D0R4I9	0	0	cluster_0	0.9999763204270693
D1PZV3	6	6	cluster_6	0.9999733996489033
D1QM66	0	0	cluster_0	0.9999761134024212
D2PT81	0	0	cluster_0	0.9999785575711951
D2RED5	183	183	cluster_183	0.9999767845269794
D2U875	134	134	cluster_134	0.9984958624837302
D2ZT08	2	2	cluster_2	0.9999597650858394
D3CS69	197	197	cluster_197	0.9999671363008356
D3DJN7	181	181	cluster_181	0.999973846844645
D3HPQ1	0	0	cluster_0	0.9999727765912197
D3I9X6	6	6	cluster_6	0.9999706232311696
D3PZI6	4	4	cluster_4	0.9999830211557268
D4CXS6	181	181	cluster_181	0.9999735421945992
D4GEB4	0	0	cluster_0	0.9999621825907153
D5Q8H4	175	175	cluster_175	0.9999441179365153
D5TZT1	183	183	cluster_183	0.9999789296722003
D6AD11	181	181	cluster_181	0.999978142535106
D6CK63	2	2	cluster_2	0.9999471727914805
D6CK84	2	2	cluster_2	0.9998374714078782
D7BEY3	0	0	cluster_0	0.9999809467068492
D7CIS2	0	0	cluster_0	0.9999785983415878
D7V0Q4	131	131	cluster_131	0.9998954888033369
D8IFH6	4	4	cluster_4	0.9999825737990884
D9SMC3	0	0	cluster_0	0.9999632328763497
D9Z5R4	2	2	cluster_2	0.9999551149427748
Dap1	163	163	cluster_163	0.9986190674547585
Dap2	81	81	cluster_81	0.9987927987557988
DarG	181	181	cluster_181	0.9999684426930197
E0M497	101	101	cluster_101	0.9998330356783255
E0N6C4	11	11	cluster_11	0.9987129464556416
E0PAY1	4	4	cluster_4	0.9999820099127468
E0SP98	183	183	cluster_183	0.9999780409974354
E1GVJ3	4	4	cluster_4	0.9999827933177404
E1IEG3	0	0	cluster_0	0.9999771549783107
E1QRA6	181	181	cluster_181	0.9999676576427974
E1RBN7	0	0	cluster_0	0.9999666273939849
E1THR5	4	4	cluster_4	0.9999830481272424
E3BPY5	182	182	cluster_182	0.9999754140279151
E3EDP1	0	0	cluster_0	0.9999766722889954
E3GB47	0	0	cluster_0	0.9999750033133072
E3ZMW7	15	15	cluster_15	0.9992221321312814
E4L131	6	6	cluster_6	0.9999740042616604
E4NR84	0	0	cluster_0	0.999971877223289
E4Q3Q1	0	0	cluster_0	0.9999663734528198
E4Q4D3	4	4	cluster_4	0.9999816224281974
E4T0C7	0	0	cluster_0	0.9999749705421762
E4T2V2	4	4	cluster_4	0.9999821933703408
E4TDT4	6	6	cluster_6	0.9999699096254997
E5XRX0	197	197	cluster_197	0.9999703469447012
E5YBU0	2	2	cluster_2	0.9999651492951256
E6K2E4	6	6	cluster_6	0.999971774846141
E6KJ32	187	187	cluster_187	0.9998682166867845
E6LZ20	6	6	cluster_6	0.9999764347883743
E6VU55	0	0	cluster_0	0.999978288108492
E6WMN4	192	192	cluster_192	0.9997383231959859
E6YNK2	74	74	cluster_74	0.999977538173897
E7C7Q5	74	74	cluster_74	0.9999766452886587
E8KCP5	6	6	cluster_6	0.9999740045321017
E8LS42	4	4	cluster_4	0.9999821712943402
E8U8K7	0	0	cluster_0	0.9999747317334442
E8V5K6	0	0	cluster_0	0.999976629139495
E9DMF0	6	6	cluster_6	0.9999742639557128
EF2626	5	5	cluster_5	0.9999638799333614
ELAC_like	0	0	cluster_0	0.9999765432822982
F0GY62	5	5	cluster_5	0.9999667244493757
F0NBZ6	183	183	cluster_183	0.9999782121641846
F0NF32	183	183	cluster_183	0.9999749262138852
F0NQC7	0	0	cluster_0	0.9999659386009602
F0SZ01	0	0	cluster_0	0.9999803684130144
F1A0J3	4	4	cluster_4	0.9999817955890647
F1W253	0	0	cluster_0	0.999971623708872
F2F8W9	0	0	cluster_0	0.9999777766690221
F2J1A1	2	2	cluster_2	0.999964266932887
F2JJV9	10	10	cluster_10	0.9997357183006587
F2JNY8	131	131	cluster_131	0.999897413221473
F2JQW1	21	21	cluster_21	0.9997508432450165
F2LW61	0	0	cluster_0	0.9999781951192033
F4GVJ5	196	196	cluster_196	0.9999849631970089
F4HA28	6	6	cluster_6	0.999967536447747
F4PDI7	5	5	cluster_5	0.9999654253277694
F4QG12	2	2	cluster_2	0.9999626291702778
F5L3W1	175	175	cluster_175	0.9999510733313416
F5LCS0	162	162	cluster_162	0.9996889073181989
F7XRG4	0	0	cluster_0	0.9999763607090048
F8CHX3	0	0	cluster_0	0.9999720986994659
F8L508	6	6	cluster_6	0.9999724274947049
F8WVN9	0	0	cluster_0	0.9999706430995842
G0V7Y2	181	181	cluster_181	0.9999761573841386
G0W4Z1	181	181	cluster_181	0.9999715791609488
G0XAE9	74	74	cluster_74	0.9999678359090556
G1VB32	0	0	cluster_0	0.999970453759657
G2EBB7	6	6	cluster_6	0.9999721453811657
G2FGJ4	0	0	cluster_0	0.9999750823773447
G2IQJ8	4	4	cluster_4	0.9999833410984894
G2PZ64	0	0	cluster_0	0.9999665273634694
G2SRV6	4	4	cluster_4	0.999980288143639
G2Z1W1	5	5	cluster_5	0.9999683657423897
G3A9J7	7	7	cluster_7	0.9999846764092483
G3WZY9	181	181	cluster_181	0.999967660624448
G4H7Q6	0	0	cluster_0	0.9999736944302561
G4R899	0	0	cluster_0	0.9999702950953341
G4THL9	181	181	cluster_181	0.9999721449976441
G7LKY7	155	155	cluster_155	0.9988525977989285
G7Z5F2	0	0	cluster_0	0.9999798569374178
G8BNL8	181	181	cluster_181	0.9999662829249034
G8LVT2	0	0	cluster_0	0.999977892904471
G8SAD7	181	181	cluster_181	0.9999781913135218
G8Y3U7	4	4	cluster_4	0.999983111356962
G9C944	6	6	cluster_6	0.9999698474572275
G9ERV3	2	2	cluster_2	0.9999705045210525
G9ESX7	0	0	cluster_0	0.9999747315906894
G9QHB6	175	175	cluster_175	0.9999543752630676
G9ZKW1	4	4	cluster_4	0.9999808327940538
GDAP2	181	181	cluster_181	0.9999038466159165
Gp48	197	197	cluster_197	0.9999720026282652
H0Q061	4	4	cluster_4	0.9999823011701048
H1PYD6	181	181	cluster_181	0.9999788590106262
H1XY25	0	0	cluster_0	0.9999794237950461
H2AWT7	181	181	cluster_181	0.999975586592647
H2C1R3	183	183	cluster_183	0.9999783184050748
H2D731	32	32	cluster_32	0.9996507764944473
H2J4U8	0	0	cluster_0	0.9999756245872823
H5SU10	0	0	cluster_0	0.9999737200787167
H5TF96	192	192	cluster_192	0.9996951395991182
H6LJG0	17	17	cluster_17	0.999901567472973
H6MW96	0	0	cluster_0	0.9999763629637856
H6QBF5	181	181	cluster_181	0.9999642055103625
H8FX63	4	4	cluster_4	0.9999834617053259
H8H2X4	181	181	cluster_181	0.9999799044233599
H8IUK1	4	4	cluster_4	0.9999831192797001
H9F507	181	181	cluster_181	0.9999258025735562
H_NS	209	209	cluster_209	0.9991391659480316
I0A2T8	183	183	cluster_183	0.9999767904911727
I0IDL0	0	0	cluster_0	0.9999776862935652
I0SDX3	145	145	cluster_145	0.999959013828178
I0WHS3	4	4	cluster_4	0.9999828592715205
I2GJU6	0	0	cluster_0	0.9999765450501755
I2H2G6	4	4	cluster_4	0.9999835905887905
I2H8Y3	181	181	cluster_181	0.9999684223781755
I3DXZ8	17	17	cluster_17	0.999905660836083
I3II56	4	4	cluster_4	0.9999822107108323
I3R891	0	0	cluster_0	0.9999749506650051
I3TGM9	143	143	cluster_143	0.9986849020443462
I3X734	0	0	cluster_0	0.9999679559069894
I3XGC4	2	2	cluster_2	0.9999676055042638
I3XSP7	183	183	cluster_183	0.9999740515265869
I4ECN6	0	0	cluster_0	0.9999806595134708
I5AYN0	4	4	cluster_4	0.9999832562978105
I7LJN0	0	0	cluster_0	0.9999767793459462
I7LKY3	175	175	cluster_175	0.9999450360012591
J2N4L2	182	182	cluster_182	0.9999725224541118
J3MYK5	0	0	cluster_0	0.9999349002658715
J4U4H4	181	181	cluster_181	0.9999716328882229
J7LE71	127	127	cluster_127	0.9999743179685157
J7SA85	181	181	cluster_181	0.999977864914848
J8DGG5	0	0	cluster_0	0.999974873985415
J8PR60	181	181	cluster_181	0.9999705659333139
J9R0M4	6	6	cluster_6	0.9999706734637621
J9VXX2	4	4	cluster_4	0.9999819102609478
J9Z1Z2	74	74	cluster_74	0.999977276298769
J9Z874	2	2	cluster_2	0.9999688977773983
JSS1_004	201	201	cluster_201	0.9997345426164088
K0DZK5	2	2	cluster_2	0.9999673172767056
K0XEV7	6	6	cluster_6	0.9999706704899232
K1ZGX1	74	74	cluster_74	0.9999795403533766
K5CDS7	6	6	cluster_6	0.9999719825216405
K5YAM8	6	6	cluster_6	0.9999748513203545
K6CGJ1	0	0	cluster_0	0.9999775348341043
K6U8K7	0	0	cluster_0	0.9999632708659607
K6ZFD8	192	192	cluster_192	0.9995520987709281
K8EET1	187	187	cluster_187	0.9998823009853586
K8P3G1	103	103	cluster_103	0.999957396999793
K8WXV6	192	192	cluster_192	0.9997184591796487
K9E5N2	192	192	cluster_192	0.9997254604030852
K9T8W9	6	6	cluster_6	0.9999776761387199
K9WVY6	6	6	cluster_6	0.9999760982866984
K9ZME4	6	6	cluster_6	0.999976533623447
L0DKZ4	0	0	cluster_0	0.9999794164603442
L0MF84	0	0	cluster_0	0.9999710678968785
L2F6P0	6	6	cluster_6	0.9999660901276076
L7WB38	4	4	cluster_4	0.9999827148803209
L9M8I9	4	4	cluster_4	0.9999833212026751
L9WX20	181	181	cluster_181	0.999970419999433
M0EFF1	0	0	cluster_0	0.9999729394640957
M0J8Y8	0	0	cluster_0	0.9999748476706957
M0PD02	181	181	cluster_181	0.9999758813227424
M1N346	0	0	cluster_0	0.9999645907685192
M1ZUJ6	17	17	cluster_17	0.9999069737848882
M3C3G5	181	181	cluster_181	0.9999797549107237
M3CBW8	181	181	cluster_181	0.9999776264694042
M3ENH3	0	0	cluster_0	0.9999726714926966
M7CY03	72	72	cluster_72	0.999526001953894
M8E239	175	175	cluster_175	0.9999494567820573
M9RMS5	181	181	cluster_181	0.9999774737965762
MBLBt2	0	0	cluster_0	0.9999639501722287
MacroD2	181	181	cluster_181	0.999883575813625
Mcbe1	6	6	cluster_6	0.9999753740547966
N0B3L3	0	0	cluster_0	0.9999773794789526
N4WMM7	131	131	cluster_131	0.9998967047491366
N6UPZ8	4	4	cluster_4	0.999983850576199
N8XGC5	5	5	cluster_5	0.9999676927054797
N9FD96	6	6	cluster_6	0.999977175020078
N9LLF2	0	0	cluster_0	0.9999721061143273
NAMPT_HUMAN_2	5	5	cluster_5	0.999963437663755
NAMPT_XANC	5	5	cluster_5	0.9999690515552183
NSP3	181	181	cluster_181	0.99996719498908
NadM-Nudix	7	7	cluster_7	0.9999838742099758
NadM-Nudix_2	7	7	cluster_7	0.9999823121807815
O32492	202	202	cluster_202	0.9999767376220164
OR342	181	181	cluster_181	0.999970732276866
ORF14_SIFV	9	9	cluster_9	0.9987997548916118
ORF1a	181	181	cluster_181	0.999969007866202
ORF99_AFV1	9	9	cluster_9	0.9980298490080809
P0DW58	17	17	cluster_17	0.9999027485151216
P0DW61	17	17	cluster_17	0.9998983276667162
P1234	181	181	cluster_181	0.9999694480773608
P27504	0	0	cluster_0	0.999970286238068
PAP39	4	4	cluster_4	0.9999606611819446
PAP41	4	4	cluster_4	0.9999583967108274
PQQ	0	0	cluster_0	0.9999748786064071
PhnP	0	0	cluster_0	0.9999757493287877
PhnP_new	0	0	cluster_0	0.9999772892451533
Poa1p	181	181	cluster_181	0.999970220567457
Prps1	4	4	cluster_4	0.9999786599375733
Prs	4	4	cluster_4	0.9999692096143994
Prs_2	4	4	cluster_4	0.9999830571316835
Prs_3	4	4	cluster_4	0.9999820205621984
Prs_like4	4	4	cluster_4	0.9999819641676286
Prs_like5	4	4	cluster_4	0.9999620455831112
Prs_like6	4	4	cluster_4	0.9999440422361351
Q0W2M9	0	0	cluster_0	0.999976549531942
Q11BI1	4	4	cluster_4	0.9999708666662604
Q14558	4	4	cluster_4	0.9999681446138123
Q18AD5	131	131	cluster_131	0.999892466044305
Q1AXL6	4	4	cluster_4	0.9999826071569011
Q1H9Y8	2	2	cluster_2	0.9999659094502422
Q1R0S7	181	181	cluster_181	0.999978331207929
Q1YNI8	0	0	cluster_0	0.9999792739169576
Q21RG5	0	0	cluster_0	0.9999718448103563
Q2B023	0	0	cluster_0	0.9999785831627309
Q2RTP6	0	0	cluster_0	0.9999787387252465
Q2SNP3	0	0	cluster_0	0.9999763909027787
Q46666	182	182	cluster_182	0.9999768792803597
Q4C9L3	6	6	cluster_6	0.9999693276941195
Q5W2N9	183	183	cluster_183	0.9999683669961802
Q5WD89	0	0	cluster_0	0.9999653646285497
Q6FXN3	181	181	cluster_181	0.9999689376862271
Q6YRS0	12	12	cluster_12	0.9999075726102822
Q7BTG7	0	0	cluster_0	0.9999793304040762
Q7V111	4	4	cluster_4	0.9999826662009254
Q81VZ0	4	4	cluster_4	0.9999815351464952
Q82MI4	181	181	cluster_181	0.999979531465954
Q899I8	4	4	cluster_4	0.9999816817379401
Q8A8B0	181	181	cluster_181	0.9999767539128243
Q92B51	177	177	cluster_177	0.9991405526401808
Q92B53	60	60	cluster_60	0.9990053672498096
Q96XL5	183	183	cluster_183	0.9999736037081488
Q97HV8	17	17	cluster_17	0.9999030218307859
Q9HKF7	6	6	cluster_6	0.9999726258288612
Q9HYM9	0	0	cluster_0	0.9999787679299544
Q9L5T8	6	6	cluster_6	0.9999787426988244
R2NVV8	88	88	cluster_88	0.9997128816188179
R2PVR0	187	187	cluster_187	0.9998836855868539
R4VEK2	5	5	cluster_5	0.99996745662849
R4YKB0	5	5	cluster_5	0.9999548149734966
R5PU21	0	0	cluster_0	0.9999675490871206
R6A0U4	6	6	cluster_6	0.9999719400906364
R6WSC2	0	0	cluster_0	0.9999763500405873
R7K5G7	4	4	cluster_4	0.9999831452643769
R7L7N2	0	0	cluster_0	0.9999804291682757
R7LI90	0	0	cluster_0	0.9999796753212228
R7LRF9	175	175	cluster_175	0.999941502351797
R7MJS5	0	0	cluster_0	0.9999788881320393
R9H9A4	6	6	cluster_6	0.999957593088492
R9JFM2	131	131	cluster_131	0.999882527109526
R9JR69	6	6	cluster_6	0.9999722885615457
R9KBL4	131	131	cluster_131	0.9998933001029882
R9KGD5	131	131	cluster_131	0.9999001065194166
R9LM86	0	0	cluster_0	0.9999802965254587
R9T6Q5	175	175	cluster_175	0.9999479088310107
RNaseZ	0	0	cluster_0	0.9999713642119521
RT	182	182	cluster_182	0.9999756127943564
RelB	189	189	cluster_189	0.9997517653817649
Retron_Ec86	182	182	cluster_182	0.9999712892182017
Retron_Eco7	182	182	cluster_182	0.9999766356030357
Rnase_ZS1	0	0	cluster_0	0.9999514871494835
S0FVF5	192	192	cluster_192	0.9997621748253563
S2DHQ3	4	4	cluster_4	0.9999793041171896
S2ZRG0	5	5	cluster_5	0.9999659898548948
S3ZMV0	0	0	cluster_0	0.9999698849796136
S5DP89	5	5	cluster_5	0.9999680402155229
S5M2E5	6	6	cluster_6	0.9999707725304834
S7J1U3	0	0	cluster_0	0.999975058246156
S7VCM6	0	0	cluster_0	0.9999691122391943
SCO6735	181	181	cluster_181	0.9999727763760206
SSB	198	198	cluster_198	0.9985157866100246
SSO0001	183	183	cluster_183	0.999978026527958
SptTad2	8	8	cluster_8	0.9999432405495118
T0G607	0	0	cluster_0	0.9999773827924234
T0MZV7	0	0	cluster_0	0.9999660791029027
T0TYP3	187	187	cluster_187	0.9998441683005679
T0V962	32	32	cluster_32	0.9994829477681054
T0VAQ3	187	187	cluster_187	0.9998654195691564
T0VF20	164	164	cluster_164	0.9993525648578618
T2GCV4	6	6	cluster_6	0.9999761489078219
T4VQ08	17	17	cluster_17	0.9999107794884398
T6c	0	0	cluster_0	0.9999554347777112
TM_1162	0	0	cluster_0	0.9999791643966633
TTHA0132	181	181	cluster_181	0.9999730813925117
U2EH18	175	175	cluster_175	0.9999499718699161
U2GIS6	6	6	cluster_6	0.9999668770377161
U2PCT2	20	20	cluster_20	0.9986857994262495
U2PMB8	20	20	cluster_20	0.998600999200219
U2QH01	131	131	cluster_131	0.9999009550068486
U2RDR1	88	88	cluster_88	0.9997111864221143
U2RPB0	131	131	cluster_131	0.9998943090690283
U2RQ17	131	131	cluster_131	0.9999011546720887
U2USN5	131	131	cluster_131	0.9998981724231457
U2WME6	0	0	cluster_0	0.9999772047833898
U4T8B1	17	17	cluster_17	0.9999036531442388
U6EDJ1	0	0	cluster_0	0.9999781958930669
U6JG90	0	0	cluster_0	0.9999635863953373
U7NZV5	4	4	cluster_4	0.9999825576972542
UPF0173	0	0	cluster_0	0.9999776579473418
V4NBI6	5	5	cluster_5	0.9999693858109978
V4QEG6	74	74	cluster_74	0.9999782079765968
V6Q7C0	187	187	cluster_187	0.9998899142281535
V9TV52	8	8	cluster_8	0.9999345620666045
V9XQ52	181	181	cluster_181	0.9999788364805863
VEEV	181	181	cluster_181	0.999971373147918
W0E700	0	0	cluster_0	0.9999799527064468
W0FV27	2	2	cluster_2	0.9999601090659159
W0TG97	4	4	cluster_4	0.9999836567281309
W1J585	101	101	cluster_101	0.9998185968148289
W1JB07	6	6	cluster_6	0.999979447028852
W1Q4I4	187	187	cluster_187	0.999896434511807
W1XDH8	2	2	cluster_2	0.9999477933174999
W2BYD1	5	5	cluster_5	0.9999651531075207
W2U084	0	0	cluster_0	0.9999797275326574
W2U2M7	4	4	cluster_4	0.9999814460847294
W4DCD3	0	0	cluster_0	0.9999740638429471
W4EUE1	131	131	cluster_131	0.9998979130492807
W4QLD7	17	17	cluster_17	0.9998893235208667
W6S7X8	32	32	cluster_32	0.9996283804669881
W6SKQ6	185	185	cluster_185	0.9988369484554284
W7DGV3	10	10	cluster_10	0.9996964012342959
W7EFV9	4	4	cluster_4	0.9999830496379457
W7IT41	6	6	cluster_6	0.9999764742133699
W7KJM6	10	10	cluster_10	0.9996647820856509
W7KMI1	183	183	cluster_183	0.9999792791163273
W7L5K1	0	0	cluster_0	0.9999785356679143
W7QK02	4	4	cluster_4	0.9999828282358711
W7RGJ2	6	6	cluster_6	0.9999777176017335
W9DQP3	0	0	cluster_0	0.9999722570075245
W9GTC4	0	0	cluster_0	0.9999770249218257
X2GUQ4	3	3	cluster_3	0.9997793614078518
X5ETH5	6	6	cluster_6	0.9999689700133128
X5YDJ9	0	0	cluster_0	0.9999793266122047
X6BRF7	103	103	cluster_103	0.9999538966226661
X6FDL4	0	0	cluster_0	0.9999680825386696
X8K7U9	116	116	cluster_116	0.999044992218907
X8K9K5	32	32	cluster_32	0.9996274487918028
YMDB	181	181	cluster_181	0.9999768017824744
YhfI_2	0	0	cluster_0	0.9999769309164787
ZipD	0	0	cluster_0	0.9999761363655777
abc1	78	78	cluster_78	0.9995739299008825
abc2	57	57	cluster_57	0.9983325546833087
aca1	1	1	cluster_1	0.9996607933999991
aca10	1	1	cluster_1	0.9995995284944967
aca11	73	73	cluster_73	0.9997478678988343
aca12	32	32	cluster_32	0.9996325592626751
aca13	142	142	cluster_142	0.9996847297230081
aca2	3	3	cluster_3	0.9997639513903975
aca2_2	3	3	cluster_3	0.9994552641857155
aca3	1	1	cluster_1	0.9996331051308317
aca4	139	139	cluster_139	0.9983736142379221
aca5	146	146	cluster_146	0.9994395782434377
aca6	1	1	cluster_1	0.9996331535326214
aca7	1	1	cluster_1	0.9996354647862177
aca8	39	39	cluster_39	0.999124244226149
aca9	1	1	cluster_1	0.9996522781644489
acb1	14	14	cluster_14	0.9999839029728435
acb1_2	14	14	cluster_14	0.9999817645581958
acb2	57	57	cluster_57	0.9983083321392002
acrx	61	61	cluster_61	0.9994422303866971
adfa	115	115	cluster_115	0.9991015135151698
adnd_p0020	118	118	cluster_118	0.9999294926687915
adnd_p0021	46	46	cluster_46	0.999335043316928
alt	152	152	cluster_152	0.9992984360264332
apyc1	0	0	cluster_0	0.9999693788641381
arda	12	12	cluster_12	0.9999147542733456
arda_2	12	12	cluster_12	0.999920626342179
ardb	2	2	cluster_2	0.9998933209560473
ardc	103	103	cluster_103	0.9999428373255702
ardk	139	139	cluster_139	0.9994142998852291
ardk_2	184	184	cluster_184	0.9899806075244062
ardr	165	165	cluster_165	0.9987349146063141
ardu	12	12	cluster_12	0.9998735748138627
arn	184	184	cluster_184	0.9924826380188776
atd1	100	100	cluster_100	0.999900803664942
bet	199	199	cluster_199	0.9997353084807642
dam	6	6	cluster_6	0.9999753638800002
dam_3	6	6	cluster_6	0.9999801596099658
danM	6	6	cluster_6	0.9999748951482421
dara	54	54	cluster_54	0.9991435950538452
darb	138	138	cluster_138	0.9996925470452201
ddra	170	170	cluster_170	0.99928180826889
ddrb	178	178	cluster_178	0.9997759441226337
dmd	16	16	cluster_16	0.9986011492657518
dmd_2	16	16	cluster_16	0.9988424062753958
dsad1	37	37	cluster_37	0.9989324478001923
gad1	28	28	cluster_28	0.9987200714353337
gad2	162	162	cluster_162	0.9997332241644002
gam	86	86	cluster_86	0.9989874981788303
gnarl1	98	98	cluster_98	0.9994020033591271
gnarl2	29	29	cluster_29	0.9991862302112847
gnarl3	121	121	cluster_121	0.9992020563769533
gp4	210	210	cluster_210	0.9992620841426701
gp4_5	110	110	cluster_110	0.9993375311524926
gp5_5	211	211	cluster_211	0.9991182391273536
gp5_9	25	25	cluster_25	0.999314951336015
had1	24	24	cluster_24	0.998956096307755
hdf	141	141	cluster_141	0.999408158631634
hia5	6	6	cluster_6	0.9999693541254898
hin1523	6	6	cluster_6	0.9999619227909784
ipi	43	43	cluster_43	0.9984704782358992
ipii	40	40	cluster_40	0.9989452225884812
klca	2	2	cluster_2	0.9999674946055801
klca_2	2	2	cluster_2	0.9999651228472336
lar	87	87	cluster_87	0.9997790487021532
mom	35	35	cluster_35	0.9998799977164895
namat_sp	5	5	cluster_5	0.9999679126252503
narp1_adps	4	4	cluster_4	0.9999446177623081
narp1_namat	5	5	cluster_5	0.999911591167445
narp2_nampt	5	5	cluster_5	0.999967788449683
narp2_nmnat	7	7	cluster_7	0.9999805281744072
nip	71	71	cluster_71	0.9996814599994178
nma1821	6	6	cluster_6	0.9999699048221726
ntase	127	127	cluster_127	0.9999695813665477
ocr	112	112	cluster_112	0.9990366489735122
orba	31	31	cluster_31	0.9992253868471868
orf126	94	94	cluster_94	0.9989529417953483
orf148	133	133	cluster_133	0.9987490515888976
parp14	181	181	cluster_181	0.999928973075666
prsA	4	4	cluster_4	0.9999832352635024
prsA_2	4	4	cluster_4	0.9999800912921533
prs_R32	4	4	cluster_4	0.9999814737545965
psia	77	77	cluster_77	0.9998864121845112
psib	123	123	cluster_123	0.9998879966552366
racc	126	126	cluster_126	0.9993015655036553
rad	22	22	cluster_22	0.9999128432261973
ral	26	26	cluster_26	0.9989080315555174
rep	181	181	cluster_181	0.9999632140689346
rep_bat	181	181	cluster_181	0.9999640537537149
rexb	159	159	cluster_159	0.9998095004693143
samase	93	93	cluster_93	0.9989111206907958
stp	64	64	cluster_64	0.9988865007827302
tRNase	0	0	cluster_0	0.9999740220284544
tRNase_Z	0	0	cluster_0	0.9999302176582027
tad1	17	17	cluster_17	0.9998929516005164
tad1_cm	17	17	cluster_17	0.999888217049459
tad2	8	8	cluster_8	0.9999408600194407
tad2_spo1	8	8	cluster_8	0.999935292846983
tifa	108	108	cluster_108	0.9989541828678289
ugi	13	13	cluster_13	0.9989782978734819
ugi_3	13	13	cluster_13	0.9986776070106483
ulx	101	101	cluster_101	0.99980889098432
vcrx089	74	74	cluster_74	0.9999683124166605
vcrx090	156	156	cluster_156	0.9989246454871267
vcrx091	83	83	cluster_83	0.9984397427834807
vcrx092	144	144	cluster_144	0.9995873356828131
vcrx093	89	89	cluster_89	0.9999807887992561
ydiL	3	3	cluster_3	0.999757200230724
